t,date,version,fit_id,a,c,fallback_reason,rank_ic,pearson_ic,valid_stocks,correct_directions,active_directions,zero_predictions,zero_targets,positive_targets,negative_targets,mse
260,2025-02-05,B0,B0,0.00024481468942462177,0.0,unidentifiable_c,-0.3040695190916104,-0.11322761905401431,98,38,98,0,0,38,60,0.003734748416548433
261,2025-02-06,B0,B0,0.00024481468942462177,0.0,unidentifiable_c,-0.06978048951539377,0.009122481176133495,98,38,98,0,0,38,60,0.002832454789228827
262,2025-02-07,B0,B0,0.00024481468942462177,0.0,unidentifiable_c,-0.07592652806202142,0.10238023314348577,98,33,98,0,0,33,65,0.0020023139772643913
263,2025-02-10,B0,B0,0.00024481468942462177,0.0,unidentifiable_c,-0.2366543618384561,-0.015645955171460835,98,40,98,0,0,40,58,0.0020152123271038967
264,2025-02-11,B0,B0,0.00024481468942462177,0.0,unidentifiable_c,-0.10656746297394308,0.07579583178668857,98,38,98,0,0,38,60,0.002138250892073747
265,2025-02-12,B0,B0,0.00024481468942462177,0.0,unidentifiable_c,0.4036302431000516,0.36263557103104843,98,39,98,0,0,39,59,0.002830900296872366
266,2025-02-13,B0,B0,0.00024481468942462177,0.0,unidentifiable_c,0.5648298682172025,0.49022258588645456,98,39,98,0,0,39,59,0.0040396744936736515
267,2025-02-14,B0,B0,0.00024481468942462177,0.0,unidentifiable_c,0.4788160109404586,0.4453212381908636,97,36,97,0,0,36,61,0.0037629981845175966
268,2025-02-17,B0,B0,0.00024481468942462177,0.0,unidentifiable_c,0.5528876499053229,0.48693018163016366,97,39,97,0,0,39,58,0.00631997706692587
269,2025-02-18,B0,B0,0.00024481468942462177,0.0,unidentifiable_c,0.3483194824321481,0.29294730976951205,97,31,97,0,0,31,66,0.006606355714345855
270,2025-02-19,B0,B0,0.00024481468942462177,0.0,unidentifiable_c,0.15569114243635596,0.2085650343089476,97,33,97,0,0,33,64,0.007198149786020101
271,2025-02-20,B0,B0,0.00024481468942462177,0.0,unidentifiable_c,-0.332053439932674,-0.17694365904494222,97,43,97,0,0,43,54,0.00420566260209757
272,2025-02-21,B0,B0,0.00024481468942462177,0.0,unidentifiable_c,-0.4489401430675362,-0.32803851233596293,97,47,97,0,0,47,50,0.002984170091911224
273,2025-02-24,B0,B0,0.00024481468942462177,0.0,unidentifiable_c,-0.27673311592678307,-0.16030039078339633,97,50,97,0,0,50,47,0.002624104097077326
274,2025-02-25,B0,B0,0.00024481468942462177,0.0,unidentifiable_c,-0.33465705869976853,-0.20218897362697824,97,44,97,0,0,44,53,0.0028938352758384922
275,2025-02-26,B0,B0,0.00024481468942462177,0.0,unidentifiable_c,-0.03404428781822007,0.08200409266381524,97,39,97,0,0,39,58,0.0020540154601889093
276,2025-02-27,B0,B0,0.00024481468942462177,0.0,unidentifiable_c,0.39509257311171886,0.41632340523563577,97,31,97,0,0,31,66,0.0032331674162941917
277,2025-02-28,B0,B0,0.00024481468942462177,0.0,unidentifiable_c,0.3865190406059331,0.45489794892924884,97,34,97,0,0,34,63,0.0030289582648453774
278,2025-03-03,B0,B0,0.0003012358948034905,0.0,unidentifiable_c,0.24927677256469596,0.31438777337446094,97,37,97,0,0,37,60,0.0021943128101153007
279,2025-03-04,B0,B0,0.0003012358948034905,0.0,unidentifiable_c,0.16931411739953714,0.15176392061481128,97,42,97,0,0,42,55,0.0016498789722026676
280,2025-03-05,B0,B0,0.0003012358948034905,0.0,unidentifiable_c,-0.3368530401851462,-0.23985068932072182,97,50,97,0,0,50,47,0.0017503514491650927
281,2025-03-06,B0,B0,0.0003012358948034905,0.0,unidentifiable_c,-0.3557884494003787,-0.29584747618174884,97,50,97,0,0,50,47,0.0014225236233608698
282,2025-03-07,B0,B0,0.0003012358948034905,0.0,unidentifiable_c,-0.4346596886177151,-0.43284029320443135,97,51,97,0,0,51,46,0.0010990168318122597
283,2025-03-10,B0,B0,0.0003012358948034905,0.0,unidentifiable_c,-0.4441405428150641,-0.42439087224602856,97,47,97,0,0,47,50,0.001074629582514092
284,2025-03-11,B0,B0,0.0003012358948034905,0.0,unidentifiable_c,-0.3538817588891226,-0.2742206114967069,97,49,97,0,0,49,48,0.000847738546064403
285,2025-03-12,B0,B0,0.0003012358948034905,0.0,unidentifiable_c,-0.12354039553965915,-0.014463600078648818,97,42,97,0,0,42,55,0.0012938800175292333
286,2025-03-13,B0,B0,0.0003012358948034905,0.0,unidentifiable_c,-0.3244135282979171,-0.2201772974941248,97,47,97,0,0,47,50,0.001425820717478824
287,2025-03-14,B0,B0,0.0003012358948034905,0.0,unidentifiable_c,-0.24671260256679992,-0.24104957013714126,97,49,97,0,0,49,48,0.0014951692184711814
288,2025-03-17,B0,B0,0.0003012358948034905,0.0,unidentifiable_c,-0.26220281927203865,-0.33486798001932383,97,50,97,0,0,50,47,0.001793842772138078
289,2025-03-18,B0,B0,0.0003012358948034905,0.0,unidentifiable_c,-0.40198295813170626,-0.37923922148734174,97,42,97,0,0,42,55,0.001547503064891458
290,2025-03-19,B0,B0,0.0003012358948034905,0.0,unidentifiable_c,-0.2838075952030296,-0.25260507077053757,97,43,97,0,0,43,54,0.0012636251070323966
291,2025-03-20,B0,B0,0.0003012358948034905,0.0,unidentifiable_c,-0.13851777824531872,-0.1582373247116389,97,47,97,0,0,47,50,0.0010869044453684724
292,2025-03-21,B0,B0,0.0003012358948034905,0.0,unidentifiable_c,-0.0471018304228908,-0.01598869157401751,97,39,97,0,0,39,58,0.0012793556134839065
293,2025-03-24,B0,B0,0.0003012358948034905,0.0,unidentifiable_c,-0.027850831054071108,0.01052593420620725,97,45,97,0,0,45,52,0.0009202515733820324
294,2025-03-25,B0,B0,0.0003012358948034905,0.0,unidentifiable_c,-0.0390805806858826,-0.06661313176847984,97,43,97,0,0,43,54,0.0006975080308771161
295,2025-03-26,B0,B0,0.0003012358948034905,0.0,unidentifiable_c,0.09282295392383756,0.11821723231088284,97,56,97,0,0,56,41,0.0010644866564768647
296,2025-03-27,B0,B0,0.0003012358948034905,0.0,unidentifiable_c,0.2998763938565116,0.29620392845283156,97,52,97,0,0,52,45,0.003007557004766013
297,2025-03-28,B0,B0,0.0003012358948034905,0.0,unidentifiable_c,0.2518672417420576,0.23721338388065666,97,48,97,0,0,48,49,0.0053523542936927985
298,2025-03-31,B0,B0,0.0003012358948034905,0.0,unidentifiable_c,0.1376630549126867,0.08150735657068837,97,46,97,0,0,46,51,0.0058462974316624925
299,2025-04-01,B0,B0,0.00025490273713441134,0.0,unidentifiable_c,0.3232169156322322,0.3184755416394837,97,45,97,0,0,45,52,0.004487444466161946
300,2025-04-02,B0,B0,0.00025490273713441134,0.0,unidentifiable_c,0.09651798863875446,0.122863946189602,97,48,97,0,0,48,49,0.0025638418694413833
301,2025-04-03,B0,B0,0.00025490273713441134,0.0,unidentifiable_c,-0.10363191668419945,-0.06858203788787642,97,43,97,0,0,43,54,0.0025151923011948246
302,2025-04-07,B0,B0,0.00025490273713441134,0.0,unidentifiable_c,-0.523541750345874,-0.43685749603028445,98,44,98,0,0,44,54,0.0027120750041517505
303,2025-04-08,B0,B0,0.00025490273713441134,0.0,unidentifiable_c,-0.48655075901025824,-0.35983724946740164,98,39,98,0,0,39,59,0.0017805069331191551
304,2025-04-09,B0,B0,0.00025490273713441134,0.0,unidentifiable_c,-0.17130488559059984,-0.17321793629489826,98,40,98,0,0,40,58,0.002551942769006897
305,2025-04-10,B0,B0,0.00025490273713441134,0.0,unidentifiable_c,0.1705270674342839,0.0009321881340177503,98,54,98,0,0,54,44,0.0014866452232690324
306,2025-04-11,B0,B0,0.00025490273713441134,0.0,unidentifiable_c,-0.14499933056634084,-0.15426623593465186,98,40,98,0,0,40,58,0.0012488569415031678
307,2025-04-14,B0,B0,0.00025490273713441134,0.0,unidentifiable_c,-0.004392759915587603,-0.07585236877925036,98,38,98,0,0,38,60,0.0010330977518615814
308,2025-04-15,B0,B0,0.00025490273713441134,0.0,unidentifiable_c,-0.6127230648585582,-0.4994441740572674,98,41,98,0,0,41,57,0.00138150762132045
309,2025-04-16,B0,B0,0.00025490273713441134,0.0,unidentifiable_c,-0.47467946878845246,-0.3669912269152039,98,46,98,0,0,46,52,0.001356474190799563
310,2025-04-17,B0,B0,0.00025490273713441134,0.0,unidentifiable_c,-0.5462769925214697,-0.3807547501215139,98,46,98,0,0,46,52,0.0014371957735139901
311,2025-04-18,B0,B0,0.00025490273713441134,0.0,unidentifiable_c,-0.09363783001485504,-0.11446720534785902,98,48,98,0,0,48,50,0.0012990532202203386
312,2025-04-21,B0,B0,0.00025490273713441134,0.0,unidentifiable_c,-0.28033968976531565,-0.16832494210152849,98,42,98,0,0,42,56,0.0015625252433943962
313,2025-04-22,B0,B0,0.00025490273713441134,0.0,unidentifiable_c,-0.1754489987185127,-0.1363123711222143,98,46,98,0,0,46,52,0.0012744118676301516
314,2025-04-23,B0,B0,0.00025490273713441134,0.0,unidentifiable_c,-0.34636497523095455,-0.2694993859150435,98,42,98,0,0,42,56,0.0016339432356649328
315,2025-04-24,B0,B0,0.00025490273713441134,0.0,unidentifiable_c,-0.2389878163074039,-0.15180162803255967,98,43,98,0,0,43,55,0.001280819979436704
316,2025-04-25,B0,B0,0.00025490273713441134,0.0,unidentifiable_c,-0.42459307996863216,-0.2843926907073406,98,47,98,0,0,47,51,0.0011955161880284452
317,2025-04-28,B0,B0,0.00025490273713441134,0.0,unidentifiable_c,-0.32435654674240827,-0.2347794822626493,98,51,98,0,0,51,47,0.0008632196156899899
318,2025-04-29,B0,B0,0.00025490273713441134,0.0,unidentifiable_c,-0.1972024048607259,-0.11036405720307026,98,45,98,0,0,45,53,0.0016683376105182254
319,2025-04-30,B0,B0,0.00025490273713441134,0.0,unidentifiable_c,-0.20345045234588677,-0.24063096520424848,98,41,98,0,0,41,57,0.0013923680561523575
320,2025-05-06,B0,B0,-7.721913213872369e-05,0.0,unidentifiable_c,-0.31874605512308013,-0.2993914259404299,98,58,98,0,0,40,58,0.0015997090046592916
321,2025-05-07,B0,B0,-7.721913213872369e-05,0.0,unidentifiable_c,-0.04652245152981529,-0.09885292948312796,98,53,98,0,0,45,53,0.0023119643252621142
322,2025-05-08,B0,B0,-7.721913213872369e-05,0.0,unidentifiable_c,-0.13958010570676252,-0.03964087576786234,98,57,98,0,0,41,57,0.0032018999947076663
323,2025-05-09,B0,B0,-7.721913213872369e-05,0.0,unidentifiable_c,-0.30274340289067825,-0.09493751094254603,98,56,98,0,0,42,56,0.00500849151758517
324,2025-05-12,B0,B0,-7.721913213872369e-05,0.0,unidentifiable_c,-0.07843849817340243,-0.1271369172562839,98,51,98,0,0,47,51,0.002115323005994093
325,2025-05-13,B0,B0,-7.721913213872369e-05,0.0,unidentifiable_c,-0.07430713616280626,-0.09805250743675671,98,48,98,0,0,50,48,0.0014014383377035265
326,2025-05-14,B0,B0,-7.721913213872369e-05,0.0,unidentifiable_c,0.08088671269820015,0.031415528307416965,98,50,98,0,0,48,50,0.0008111587680914239
327,2025-05-15,B0,B0,-7.721913213872369e-05,0.0,unidentifiable_c,0.14562413531485693,0.06562562336466198,98,48,98,0,0,50,48,0.00106406923696273
328,2025-05-16,B0,B0,-7.721913213872369e-05,0.0,unidentifiable_c,-0.06205331242150093,-0.08733834206883205,98,48,98,0,0,50,48,0.0012873252568591494
329,2025-05-19,B0,B0,-7.721913213872369e-05,0.0,unidentifiable_c,-0.12751754872520704,-0.15405797652359213,98,51,98,0,0,47,51,0.000951494559147611
330,2025-05-20,B0,B0,-7.721913213872369e-05,0.0,unidentifiable_c,-0.14299740514762604,-0.132266415188429,98,47,98,0,0,51,47,0.0007380976586878956
331,2025-05-21,B0,B0,-7.721913213872369e-05,0.0,unidentifiable_c,-0.2065999783231005,-0.15574271367655726,98,48,98,0,0,50,48,0.0005421739321623513
332,2025-05-22,B0,B0,-7.721913213872369e-05,0.0,unidentifiable_c,-0.03797920292765653,-0.048084925030506986,98,47,98,0,0,51,47,0.000864895673427955
333,2025-05-23,B0,B0,-7.721913213872369e-05,0.0,unidentifiable_c,0.018367984494641342,0.03614948241343566,98,52,98,0,0,46,52,0.0010186402139796774
334,2025-05-26,B0,B0,-7.721913213872369e-05,0.0,unidentifiable_c,-0.11928032693864797,-0.0947960170603963,98,51,98,0,0,47,51,0.0006976832810770398
335,2025-05-27,B0,B0,-7.721913213872369e-05,0.0,unidentifiable_c,-0.24898469228366132,-0.2111615135592217,98,50,98,0,0,48,50,0.0012967503977721
336,2025-05-28,B0,B0,-7.721913213872369e-05,0.0,unidentifiable_c,-0.25562802440563853,-0.20676287239817204,98,55,98,0,0,43,55,0.001000644062137285
337,2025-05-29,B0,B0,-7.721913213872369e-05,0.0,unidentifiable_c,-0.1982990009499582,-0.17143456707850827,98,55,98,0,0,43,55,0.001451783127299796
338,2025-05-30,B0,B0,-7.721913213872369e-05,0.0,unidentifiable_c,-0.2554367576458887,-0.21820445113873205,98,58,98,0,0,40,58,0.0010850865526798022
339,2025-06-03,B0,B0,-7.606142728535395e-05,0.0,unidentifiable_c,-0.09586927554526964,-0.09323621679529613,98,58,98,0,0,40,58,0.0008599417902153258
340,2025-06-04,B0,B0,-7.606142728535395e-05,0.0,unidentifiable_c,0.27535400289450357,0.1880170838486651,98,52,98,0,0,46,52,0.0009124120724676771
341,2025-06-05,B0,B0,-7.606142728535395e-05,0.0,unidentifiable_c,0.3278376017698551,0.2649571474972972,98,53,98,0,0,45,53,0.0012457300741545228
342,2025-06-06,B0,B0,-7.606142728535395e-05,0.0,unidentifiable_c,0.35430892131923053,0.34775488246882336,98,55,98,0,0,43,55,0.0011739137970308907
343,2025-06-09,B0,B0,-7.606142728535395e-05,0.0,unidentifiable_c,0.12638269928402474,0.10846796668830462,98,59,98,0,0,39,59,0.0012211617344039547
344,2025-06-10,B0,B0,-7.606142728535395e-05,0.0,unidentifiable_c,-0.05794745264553806,-0.04599328701563735,98,62,98,0,0,36,62,0.0013296909623169734
345,2025-06-11,B0,B0,-7.606142728535395e-05,0.0,unidentifiable_c,-0.10746004118610891,-0.07102718329161423,98,60,98,0,0,38,60,0.0012527745098896868
346,2025-06-12,B0,B0,-7.606142728535395e-05,0.0,unidentifiable_c,0.028862154046248298,0.009171149901110525,98,56,98,0,0,42,56,0.0011288737156822611
347,2025-06-13,B0,B0,-7.606142728535395e-05,0.0,unidentifiable_c,-0.024641534214435535,-0.004823042542695569,98,57,98,0,0,41,57,0.00123782034636518
348,2025-06-16,B0,B0,-7.606142728535395e-05,0.0,unidentifiable_c,-0.26468131770046344,-0.2891180789671552,98,57,98,0,0,41,57,0.0008286787833275919
349,2025-06-17,B0,B0,-7.606142728535395e-05,0.0,unidentifiable_c,-0.2574641852992368,-0.22561657905128488,98,58,98,0,0,40,58,0.0007829807461835939
350,2025-06-18,B0,B0,-7.606142728535395e-05,0.0,unidentifiable_c,-0.25561527328832184,-0.17313557768921894,98,53,98,0,0,45,53,0.0012398912208724674
351,2025-06-19,B0,B0,-7.606142728535395e-05,0.0,unidentifiable_c,-0.04603790907178241,-0.05370544440186911,98,54,98,0,0,44,54,0.0016589412177234171
352,2025-06-20,B0,B0,-7.606142728535395e-05,0.0,unidentifiable_c,-0.08953197023889217,-0.11070235274617847,98,52,98,0,0,46,52,0.0016639773440359077
353,2025-06-23,B0,B0,-7.606142728535395e-05,0.0,unidentifiable_c,0.19252274480551354,0.20120413719354738,98,62,98,0,0,36,62,0.0017941049174036155
354,2025-06-24,B0,B0,-7.606142728535395e-05,0.0,unidentifiable_c,0.15877053726832813,0.1570993427107765,98,58,98,0,0,40,58,0.0012632327922282686
355,2025-06-25,B0,B0,-7.606142728535395e-05,0.0,unidentifiable_c,0.18971749899584947,0.204977813008802,98,52,98,0,0,46,52,0.0012881495730652482
356,2025-06-26,B0,B0,-7.606142728535395e-05,0.0,unidentifiable_c,-0.04814184342903047,0.019095073738785176,98,53,98,0,0,45,53,0.0009946346589017878
357,2025-06-27,B0,B0,-7.606142728535395e-05,0.0,unidentifiable_c,-0.13490044565155018,-0.09292642631632465,98,55,98,0,0,43,55,0.0013857616465488985
358,2025-06-30,B0,B0,-7.606142728535395e-05,0.0,unidentifiable_c,-0.10638894733150991,-0.037356270865314865,98,56,98,0,0,42,56,0.0013356763114024284
359,2025-07-01,B0,B0,-6.212691946105443e-05,0.0,unidentifiable_c,-0.07885928504485204,0.03231688274568122,98,57,98,0,0,41,57,0.0014760995073845337
360,2025-07-02,B0,B0,-6.212691946105443e-05,0.0,unidentifiable_c,-0.17839450681865995,-0.13055821735313958,98,55,98,0,0,43,55,0.0009098242298555396
361,2025-07-03,B0,B0,-6.212691946105443e-05,0.0,unidentifiable_c,0.11156590096207178,0.10580271222935202,98,49,98,0,0,49,49,0.0008058571768848232
362,2025-07-04,B0,B0,-6.212691946105443e-05,0.0,unidentifiable_c,0.0532167881210591,0.042142534789046074,98,47,98,0,0,51,47,0.0007432346111580034
363,2025-07-07,B0,B0,-6.212691946105443e-05,0.0,unidentifiable_c,-0.09941408615929971,-0.1645599584981731,98,51,98,0,0,47,51,0.0006860948751069212
364,2025-07-08,B0,B0,-6.212691946105443e-05,0.0,unidentifiable_c,-0.08200881102206581,-0.16092106476496915,98,51,98,0,0,47,51,0.0007552984171227299
365,2025-07-09,B0,B0,-6.212691946105443e-05,0.0,unidentifiable_c,0.13092209704875388,0.07335268503037164,98,53,98,0,0,45,53,0.0009604996230970862
366,2025-07-10,B0,B0,-6.212691946105443e-05,0.0,unidentifiable_c,-0.12777257107154014,-0.05267298264351776,98,60,98,0,0,38,60,0.0009149387159440603
367,2025-07-11,B0,B0,-6.212691946105443e-05,0.0,unidentifiable_c,0.029831238962314065,0.017544975048365736,98,55,98,0,0,43,55,0.0011114432743711963
368,2025-07-14,B0,B0,-6.212691946105443e-05,0.0,unidentifiable_c,-0.002492843435406027,0.09231874233521126,98,67,98,0,0,31,67,0.0030100669070938523
369,2025-07-15,B0,B0,-6.212691946105443e-05,0.0,unidentifiable_c,-0.04886865711607979,-0.033015282153914124,98,64,98,0,0,34,64,0.003965316629896743
370,2025-07-16,B0,B0,-6.212691946105443e-05,0.0,unidentifiable_c,-0.043908472479901046,-0.02110313517295329,98,70,98,0,0,28,70,0.006480799036527906
371,2025-07-17,B0,B0,-6.212691946105443e-05,0.0,unidentifiable_c,-0.13433939648961737,-0.08337035052986785,98,66,98,0,0,32,66,0.004345820964906264
372,2025-07-18,B0,B0,-6.212691946105443e-05,0.0,unidentifiable_c,0.14621068671142307,0.06994028004974694,98,69,98,0,0,29,69,0.003678965191252507
373,2025-07-21,B0,B0,-6.212691946105443e-05,0.0,unidentifiable_c,0.0898379970544919,0.05001802351942046,98,62,98,0,0,36,62,0.005299789967305089
374,2025-07-22,B0,B0,-6.212691946105443e-05,0.0,unidentifiable_c,-0.09687661381328537,0.06869613110664227,98,68,98,0,0,30,68,0.005698897463168645
375,2025-07-23,B0,B0,-6.212691946105443e-05,0.0,unidentifiable_c,-0.24814311854076207,0.023995016400927913,98,68,98,0,0,30,68,0.009856504020675037
376,2025-07-24,B0,B0,-6.212691946105443e-05,0.0,unidentifiable_c,-0.06139025432103487,0.13355012027622606,98,69,98,0,0,29,69,0.005272628521347234
377,2025-07-25,B0,B0,-6.212691946105443e-05,0.0,unidentifiable_c,-0.08963397917742542,0.14385317528484598,98,74,98,0,0,24,74,0.008831393811105407
378,2025-07-28,B0,B0,-6.212691946105443e-05,0.0,unidentifiable_c,-0.21546200485817565,0.07652150264534884,98,59,98,0,0,39,59,0.0032072345358716116
379,2025-07-29,B0,B0,-6.212691946105443e-05,0.0,unidentifiable_c,-0.07759692443050321,0.06955586374841541,98,64,98,0,0,34,64,0.002142210979467275
380,2025-07-30,B0,B0,-6.212691946105443e-05,0.0,unidentifiable_c,-0.1662299408985712,-0.009526437224796408,98,61,98,0,0,37,61,0.001480051561749645
381,2025-07-31,B0,B0,-6.212691946105443e-05,0.0,unidentifiable_c,0.012642732819463303,0.20443982760923776,98,67,98,0,0,31,67,0.002360983353555362
382,2025-08-01,B0,B0,-5.567927722547224e-06,0.0,unidentifiable_c,0.07276425096749102,0.25662962838247766,98,66,98,0,0,32,66,0.0018895981319588411
383,2025-08-04,B0,B0,-5.567927722547224e-06,0.0,unidentifiable_c,0.09124061995932392,0.30438296710796,98,66,98,0,0,32,66,0.003711488217696584
384,2025-08-05,B0,B0,-5.567927722547224e-06,0.0,unidentifiable_c,-0.01067552902875746,0.3134043619735711,96,63,96,0,0,33,63,0.004537938386420363
385,2025-08-06,B0,B0,-5.567927722547224e-06,0.0,unidentifiable_c,-0.10577862181226261,0.19803094059492815,96,62,96,0,0,34,62,0.0044406772501686415
386,2025-08-07,B0,B0,-5.567927722547224e-06,0.0,unidentifiable_c,0.10421866521975041,0.2431965223444877,96,57,96,0,0,39,57,0.004185335148005969
387,2025-08-08,B0,B0,-5.567927722547224e-06,0.0,unidentifiable_c,-0.10480195333695061,0.15347967328084666,96,56,96,0,0,40,56,0.004029994773680362
388,2025-08-11,B0,B0,-5.567927722547224e-06,0.0,unidentifiable_c,0.09728703201302223,0.2260196335706711,96,59,96,0,0,37,59,0.002920708238440308
389,2025-08-12,B0,B0,-5.567927722547224e-06,0.0,unidentifiable_c,0.09553716766142159,0.14473972150072512,96,57,96,0,0,39,57,0.00341070201003976
390,2025-08-13,B0,B0,-5.567927722547224e-06,0.0,unidentifiable_c,0.10008138903960934,-0.01642563150899421,96,57,96,0,0,39,57,0.0035423154164784965
391,2025-08-14,B0,B0,-5.567927722547224e-06,0.0,unidentifiable_c,-0.011652197504069452,0.05381476704223793,96,57,96,0,0,39,57,0.0057413305258868326
392,2025-08-15,B0,B0,-5.567927722547224e-06,0.0,unidentifiable_c,0.012384698860553444,0.12936653263267886,96,60,96,0,0,36,60,0.005218569765423148
393,2025-08-18,B0,B0,-5.567927722547224e-06,0.0,unidentifiable_c,0.0551953336950624,0.06867595675726164,96,60,96,0,0,36,60,0.004506460130594524
394,2025-08-19,B0,B0,-5.567927722547224e-06,0.0,unidentifiable_c,0.12510851871947912,0.15298086999747978,96,61,96,0,0,35,61,0.003961311913949076
395,2025-08-20,B0,B0,-5.567927722547224e-06,0.0,unidentifiable_c,0.4782148670645686,0.41193881421226963,96,59,96,0,0,37,59,0.007736281295860156
396,2025-08-21,B0,B0,-5.567927722547224e-06,0.0,unidentifiable_c,0.24980674059892352,0.2875714694923946,94,59,94,0,0,35,59,0.003537294799420162
397,2025-08-22,B0,B0,-5.567927722547224e-06,0.0,unidentifiable_c,0.4476142162275073,0.4505994829576122,93,53,93,0,0,40,53,0.0033824768810982973
398,2025-08-25,B0,B0,-5.567927722547224e-06,0.0,unidentifiable_c,0.15454626838948402,0.2624058837302554,93,62,93,0,0,31,62,0.0028760001685010188
399,2025-08-26,B0,B0,-5.567927722547224e-06,0.0,unidentifiable_c,0.02646892065291993,0.1214248894690454,93,63,93,0,0,30,63,0.003933222307041009
400,2025-08-27,B0,B0,-5.567927722547224e-06,0.0,unidentifiable_c,-0.41716152905016257,-0.2696497902987749,93,45,93,0,0,48,45,0.005169880829177952
401,2025-08-28,B0,B0,-5.567927722547224e-06,0.0,unidentifiable_c,-0.2427113485124287,-0.04905762391906992,93,46,93,0,0,47,46,0.0058161170913254975
402,2025-08-29,B0,B0,-5.567927722547224e-06,0.0,unidentifiable_c,-0.3480349735907612,-0.06769239231780035,93,45,93,0,0,48,45,0.0071150310611314905
403,2025-09-01,B0,B0,6.02503127123705e-05,0.0,unidentifiable_c,-0.24993285786756583,0.00011913574445887292,93,42,93,0,0,42,51,0.006225883661872797
404,2025-09-02,B0,B0,6.02503127123705e-05,0.0,unidentifiable_c,-0.10202620035212316,0.007065363897531922,93,38,93,0,0,38,55,0.0030433499956938745
405,2025-09-03,B0,B0,6.02503127123705e-05,0.0,unidentifiable_c,0.6200799737399658,0.4551766704530386,93,34,93,0,0,34,59,0.005880325612215391
406,2025-09-04,B0,B0,6.02503127123705e-05,0.0,unidentifiable_c,0.2981409089552684,0.22963020769520892,93,27,93,0,0,27,66,0.007502688388069445
407,2025-09-05,B0,B0,6.02503127123705e-05,0.0,unidentifiable_c,0.4217271940556831,0.4132347965906986,93,21,93,0,0,21,72,0.00514769140570995
408,2025-09-08,B0,B0,6.02503127123705e-05,0.0,unidentifiable_c,0.5401808361433558,0.42215090054658566,93,32,93,0,0,32,61,0.0070645859439432525
409,2025-09-09,B0,B0,6.02503127123705e-05,0.0,unidentifiable_c,0.5466861627525289,0.36720104818851385,93,29,93,0,0,29,64,0.006497647873144732
410,2025-09-10,B0,B0,6.02503127123705e-05,0.0,unidentifiable_c,0.4528065411357464,0.37376129894319965,93,26,93,0,0,26,67,0.0039038395974140354
411,2025-09-11,B0,B0,6.02503127123705e-05,0.0,unidentifiable_c,0.20670824505386287,0.22734944571412796,93,35,93,0,0,35,58,0.0032787633994216104
412,2025-09-12,B0,B0,6.02503127123705e-05,0.0,unidentifiable_c,0.4299334546865208,0.4735522758481851,93,32,93,0,0,32,61,0.0049749894086120955
413,2025-09-15,B0,B0,6.02503127123705e-05,0.0,unidentifiable_c,0.39656829100892244,0.433604405647575,94,29,94,0,0,29,65,0.006261065887922719
414,2025-09-16,B0,B0,6.02503127123705e-05,0.0,unidentifiable_c,0.47244157063902037,0.522638269639194,94,35,94,0,0,35,59,0.008548646626877763
415,2025-09-17,B0,B0,6.02503127123705e-05,0.0,unidentifiable_c,0.5371221389991345,0.5490616430819111,93,35,93,0,0,35,58,0.007453234336244587
416,2025-09-18,B0,B0,6.02503127123705e-05,0.0,unidentifiable_c,0.4756348661633493,0.45547022652023494,93,32,93,0,0,32,61,0.006906782413518852
417,2025-09-19,B0,B0,6.02503127123705e-05,0.0,unidentifiable_c,0.3130315418817701,0.4040809880583477,93,35,93,0,0,35,58,0.005331707489567812
418,2025-09-22,B0,B0,6.02503127123705e-05,0.0,unidentifiable_c,0.5068783384560293,0.5176360046424091,93,41,93,0,0,41,52,0.0069165041067030366
419,2025-09-23,B0,B0,6.02503127123705e-05,0.0,unidentifiable_c,0.3274971872447328,0.36455683016419105,92,34,92,0,0,34,58,0.006035454014358196
420,2025-09-24,B0,B0,6.02503127123705e-05,0.0,unidentifiable_c,0.07095849452090686,0.2667793387983887,92,42,92,0,0,42,50,0.004726734256176957
421,2025-09-25,B0,B0,6.02503127123705e-05,0.0,unidentifiable_c,0.21683645947320562,0.3704736475026601,92,37,92,0,0,37,55,0.00603935760095232
422,2025-09-26,B0,B0,6.02503127123705e-05,0.0,unidentifiable_c,-0.09843872817224852,-0.06401337522173478,92,50,92,0,0,50,42,0.004130379352158961
423,2025-09-29,B0,B0,6.02503127123705e-05,0.0,unidentifiable_c,-0.3740116825670823,-0.3535943504437844,92,49,92,0,0,49,43,0.003148207502205136
424,2025-09-30,B0,B0,6.02503127123705e-05,0.0,unidentifiable_c,-0.3888126286890871,-0.3075709855196108,93,47,93,0,0,47,46,0.003772730909263819
425,2025-10-09,B0,B0,0.0009079768276019429,0.007985270442574523,,-0.4405717525588612,-0.36638053326782755,93,32,93,0,0,46,47,0.0029392543843022863
426,2025-10-10,B0,B0,0.0009079768276019429,0.007985270442574523,,-0.48175226045179187,-0.4120760536052355,93,34,93,0,0,51,42,0.003738025668303207
427,2025-10-13,B0,B0,0.0009079768276019429,0.007985270442574523,,-0.1749127152278356,0.020915801040059193,93,58,93,0,0,30,63,0.0030212137722547
428,2025-10-14,B0,B0,0.0009079768276019429,0.007985270442574523,,-0.2644149839251526,-0.1020657144310633,94,46,94,0,0,38,56,0.0025316159746714677
429,2025-10-15,B0,B0,0.0009079768276019429,0.007985270442574523,,-0.4225047863309612,-0.36857638217912275,94,35,94,0,0,46,48,0.002157437602142141
430,2025-10-16,B0,B0,0.0009079768276019429,0.007985270442574523,,0.4987103998844055,0.46244735954489974,94,72,94,0,0,34,60,0.003920733155664976
431,2025-10-17,B0,B0,0.0009079768276019429,0.007985270442574523,,0.25991041433370665,0.44879864033331235,95,69,95,0,0,30,65,0.0075456390313805135
432,2025-10-20,B0,B0,0.0009079768276019429,0.007985270442574523,,0.10755879059350504,0.2998433837086383,95,58,95,0,0,34,61,0.004248470108796117
433,2025-10-21,B0,B0,0.0009079768276019429,0.007985270442574523,,0.31531354983202686,0.446645226517848,95,65,95,0,0,34,61,0.006813610764999161
434,2025-10-22,B0,B0,0.0009079768276019429,0.007985270442574523,,0.2610442329227324,0.3703230074095707,95,66,95,0,0,30,65,0.006697897384408322
435,2025-10-23,B0,B0,0.0009079768276019429,0.007985270442574523,,-0.015215565509518476,0.0003589903479647688,95,49,95,0,0,41,54,0.0034820341565792567
436,2025-10-24,B0,B0,0.0009079768276019429,0.007985270442574523,,-0.11187010078387458,-0.04421080999803386,95,48,95,0,0,40,55,0.0036342312573729076
437,2025-10-27,B0,B0,0.0009079768276019429,0.007985270442574523,,-0.15261758118701008,-0.10103698754643758,95,41,95,0,0,52,43,0.0025937439687547283
438,2025-10-28,B0,B0,0.0009079768276019429,0.007985270442574523,,-0.005809070548712206,-0.008580574811474371,95,38,95,0,0,49,46,0.0030012072083992923
439,2025-10-29,B0,B0,0.0009079768276019429,0.007985270442574523,,-0.08548432250839866,0.002950593435318183,95,42,95,0,0,45,50,0.00293390993974307
440,2025-10-30,B0,B0,0.0009079768276019429,0.007985270442574523,,0.3237821948488242,0.32227645242012654,95,61,95,0,0,40,55,0.0031972532339862936
441,2025-10-31,B0,B0,0.0009079768276019429,0.007985270442574523,,0.21951287793952967,0.2639968177076172,95,61,95,0,0,39,56,0.0038334169773923277
442,2025-11-03,B0,B0,0.0016864423952503184,0.01035567223147261,,0.326553751399776,0.38854087110165914,95,57,95,0,0,45,50,0.0026066530508319216
443,2025-11-04,B0,B0,0.0016864423952503184,0.01035567223147261,,0.26857502799552074,0.3383453157173968,95,58,95,0,0,38,57,0.0036110015436326332
444,2025-11-05,B0,B0,0.0016864423952503184,0.01035567223147261,,0.34966405375139975,0.3537270020893618,95,58,95,0,0,38,57,0.0029840549217638956
445,2025-11-06,B0,B0,0.0016864423952503184,0.01035567223147261,,0.2892077267637178,0.2557802248854776,95,61,95,0,0,48,47,0.0013272231920082827
446,2025-11-07,B0,B0,0.0016864423952503184,0.01035567223147261,,0.16007867607162235,0.07792801078584774,96,55,96,0,0,47,49,0.0016523384516540986
447,2025-11-10,B0,B0,0.0016864423952503184,0.01035567223147261,,-0.2709441128594683,-0.3049887888291923,96,44,96,0,0,41,55,0.0018757187209969977
448,2025-11-11,B0,B0,0.0016864423952503184,0.01035567223147261,,-0.2431226261530114,-0.29698305034286565,96,50,96,0,0,38,58,0.002899435637380019
449,2025-11-12,B0,B0,0.0016864423952503184,0.01035567223147261,,-0.25750135648399347,-0.39359629151680015,96,38,96,0,0,55,41,0.003280294913534706
450,2025-11-13,B0,B0,0.0016864423952503184,0.01035567223147261,,-0.36244214180517564,-0.4476782882380363,97,26,97,0,0,57,40,0.0034877330520262646
451,2025-11-14,B0,B0,0.0016864423952503184,0.01035567223147261,,-0.45132021880917306,-0.4894435227792119,97,28,97,0,0,58,39,0.005248865282490055
452,2025-11-17,B0,B0,0.0016864423952503184,0.01035567223147261,,-0.37236842105263157,-0.3539642655244376,96,31,96,0,0,56,40,0.0030619841122408024
453,2025-11-18,B0,B0,0.0016864423952503184,0.01035567223147261,,-0.3917525773195876,-0.33903799832643083,96,34,96,0,0,51,45,0.0031761682568901693
454,2025-11-19,B0,B0,0.0016864423952503184,0.01035567223147261,,-0.4537303309820944,-0.27887439720212476,96,38,96,0,0,42,54,0.0029561583188305236
455,2025-11-20,B0,B0,0.0016864423952503184,0.01035567223147261,,-0.34049104720564294,-0.10184842105921836,96,50,96,0,0,35,61,0.0027320543694927765
456,2025-11-21,B0,B0,0.0016864423952503184,0.01035567223147261,,-0.37554259359739556,-0.33981200830021846,96,33,96,0,0,37,59,0.0037353035904607278
457,2025-11-24,B0,B0,0.0016864423952503184,0.01035567223147261,,-0.2844411285946826,-0.3492818076942465,96,36,96,0,0,35,61,0.0026855201603513106
458,2025-11-25,B0,B0,0.0016864423952503184,0.01035567223147261,,-0.09206456863809008,-0.14843077055396672,96,41,96,0,0,49,47,0.002342974736571328
459,2025-11-26,B0,B0,0.0016864423952503184,0.01035567223147261,,-0.023412913727618015,-0.08405255426128497,96,49,96,0,0,50,46,0.002024183075138259
460,2025-11-27,B0,B0,0.0016864423952503184,0.01035567223147261,,0.05256375474769397,-0.041800716890975066,96,46,96,0,0,48,48,0.002241271717985434
461,2025-11-28,B0,B0,0.0016864423952503184,0.01035567223147261,,0.04612045577862181,0.06707289504595018,96,50,96,0,0,43,53,0.001491641999772364
462,2025-12-01,B0,B0,0.00233827003387324,0.012000158384296014,,-0.25097666847531197,-0.2384436249053605,96,35,96,0,0,39,57,0.0017170866076473784
463,2025-12-02,B0,B0,0.00233827003387324,0.012000158384296014,,-0.2860689093868692,-0.23610200475090737,96,41,96,0,0,40,56,0.0012479618646580278
464,2025-12-03,B0,B0,0.00233827003387324,0.012000158384296014,,-0.23965002712967987,-0.2914407848579842,96,50,96,0,0,41,55,0.0013740410971460363
465,2025-12-04,B0,B0,0.00233827003387324,0.012000158384296014,,-0.26542322300596854,-0.23470812494005927,96,43,96,0,0,43,53,0.0013436581000611997
466,2025-12-05,B0,B0,0.00233827003387324,0.012000158384296014,,0.308776451437873,0.2518205720977113,96,67,96,0,0,51,45,0.0011540356467789517
467,2025-12-08,B0,B0,0.00233827003387324,0.012000158384296014,,0.0702794357026587,0.02386540406279996,96,51,96,0,0,53,43,0.0020358631711254855
468,2025-12-09,B0,B0,0.00233827003387324,0.012000158384296014,,-0.26428377645143786,-0.3348864159361378,96,34,96,0,0,46,50,0.0016713443280198866
469,2025-12-10,B0,B0,0.00233827003387324,0.012000158384296014,,-0.20838307107976126,-0.28165064684170293,96,38,96,0,0,45,51,0.0016053822342950192
470,2025-12-11,B0,B0,0.00233827003387324,0.012000158384296014,,-0.0906494960806271,-0.11383136941022953,95,42,95,0,0,45,50,0.001868927294400006
471,2025-12-12,B0,B0,0.00233827003387324,0.012000158384296014,,-0.2789193729003359,-0.26936427473900776,95,43,95,0,0,38,57,0.0011409245269578313
472,2025-12-15,B0,B0,0.00233827003387324,0.012000158384296014,,-0.38684210526315793,-0.36325296089280756,95,37,95,0,0,39,56,0.0012656260428667507
473,2025-12-16,B0,B0,0.00233827003387324,0.012000158384296014,,-0.42925531914893617,-0.28670118895313607,95,32,95,0,0,35,60,0.001517288801208287
474,2025-12-17,B0,B0,0.00233827003387324,0.012000158384296014,,-0.27035274356103023,-0.12870903854432553,95,39,95,0,0,44,51,0.001577042146175544
475,2025-12-18,B0,B0,0.00233827003387324,0.012000158384296014,,-0.2858762597984323,-0.1858438297298896,95,44,95,0,0,33,62,0.0023968710403011197
476,2025-12-19,B0,B0,0.00233827003387324,0.012000158384296014,,-0.0019316909294512879,0.06580792942155479,95,55,95,0,0,33,62,0.0015543673648356112
477,2025-12-22,B0,B0,0.00233827003387324,0.012000158384296014,,0.13419788317740128,0.1480970082616687,94,53,94,0,0,35,59,0.0019079630140870552
478,2025-12-23,B0,B0,0.00233827003387324,0.012000158384296014,,-0.06809233103348626,0.02380167492998532,94,44,94,0,0,37,57,0.0013606337173304776
479,2025-12-24,B0,B0,0.00233827003387324,0.012000158384296014,,0.07254271574612578,0.09104978878222583,94,57,94,0,0,36,58,0.0016649956643117853
480,2025-12-25,B0,B0,0.00233827003387324,0.012000158384296014,,0.19934978145432217,0.2275877840846303,94,58,94,0,0,42,52,0.0017878560312436641
481,2025-12-26,B0,B0,0.00233827003387324,0.012000158384296014,,0.2103890474298306,0.2515168187266576,94,63,94,0,0,34,60,0.002357488130176572
482,2025-12-29,B0,B0,0.00233827003387324,0.012000158384296014,,-0.11502366073041217,0.013549702400222442,94,49,94,0,0,33,61,0.002371045166898143
483,2025-12-30,B0,B0,0.00233827003387324,0.012000158384296014,,0.1474623415092295,0.11837134162578787,94,56,94,0,0,35,59,0.002648372425336216
484,2025-12-31,B0,B0,0.00233827003387324,0.012000158384296014,,0.10375320593866272,0.06684442058481271,94,53,94,0,0,41,53,0.003126386185462166
485,2026-01-05,B0,B0,0.0021031973050478917,0.010454039619025279,,-0.06882924538525449,-0.0332206961639384,94,49,94,0,0,37,57,0.003490685062687532
486,2026-01-06,B0,B0,0.0021031973050478917,0.010454039619025279,,-0.16587075100242027,-0.05324744107240285,94,44,94,0,0,38,56,0.005568564485525803
487,2026-01-07,B0,B0,0.0021031973050478917,0.010454039619025279,,-0.0029535274356103027,0.05853273203993249,95,57,95,0,0,35,60,0.003991479915372859
488,2026-01-08,B0,B0,0.0021031973050478917,0.010454039619025279,,0.24013157894736845,0.27679832006604876,95,62,95,0,0,38,57,0.005439816389643377
489,2026-01-09,B0,B0,0.0021031973050478917,0.010454039619025279,,0.16321388577827547,0.25932327093167035,95,64,95,0,0,29,66,0.004191844475908226
490,2026-01-12,B0,B0,0.0021031973050478917,0.010454039619025279,,0.13265677491601344,0.22299152299052008,95,63,95,0,0,31,64,0.006094960673514951
491,2026-01-13,B0,B0,0.0021031973050478917,0.010454039619025279,,0.1583986562150056,0.17737441619564323,95,56,95,0,0,31,64,0.00804020554277794
492,2026-01-14,B0,B0,0.0021031973050478917,0.010454039619025279,,0.07418812989921614,0.2631818974383792,95,58,95,0,0,32,63,0.006003872185578127
493,2026-01-15,B0,B0,0.0021031973050478917,0.010454039619025279,,0.25491321388577826,0.3233747514689485,95,60,95,0,0,36,59,0.002922248761495812
494,2026-01-16,B0,B0,0.0021031973050478917,0.010454039619025279,,0.33955767077267646,0.3985078414008577,95,66,95,0,0,39,56,0.0029386555195279936
495,2026-01-19,B0,B0,0.0021031973050478917,0.010454039619025279,,0.504087346024636,0.4732090129440769,95,64,95,0,0,39,56,0.004343844435034934
496,2026-01-20,B0,B0,0.0021031973050478917,0.010454039619025279,,0.39543673012318026,0.40756062334916343,95,71,95,0,0,34,61,0.005307905279372107
497,2026-01-21,B0,B0,0.0021031973050478917,0.010454039619025279,,0.16280795072788354,0.1894868435178961,95,61,95,0,0,39,56,0.004979912771064442
498,2026-01-22,B0,B0,0.0021031973050478917,0.010454039619025279,,0.07653975363941769,0.2859665289629223,95,58,95,0,0,33,62,0.006566214585416744
499,2026-01-23,B0,B0,0.0021031973050478917,0.010454039619025279,,-0.22698768197088467,-0.027391744216356075,95,48,95,0,0,42,53,0.003120721689060591
500,2026-01-26,B0,B0,0.0021031973050478917,0.010454039619025279,,-0.13296472564389697,0.08159858896933424,95,45,95,0,0,47,48,0.004452101837306059
501,2026-01-27,B0,B0,0.0021031973050478917,0.010454039619025279,,-0.4208426651735722,-0.32477562508821517,95,32,95,0,0,58,37,0.005285588657849078
502,2026-01-28,B0,B0,0.0021031973050478917,0.010454039619025279,,-0.4135638297872341,-0.3888029787493161,95,30,95,0,0,55,40,0.004932880919292082
503,2026-01-29,B0,B0,0.0021031973050478917,0.010454039619025279,,-0.5411394176931691,-0.5174762161220903,95,28,95,0,0,58,37,0.00513629599099502
504,2026-01-30,B0,B0,0.0021031973050478917,0.010454039619025279,,-0.2320130222463375,-0.13094701920821475,96,51,96,0,0,40,56,0.0023745597122308434
505,2026-02-02,B0,B0,0.0027954296901284083,0.014766513426502996,,-0.2941942485078676,-0.2777592929404664,96,33,96,0,0,55,41,0.0018492436815575532
506,2026-02-03,B0,B0,0.0027954296901284083,0.014766513426502996,,-0.029679869777536623,0.11729425540399455,96,51,96,0,0,42,54,0.0017826964530998541
507,2026-02-04,B0,B0,0.0027954296901284083,0.014766513426502996,,0.24525230602278894,0.3939843777215443,96,62,96,0,0,36,60,0.0033254885407102233
508,2026-02-05,B0,B0,0.0027954296901284083,0.014766513426502996,,0.19376017362995118,0.30713022752655356,96,63,96,0,0,32,64,0.005092541980243257
509,2026-02-06,B0,B0,0.0027954296901284083,0.014766513426502996,,0.2595360824742268,0.32744466442128034,96,63,96,0,0,29,67,0.0043706104282587805
510,2026-02-09,B0,B0,0.0027954296901284083,0.014766513426502996,,0.22121540965816602,0.26859945696195503,96,64,96,0,0,33,63,0.004552093345068534
511,2026-02-10,B0,B0,0.0027954296901284083,0.014766513426502996,,0.24415355398806296,0.32980660447544524,96,60,96,0,0,35,61,0.005024592595823731
512,2026-02-11,B0,B0,0.0027954296901284083,0.014766513426502996,,0.05576741005680622,0.1132325441311811,97,51,97,0,0,38,59,0.0034031333693632913
513,2026-02-12,B0,B0,0.0027954296901284083,0.014766513426502996,,0.09763570376604248,0.16452345964246426,97,53,97,0,0,47,50,0.005457387953430547
514,2026-02-13,B0,B0,0.0027954296901284083,0.014766513426502996,,0.00156480117820324,0.10215134843557033,97,40,97,0,0,44,53,0.0075928216258703
515,2026-02-24,B0,B0,0.0027954296901284083,0.014766513426502996,,0.13465179886387543,0.15455270827742965,97,50,97,0,0,40,57,0.0037234884429864653
516,2026-02-25,B0,B0,0.0027954296901284083,0.014766513426502996,,0.1023169577109194,0.08438957848859589,97,48,97,0,0,43,54,0.0034711454351711753
517,2026-02-26,B0,B0,0.0027954296901284083,0.014766513426502996,,0.12450031559015359,0.07641237115640527,97,53,97,0,0,41,56,0.003841699327236798
518,2026-02-27,B0,B0,0.0027954296901284083,0.014766513426502996,,-0.07233589312013464,-0.16886231512651592,97,48,97,0,0,44,53,0.004770341705212699
519,2026-03-02,B0,B0,0.0024029715844640087,0.012964115102268449,,-0.10695876288659792,-0.15086760486081408,97,48,97,0,0,36,61,0.007578012528504725
520,2026-03-03,B0,B0,0.0024029715844640087,0.012964115102268449,,-0.2818351567431096,-0.23955445946981124,97,41,97,0,0,39,58,0.004922312131336627
521,2026-03-04,B0,B0,0.0024029715844640087,0.012964115102268449,,-0.14088470439722278,-0.09318964664563387,97,50,97,0,0,46,51,0.0054479936500929195
522,2026-03-05,B0,B0,0.0024029715844640087,0.012964115102268449,,-0.0005259835893120134,-0.006884535581149767,97,62,97,0,0,44,53,0.00462058743699696
523,2026-03-06,B0,B0,0.0024029715844640087,0.012964115102268449,,0.0353197980223017,0.024398752662565526,97,57,97,0,0,46,51,0.003384285221923827
524,2026-03-09,B0,B0,0.0024029715844640087,0.012964115102268449,,0.1336787292236482,0.05220364405455896,97,58,97,0,0,48,49,0.003374096173909083
525,2026-03-10,B0,B0,0.0024029715844640087,0.012964115102268449,,-0.028482011361245528,0.10297307497863493,97,48,97,0,0,43,54,0.0033443706923487323
526,2026-03-11,B0,B0,0.0024029715844640087,0.012964115102268449,,0.08177729854828529,0.14825932636173547,97,54,97,0,0,43,54,0.003398237159764395
527,2026-03-12,B0,B0,0.0024029715844640087,0.012964115102268449,,0.3010204081632653,0.23318605184593302,97,59,97,0,0,42,55,0.0027430516294775806
528,2026-03-13,B0,B0,0.0024029715844640087,0.012964115102268449,,0.31849621291815694,0.2619533263939102,97,59,97,0,0,42,55,0.0018000579054629584
529,2026-03-16,B0,B0,0.0024029715844640087,0.012964115102268449,,0.48759993688196923,0.40189190549491766,97,65,97,0,0,44,53,0.0018270629400920432
530,2026-03-17,B0,B0,0.0024029715844640087,0.012964115102268449,,0.34124500315590145,0.2675036871295112,97,63,97,0,0,47,50,0.00189967497406242
531,2026-03-18,B0,B0,0.0024029715844640087,0.012964115102268449,,0.10129128971176099,0.06198980473366432,97,54,97,0,0,48,49,0.0034835394828285865
532,2026-03-19,B0,B0,0.0024029715844640087,0.012964115102268449,,-0.06459078476751524,-0.10320073520957161,97,45,97,0,0,47,50,0.003279446203111042
533,2026-03-20,B0,B0,0.0024029715844640087,0.012964115102268449,,-0.259678098043341,-0.12364056581531596,97,44,97,0,0,45,52,0.0033476320347503798
534,2026-03-23,B0,B0,0.0024029715844640087,0.012964115102268449,,-0.08920681674731747,-0.10823381504308735,97,48,97,0,0,56,41,0.003105962739041672
535,2026-03-24,B0,B0,0.0024029715844640087,0.012964115102268449,,-0.08161950347149169,-0.14490631643365945,97,48,97,0,0,58,39,0.002768046690816653
536,2026-03-25,B0,B0,0.0024029715844640087,0.012964115102268449,,-0.09274405638544077,-0.09510549393797768,97,46,97,0,0,56,41,0.0029138297714407933
537,2026-03-26,B0,B0,0.0024029715844640087,0.012964115102268449,,0.0857221754681254,-0.07194711600297293,97,56,97,0,0,52,45,0.003426726517738904
538,2026-03-27,B0,B0,0.0024029715844640087,0.012964115102268449,,0.0587786661056175,-0.03479801576674052,97,58,97,0,0,43,54,0.002744650501335932
539,2026-03-30,B0,B0,0.0024029715844640087,0.012964115102268449,,-0.40345571218177984,-0.3017441164702609,97,36,97,0,0,42,55,0.0035180731417715585
540,2026-03-31,B0,B0,0.0024029715844640087,0.012964115102268449,,-0.21262886597938144,-0.11185561881779607,97,47,97,0,0,36,61,0.002484786578306854
541,2026-04-01,B0,B0,0.0017378929983365755,0.009814734626491068,,-0.3174705449189985,-0.16848422069896019,97,43,97,0,0,40,57,0.003818255586288208
542,2026-04-02,B0,B0,0.0017378929983365755,0.009814734626491068,,-0.36650536503261094,-0.22199219868645412,97,37,97,0,0,43,54,0.005592165492356573
543,2026-04-03,B0,B0,0.0017378929983365755,0.009814734626491068,,-0.3394566589522407,-0.20459647635904624,97,39,97,0,0,44,53,0.006870162512157709
544,2026-04-07,B0,B0,0.0017378929983365755,0.009814734626491068,,-0.10044971596886175,0.03286354308412683,97,47,97,0,0,40,57,0.00339264549622937
545,2026-04-08,B0,B0,0.0017378929983365755,0.009814734626491068,,-0.1792552072375342,-0.02404635212857277,97,44,97,0,0,42,55,0.0035672322999361437
546,2026-04-09,B0,B0,0.0017378929983365755,0.009814734626491068,,-0.133231643172733,-0.02829176798289283,97,47,97,0,0,41,56,0.0019191487533496124
547,2026-04-10,B0,B0,0.0017378929983365755,0.009814734626491068,,0.01101935619608668,0.14126665557712456,97,52,97,0,0,42,55,0.0018178779727879772
548,2026-04-13,B0,B0,0.0017378929983365755,0.009814734626491068,,0.004576057227014517,0.04755673121493394,97,56,97,0,0,41,56,0.0017590818656036554
549,2026-04-14,B0,B0,0.0017378929983365755,0.009814734626491068,,0.07847675152535241,0.14641571818383534,97,59,97,0,0,37,60,0.002882939831802677
550,2026-04-15,B0,B0,0.0017378929983365755,0.009814734626491068,,-0.07896328634546601,-0.08082360426061676,97,52,97,0,0,34,63,0.0032031831865852673
551,2026-04-16,B0,B0,0.0017378929983365755,0.009814734626491068,,0.003458342099726488,0.02056892887203797,97,56,97,0,0,38,59,0.002445433602151833
552,2026-04-17,B0,B0,0.0017378929983365755,0.009814734626491068,,0.08054123711340205,0.07230343009481523,97,53,97,0,0,39,58,0.0027439486477685905
553,2026-04-20,B0,B0,0.0017378929983365755,0.009814734626491068,,0.19633652430044182,0.1287976023976411,97,59,97,0,0,40,57,0.0031538417142855106
554,2026-04-21,B0,B0,0.0017378929983365755,0.009814734626491068,,0.14907689880075742,0.09045247457142591,97,58,97,0,0,43,54,0.0025759574496836673
555,2026-04-22,B0,B0,0.0017378929983365755,0.009814734626491068,,0.3153553988062941,0.3122719651543573,96,66,96,0,0,34,62,0.005120508849813942
556,2026-04-23,B0,B0,0.0017378929983365755,0.009814734626491068,,0.4409522517634292,0.4085041624120052,96,63,96,0,0,38,58,0.006230930890024501
557,2026-04-24,B0,B0,0.0017378929983365755,0.009814734626491068,,0.4887004883342376,0.4892982305541633,96,66,96,0,0,40,56,0.004719127339832339
558,2026-04-27,B0,B0,0.0017378929983365755,0.009814734626491068,,0.4774552360282148,0.471168928046451,96,65,96,0,0,41,55,0.00428682658391388
559,2026-04-28,B0,B0,0.0017378929983365755,0.009814734626491068,,0.565002712967987,0.5325115207009038,96,72,96,0,0,37,59,0.00894648355007288
560,2026-04-29,B0,B0,0.0017378929983365755,0.009814734626491068,,0.4166841994529771,0.4106009398791346,97,67,97,0,0,35,62,0.009246569295617207
561,2026-04-30,B0,B0,0.0017378929983365755,0.009814734626491068,,0.3408708627238199,0.3489960380846675,96,65,96,0,0,36,60,0.006902485284495336
562,2026-05-06,B0,B0,0.0005668470274259762,0.0041326317378508,,0.2429869777536625,0.3945899859879105,96,63,96,0,0,33,63,0.006491652223890425
563,2026-05-07,B0,B0,0.0005668470274259762,0.0041326317378508,,0.40978024959305476,0.47904443335919505,96,64,96,0,0,37,59,0.0061894991249410196
564,2026-05-08,B0,B0,0.0005668470274259762,0.0041326317378508,,0.324755832881172,0.4152607840817978,96,62,96,0,0,38,58,0.0034860072798255544
565,2026-05-11,B0,B0,0.0005668470274259762,0.0041326317378508,,0.3598887683125339,0.40615251063743657,96,65,96,0,0,39,57,0.004442084970668523
566,2026-05-12,B0,B0,0.0005668470274259762,0.0041326317378508,,0.2379001627780792,0.3356826734644217,96,61,96,0,0,38,58,0.004204201780651407
567,2026-05-13,B0,B0,0.0005668470274259762,0.0041326317378508,,-0.14229517091698318,0.04016481881428522,96,51,96,0,0,38,58,0.004738479951909201
568,2026-05-14,B0,B0,0.0005668470274259762,0.0041326317378508,,0.249755832881172,0.2974928732857165,96,64,96,0,0,36,60,0.0037539149530195666
569,2026-05-15,B0,B0,0.0005668470274259762,0.0041326317378508,,0.3105127509495388,0.40153400216588453,96,69,96,0,0,33,63,0.005976554965047454
570,2026-05-18,B0,B0,0.0005668470274259762,0.0041326317378508,,0.06743081931633206,0.2276609721752229,96,62,96,0,0,31,65,0.00757329921266497
571,2026-05-19,B0,B0,0.0005668470274259762,0.0041326317378508,,0.07327726532826913,0.17190822741138576,96,61,96,0,0,35,61,0.006214816359258188
572,2026-05-20,B0,B0,0.0005668470274259762,0.0041326317378508,,0.47523060227889313,0.4476285857236841,96,75,96,0,0,30,66,0.00811014294222408
573,2026-05-21,B0,B0,0.0005668470274259762,0.0041326317378508,,0.04712425393380358,0.09733962658776961,96,50,96,0,0,47,49,0.004356976982196606
574,2026-05-22,B0,B0,0.0005668470274259762,0.0041326317378508,,-0.46173358654367874,-0.509795886918738,96,25,96,0,0,55,41,0.0054373198792486204
575,2026-05-25,B0,B0,0.0005668470274259762,0.0041326317378508,,-0.5259359739555073,-0.47458671317514456,96,32,96,0,0,46,50,0.0038970833097446158
576,2026-05-26,B0,B0,0.0005668470274259762,0.0041326317378508,,-0.4919967444384156,-0.3911231516674209,96,37,96,0,0,43,53,0.002651397026724688
577,2026-05-27,B0,B0,0.0005668470274259762,0.0041326317378508,,-0.19654096581660338,-0.14602014994647003,96,39,96,0,0,51,45,0.0026519671410665563
578,2026-05-28,B0,B0,0.0005668470274259762,0.0041326317378508,,-0.1633884970157352,-0.0877003391990168,96,45,96,0,0,42,54,0.0030250784418887175
579,2026-05-29,B0,B0,0.0005668470274259762,0.0041326317378508,,0.09209169831795985,0.1211473692176204,96,50,96,0,0,46,50,0.0031867043619053944
580,2026-06-01,B0,B0,0.0015186365583120722,0.008840771084056011,,0.26323928377645145,0.32325583307186356,96,60,96,0,0,39,57,0.004118992490132351
581,2026-06-02,B0,B0,0.0015186365583120722,0.008840771084056011,,0.013912265937302755,0.057288699572191674,97,50,97,0,0,50,47,0.0038751075500897867
582,2026-06-03,B0,B0,0.0015186365583120722,0.008840771084056011,,-0.18615874184725437,-0.10412664299185354,97,45,97,0,0,43,54,0.0033702199889394705
583,2026-06-04,B0,B0,0.0015186365583120722,0.008840771084056011,,-0.08881232905533346,-0.06938505485170048,97,46,97,0,0,52,45,0.003618598721860431
584,2026-06-05,B0,B0,0.0015186365583120722,0.008840771084056011,,0.133428887018725,0.21101023384269044,97,58,97,0,0,39,58,0.005652119539272074
585,2026-06-08,B0,B0,0.0015186365583120722,0.008840771084056011,,-0.2432937092362718,-0.13316705911134133,97,42,97,0,0,41,56,0.0037538284335684596
586,2026-06-09,B0,B0,0.0015186365583120722,0.008840771084056011,,0.11221859877971807,0.22509377907878844,97,53,97,0,0,41,56,0.008312995103406317
587,2026-06-10,B0,B0,0.0015186365583120722,0.008840771084056011,,-0.07785872080791079,-0.02187966680402001,97,48,97,0,0,40,57,0.01008216303855383
588,2026-06-11,B0,B0,0.0015186365583120722,0.008840771084056011,,0.08647170208289502,0.15164253927373805,97,56,97,0,0,37,60,0.01903390066141255
589,2026-06-12,B0,B0,0.0015186365583120722,0.008840771084056011,,0.03888333683989059,0.11050072363093276,97,47,97,0,0,34,63,0.011011887712090575
590,2026-06-15,B0,B0,0.0015186365583120722,0.008840771084056011,,0.18126709446665262,0.2709515852118198,97,58,97,0,0,35,62,0.015005125005466607
591,2026-06-16,B0,B0,0.0015186365583120722,0.008840771084056011,,0.3778534609720176,0.37587564412783653,97,62,97,0,0,32,65,0.013369538539620921
592,2026-06-17,B0,B0,0.0015186365583120722,0.008840771084056011,,0.5035898379970544,0.5145839068304939,97,72,97,0,0,34,63,0.011965342830901548
593,2026-06-18,B0,B0,0.0015186365583120722,0.008840771084056011,,0.3992872922364822,0.5236864792075361,97,74,97,0,0,36,61,0.012915664261559951
594,2026-06-22,B0,B0,0.0015186365583120722,0.008840771084056011,,0.5636045655375552,0.6143535243738455,97,80,97,0,0,32,65,0.014491272699931036
595,2026-06-23,B0,B0,0.0015186365583120722,0.008840771084056011,,0.267252261729434,0.3561630602412176,97,66,97,0,0,40,57,0.008939826796824087
596,2026-06-24,B0,B0,0.0015186365583120722,0.008840771084056011,,-0.3054649694929518,-0.28802184726484736,97,36,97,0,0,56,41,0.005576566364898095
597,2026-06-25,B0,B0,0.0015186365583120722,0.008840771084056011,,-0.4248369450873132,-0.455518131891316,97,32,97,0,0,54,43,0.005561645093303456
598,2026-06-26,B0,B0,0.0015186365583120722,0.008840771084056011,,-0.4287555228276877,-0.5461815476203008,97,30,97,0,0,55,42,0.0051803193296614345
599,2026-06-29,B0,B0,0.0015186365583120722,0.008840771084056011,,-0.6272880286135072,-0.6437038612151523,97,22,97,0,0,57,40,0.007180791347287307
600,2026-06-30,B0,B0,0.0015186365583120722,0.008840771084056011,,-0.6610430254576057,-0.6755252450828626,97,23,97,0,0,55,42,0.006845144120053501
601,2026-07-01,B0,B0,0.0028572734113388345,0.01577109665591004,,0.14039816957710918,0.18320998426219942,97,59,97,0,0,43,54,0.004227608577999045
602,2026-07-02,B0,B0,0.0028572734113388345,0.01577109665591004,,-0.18945928887018723,-0.1399698163270727,97,43,97,0,0,50,47,0.005652486945911507
603,2026-07-03,B0,B0,0.0028572734113388345,0.01577109665591004,,-0.36868819692825583,-0.35426220555518434,97,32,97,0,0,53,44,0.009126382834277158
604,2026-07-06,B0,B0,0.0028572734113388345,0.01577109665591004,,-0.4490847885545971,-0.27088855606344886,97,37,97,0,0,45,52,0.006167961482030492
605,2026-07-07,B0,B0,0.0028572734113388345,0.01577109665591004,,-0.5968467283820744,-0.5134720231239703,97,27,97,0,0,57,40,0.007576607839792622
606,2026-07-08,B0,B0,0.0028572734113388345,0.01577109665591004,,-0.6868819692825584,-0.725419216421359,97,20,97,0,0,59,38,0.015555769707443079
607,2026-07-09,B0,B0,0.0028572734113388345,0.01577109665591004,,-0.8167078687144961,-0.7904072499462915,97,17,97,0,0,57,40,0.017171065345496377
608,2026-07-10,B0,B0,0.0028572734113388345,0.01577109665591004,,-0.7824926362297495,-0.7587283510040812,97,22,97,0,0,59,38,0.018708180129750077
609,2026-07-13,B0,B0,0.0028572734113388345,0.01577109665591004,,-0.6035530191458026,-0.6369165556687303,97,22,97,0,0,61,36,0.012251376251321056
610,2026-07-14,B0,B0,0.0028572734113388345,0.01577109665591004,,-0.42953134862192294,-0.5111488557929142,97,24,97,0,0,66,31,0.008017765711773765
611,2026-07-15,B0,B0,0.0028572734113388345,0.01577109665591004,,-0.24522669892699347,-0.27102881362107345,97,40,97,0,0,63,34,0.00742016185426783
612,2026-07-16,B0,B0,0.0028572734113388345,0.01577109665591004,,0.05320324005891015,0.04784877501096631,97,51,97,0,0,44,53,0.004682705545428938
613,2026-07-17,B0,B0,0.0028572734113388345,0.01577109665591004,,-0.45387123921733635,-0.3749525642013001,97,26,97,0,0,34,63,0.00520351805331
614,2026-07-20,B0,B0,0.0028572734113388345,0.01577109665591004,,0.49990795287187034,0.4773498697345309,97,70,97,0,0,67,30,0.005511310069322569
615,2026-07-21,B0,B0,0.0028572734113388345,0.01577109665591004,,0.3921339154218388,0.4160908224788577,97,69,97,0,0,64,33,0.0050608200603091255
616,2026-07-22,B0,B0,0.0028572734113388345,0.01577109665591004,,0.6517462655165158,0.6177693850447568,97,74,97,0,0,59,38,0.004587647810141861
617,2026-07-23,B0,B0,0.0028572734113388345,0.01577109665591004,,0.5837497370082053,0.603865741450229,97,79,97,0,0,63,34,0.005040414952870496
618,2026-07-24,B0,B0,0.0028572734113388345,0.01577109665591004,,0.679136860929939,0.649650733362464,97,79,97,0,0,63,34,0.008618788103143095
619,2026-07-27,B0,B0,0.0028572734113388345,0.01577109665591004,,0.06047496318114875,0.20196172605524373,97,51,97,0,0,51,46,0.0030200484542431674
620,2026-07-28,B0,B0,0.0028572734113388345,0.01577109665591004,,-0.5540316642120765,-0.3846832858616684,97,24,97,0,0,40,57,0.004102484571561648
621,2026-07-29,B0,B0,0.0028572734113388345,0.01577109665591004,,-0.738533557752998,-0.6394569535399489,97,21,97,0,0,41,56,0.008139170835298772
622,2026-07-30,B0,B0,0.0028572734113388345,0.01577109665591004,,-0.8333158005470229,-0.8138337716353271,97,10,97,0,0,40,57,0.007900384362725452
623,2026-07-31,B0,B0,0.0028572734113388345,0.01577109665591004,,-0.811763622974963,-0.7930591251552697,97,12,97,0,0,38,59,0.011791714580489634
624,2026-08-03,B0,B0,0.0014807090842395866,0.005668293086745481,,-0.7595203029665474,-0.7775841760766206,97,10,97,0,0,35,62,0.004407617048582388
625,2026-08-04,B0,B0,0.0014807090842395866,0.005668293086745481,,-0.557621502209131,-0.6674396212477701,97,18,97,0,0,39,58,0.002303833608792935
626,2026-08-05,B0,B0,0.0014807090842395866,0.005668293086745481,,-0.43793393646118234,-0.4938514701264662,97,26,97,0,0,40,57,0.0014119659098571064
627,2026-08-06,B0,B0,0.0014807090842395866,0.005668293086745481,,-0.19322007153376813,-0.2045965829096827,97,36,97,0,0,45,52,0.0012264678015095126
628,2026-08-07,B0,B0,0.0014807090842395866,0.005668293086745481,,-0.673009152114454,-0.672918587949174,97,15,97,0,0,39,58,0.003259325082233395
629,2026-08-10,B0,B0,0.0014807090842395866,0.005668293086745481,,-0.4933068588260046,-0.5625938648831489,97,19,97,0,0,35,62,0.003101907558829719
630,2026-08-11,B0,B0,0.0014807090842395866,0.005668293086745481,,0.24104512939196293,0.1818500485862101,97,49,97,0,0,42,55,0.0016169837403111251
631,2026-08-12,B0,B0,0.0014807090842395866,0.005668293086745481,,0.13893856511676836,0.11158865981894107,97,49,97,0,0,47,50,0.002015800405059335
632,2026-08-13,B0,B0,0.0014807090842395866,0.005668293086745481,,0.24738323164317272,0.2179493795419718,97,58,97,0,0,45,52,0.0019095491584224305
633,2026-08-14,B0,B0,0.0014807090842395866,0.005668293086745481,,-0.09363822848727119,-0.06612163916156392,97,47,97,0,0,55,42,0.0037894860793883105
634,2026-08-17,B0,B0,0.0014807090842395866,0.005668293086745481,,-0.6682884494003787,-0.5943285168561876,97,23,97,0,0,53,44,0.003694975868015754
635,2026-08-18,B0,B0,0.0014807090842395866,0.005668293086745481,,-0.20249053229539235,-0.1952722159693537,97,41,97,0,0,50,47,0.0015070897696090912
636,2026-08-19,B0,B0,0.0014807090842395866,0.005668293086745481,,-0.12760361876709445,-0.15965306660652714,97,47,97,0,0,40,57,0.0014714201629511682
637,2026-08-20,B0,B0,0.0014807090842395866,0.005668293086745481,,-0.08911476961918786,-0.09778189071122553,97,47,97,0,0,53,44,0.001626123883567719
260,2025-02-05,V1,V1-initial-frozen,0.00024481468942462177,0.0,unidentifiable_c,-0.3040695190916104,-0.11322761905401431,98,38,98,0,0,38,60,0.003734748416548433
261,2025-02-06,V1,V1-initial-frozen,0.00024481468942462177,0.0,unidentifiable_c,-0.06978048951539377,0.009122481176133495,98,38,98,0,0,38,60,0.002832454789228827
262,2025-02-07,V1,V1-initial-frozen,0.00024481468942462177,0.0,unidentifiable_c,-0.07592652806202142,0.10238023314348577,98,33,98,0,0,33,65,0.0020023139772643913
263,2025-02-10,V1,V1-initial-frozen,0.00024481468942462177,0.0,unidentifiable_c,-0.2366543618384561,-0.015645955171460835,98,40,98,0,0,40,58,0.0020152123271038967
264,2025-02-11,V1,V1-initial-frozen,0.00024481468942462177,0.0,unidentifiable_c,-0.10656746297394308,0.07579583178668857,98,38,98,0,0,38,60,0.002138250892073747
265,2025-02-12,V1,V1-initial-frozen,0.00024481468942462177,0.0,unidentifiable_c,0.4036302431000516,0.36263557103104843,98,39,98,0,0,39,59,0.002830900296872366
266,2025-02-13,V1,V1-initial-frozen,0.00024481468942462177,0.0,unidentifiable_c,0.5648298682172025,0.49022258588645456,98,39,98,0,0,39,59,0.0040396744936736515
267,2025-02-14,V1,V1-initial-frozen,0.00024481468942462177,0.0,unidentifiable_c,0.4788160109404586,0.4453212381908636,97,36,97,0,0,36,61,0.0037629981845175966
268,2025-02-17,V1,V1-initial-frozen,0.00024481468942462177,0.0,unidentifiable_c,0.5528876499053229,0.48693018163016366,97,39,97,0,0,39,58,0.00631997706692587
269,2025-02-18,V1,V1-initial-frozen,0.00024481468942462177,0.0,unidentifiable_c,0.3483194824321481,0.29294730976951205,97,31,97,0,0,31,66,0.006606355714345855
270,2025-02-19,V1,V1-initial-frozen,0.00024481468942462177,0.0,unidentifiable_c,0.15569114243635596,0.2085650343089476,97,33,97,0,0,33,64,0.007198149786020101
271,2025-02-20,V1,V1-initial-frozen,0.00024481468942462177,0.0,unidentifiable_c,-0.332053439932674,-0.17694365904494222,97,43,97,0,0,43,54,0.00420566260209757
272,2025-02-21,V1,V1-initial-frozen,0.00024481468942462177,0.0,unidentifiable_c,-0.4489401430675362,-0.32803851233596293,97,47,97,0,0,47,50,0.002984170091911224
273,2025-02-24,V1,V1-initial-frozen,0.00024481468942462177,0.0,unidentifiable_c,-0.27673311592678307,-0.16030039078339633,97,50,97,0,0,50,47,0.002624104097077326
274,2025-02-25,V1,V1-initial-frozen,0.00024481468942462177,0.0,unidentifiable_c,-0.33465705869976853,-0.20218897362697824,97,44,97,0,0,44,53,0.0028938352758384922
275,2025-02-26,V1,V1-initial-frozen,0.00024481468942462177,0.0,unidentifiable_c,-0.03404428781822007,0.08200409266381524,97,39,97,0,0,39,58,0.0020540154601889093
276,2025-02-27,V1,V1-initial-frozen,0.00024481468942462177,0.0,unidentifiable_c,0.39509257311171886,0.41632340523563577,97,31,97,0,0,31,66,0.0032331674162941917
277,2025-02-28,V1,V1-initial-frozen,0.00024481468942462177,0.0,unidentifiable_c,0.3865190406059331,0.45489794892924884,97,34,97,0,0,34,63,0.0030289582648453774
278,2025-03-03,V1,V1-initial-frozen,0.0003012358948034905,0.0,unidentifiable_c,0.24927677256469596,0.31438777337446094,97,37,97,0,0,37,60,0.0021943128101153007
279,2025-03-04,V1,V1-initial-frozen,0.0003012358948034905,0.0,unidentifiable_c,0.16931411739953714,0.15176392061481128,97,42,97,0,0,42,55,0.0016498789722026676
280,2025-03-05,V1,V1-initial-frozen,0.0003012358948034905,0.0,unidentifiable_c,-0.3368530401851462,-0.23985068932072182,97,50,97,0,0,50,47,0.0017503514491650927
281,2025-03-06,V1,V1-initial-frozen,0.0003012358948034905,0.0,unidentifiable_c,-0.3557884494003787,-0.29584747618174884,97,50,97,0,0,50,47,0.0014225236233608698
282,2025-03-07,V1,V1-initial-frozen,0.0003012358948034905,0.0,unidentifiable_c,-0.4346596886177151,-0.43284029320443135,97,51,97,0,0,51,46,0.0010990168318122597
283,2025-03-10,V1,V1-initial-frozen,0.0003012358948034905,0.0,unidentifiable_c,-0.4441405428150641,-0.42439087224602856,97,47,97,0,0,47,50,0.001074629582514092
284,2025-03-11,V1,V1-initial-frozen,0.0003012358948034905,0.0,unidentifiable_c,-0.3538817588891226,-0.2742206114967069,97,49,97,0,0,49,48,0.000847738546064403
285,2025-03-12,V1,V1-initial-frozen,0.0003012358948034905,0.0,unidentifiable_c,-0.12354039553965915,-0.014463600078648818,97,42,97,0,0,42,55,0.0012938800175292333
286,2025-03-13,V1,V1-initial-frozen,0.0003012358948034905,0.0,unidentifiable_c,-0.3244135282979171,-0.2201772974941248,97,47,97,0,0,47,50,0.001425820717478824
287,2025-03-14,V1,V1-initial-frozen,0.0003012358948034905,0.0,unidentifiable_c,-0.24671260256679992,-0.24104957013714126,97,49,97,0,0,49,48,0.0014951692184711814
288,2025-03-17,V1,V1-initial-frozen,0.0003012358948034905,0.0,unidentifiable_c,-0.26220281927203865,-0.33486798001932383,97,50,97,0,0,50,47,0.001793842772138078
289,2025-03-18,V1,V1-initial-frozen,0.0003012358948034905,0.0,unidentifiable_c,-0.40198295813170626,-0.37923922148734174,97,42,97,0,0,42,55,0.001547503064891458
290,2025-03-19,V1,V1-initial-frozen,0.0003012358948034905,0.0,unidentifiable_c,-0.2838075952030296,-0.25260507077053757,97,43,97,0,0,43,54,0.0012636251070323966
291,2025-03-20,V1,V1-initial-frozen,0.0003012358948034905,0.0,unidentifiable_c,-0.13851777824531872,-0.1582373247116389,97,47,97,0,0,47,50,0.0010869044453684724
292,2025-03-21,V1,V1-initial-frozen,0.0003012358948034905,0.0,unidentifiable_c,-0.0471018304228908,-0.01598869157401751,97,39,97,0,0,39,58,0.0012793556134839065
293,2025-03-24,V1,V1-initial-frozen,0.0003012358948034905,0.0,unidentifiable_c,-0.027850831054071108,0.01052593420620725,97,45,97,0,0,45,52,0.0009202515733820324
294,2025-03-25,V1,V1-initial-frozen,0.0003012358948034905,0.0,unidentifiable_c,-0.0390805806858826,-0.06661313176847984,97,43,97,0,0,43,54,0.0006975080308771161
295,2025-03-26,V1,V1-initial-frozen,0.0003012358948034905,0.0,unidentifiable_c,0.09282295392383756,0.11821723231088284,97,56,97,0,0,56,41,0.0010644866564768647
296,2025-03-27,V1,V1-initial-frozen,0.0003012358948034905,0.0,unidentifiable_c,0.2998763938565116,0.29620392845283156,97,52,97,0,0,52,45,0.003007557004766013
297,2025-03-28,V1,V1-initial-frozen,0.0003012358948034905,0.0,unidentifiable_c,0.2518672417420576,0.23721338388065666,97,48,97,0,0,48,49,0.0053523542936927985
298,2025-03-31,V1,V1-initial-frozen,0.0003012358948034905,0.0,unidentifiable_c,0.1376630549126867,0.08150735657068837,97,46,97,0,0,46,51,0.0058462974316624925
299,2025-04-01,V1,V1-initial-frozen,0.00025490273713441134,0.0,unidentifiable_c,0.3232169156322322,0.3184755416394837,97,45,97,0,0,45,52,0.004487444466161946
300,2025-04-02,V1,V1-initial-frozen,0.00025490273713441134,0.0,unidentifiable_c,0.09651798863875446,0.122863946189602,97,48,97,0,0,48,49,0.0025638418694413833
301,2025-04-03,V1,V1-initial-frozen,0.00025490273713441134,0.0,unidentifiable_c,-0.10363191668419945,-0.06858203788787642,97,43,97,0,0,43,54,0.0025151923011948246
302,2025-04-07,V1,V1-initial-frozen,0.00025490273713441134,0.0,unidentifiable_c,-0.523541750345874,-0.43685749603028445,98,44,98,0,0,44,54,0.0027120750041517505
303,2025-04-08,V1,V1-initial-frozen,0.00025490273713441134,0.0,unidentifiable_c,-0.48655075901025824,-0.35983724946740164,98,39,98,0,0,39,59,0.0017805069331191551
304,2025-04-09,V1,V1-initial-frozen,0.00025490273713441134,0.0,unidentifiable_c,-0.17130488559059984,-0.17321793629489826,98,40,98,0,0,40,58,0.002551942769006897
305,2025-04-10,V1,V1-initial-frozen,0.00025490273713441134,0.0,unidentifiable_c,0.1705270674342839,0.0009321881340177503,98,54,98,0,0,54,44,0.0014866452232690324
306,2025-04-11,V1,V1-initial-frozen,0.00025490273713441134,0.0,unidentifiable_c,-0.14499933056634084,-0.15426623593465186,98,40,98,0,0,40,58,0.0012488569415031678
307,2025-04-14,V1,V1-initial-frozen,0.00025490273713441134,0.0,unidentifiable_c,-0.004392759915587603,-0.07585236877925036,98,38,98,0,0,38,60,0.0010330977518615814
308,2025-04-15,V1,V1-initial-frozen,0.00025490273713441134,0.0,unidentifiable_c,-0.6127230648585582,-0.4994441740572674,98,41,98,0,0,41,57,0.00138150762132045
309,2025-04-16,V1,V1-initial-frozen,0.00025490273713441134,0.0,unidentifiable_c,-0.47467946878845246,-0.3669912269152039,98,46,98,0,0,46,52,0.001356474190799563
310,2025-04-17,V1,V1-initial-frozen,0.00025490273713441134,0.0,unidentifiable_c,-0.5462769925214697,-0.3807547501215139,98,46,98,0,0,46,52,0.0014371957735139901
311,2025-04-18,V1,V1-initial-frozen,0.00025490273713441134,0.0,unidentifiable_c,-0.09363783001485504,-0.11446720534785902,98,48,98,0,0,48,50,0.0012990532202203386
312,2025-04-21,V1,V1-initial-frozen,0.00025490273713441134,0.0,unidentifiable_c,-0.28033968976531565,-0.16832494210152849,98,42,98,0,0,42,56,0.0015625252433943962
313,2025-04-22,V1,V1-initial-frozen,0.00025490273713441134,0.0,unidentifiable_c,-0.1754489987185127,-0.1363123711222143,98,46,98,0,0,46,52,0.0012744118676301516
314,2025-04-23,V1,V1-initial-frozen,0.00025490273713441134,0.0,unidentifiable_c,-0.34636497523095455,-0.2694993859150435,98,42,98,0,0,42,56,0.0016339432356649328
315,2025-04-24,V1,V1-initial-frozen,0.00025490273713441134,0.0,unidentifiable_c,-0.2389878163074039,-0.15180162803255967,98,43,98,0,0,43,55,0.001280819979436704
316,2025-04-25,V1,V1-initial-frozen,0.00025490273713441134,0.0,unidentifiable_c,-0.42459307996863216,-0.2843926907073406,98,47,98,0,0,47,51,0.0011955161880284452
317,2025-04-28,V1,V1-initial-frozen,0.00025490273713441134,0.0,unidentifiable_c,-0.32435654674240827,-0.2347794822626493,98,51,98,0,0,51,47,0.0008632196156899899
318,2025-04-29,V1,V1-initial-frozen,0.00025490273713441134,0.0,unidentifiable_c,-0.1972024048607259,-0.11036405720307026,98,45,98,0,0,45,53,0.0016683376105182254
319,2025-04-30,V1,V1-initial-frozen,0.00025490273713441134,0.0,unidentifiable_c,-0.20345045234588677,-0.24063096520424848,98,41,98,0,0,41,57,0.0013923680561523575
320,2025-05-06,V1,V1-initial-frozen,-7.721913213872369e-05,0.0,unidentifiable_c,-0.31874605512308013,-0.2993914259404299,98,58,98,0,0,40,58,0.0015997090046592916
321,2025-05-07,V1,V1-initial-frozen,-7.721913213872369e-05,0.0,unidentifiable_c,-0.04652245152981529,-0.09885292948312796,98,53,98,0,0,45,53,0.0023119643252621142
322,2025-05-08,V1,V1-initial-frozen,-7.721913213872369e-05,0.0,unidentifiable_c,-0.13958010570676252,-0.03964087576786234,98,57,98,0,0,41,57,0.0032018999947076663
323,2025-05-09,V1,V1-initial-frozen,-7.721913213872369e-05,0.0,unidentifiable_c,-0.30274340289067825,-0.09493751094254603,98,56,98,0,0,42,56,0.00500849151758517
324,2025-05-12,V1,V1-initial-frozen,-7.721913213872369e-05,0.0,unidentifiable_c,-0.07843849817340243,-0.1271369172562839,98,51,98,0,0,47,51,0.002115323005994093
325,2025-05-13,V1,V1-initial-frozen,-7.721913213872369e-05,0.0,unidentifiable_c,-0.07430713616280626,-0.09805250743675671,98,48,98,0,0,50,48,0.0014014383377035265
326,2025-05-14,V1,V1-initial-frozen,-7.721913213872369e-05,0.0,unidentifiable_c,0.08088671269820015,0.031415528307416965,98,50,98,0,0,48,50,0.0008111587680914239
327,2025-05-15,V1,V1-initial-frozen,-7.721913213872369e-05,0.0,unidentifiable_c,0.14562413531485693,0.06562562336466198,98,48,98,0,0,50,48,0.00106406923696273
328,2025-05-16,V1,V1-initial-frozen,-7.721913213872369e-05,0.0,unidentifiable_c,-0.06205331242150093,-0.08733834206883205,98,48,98,0,0,50,48,0.0012873252568591494
329,2025-05-19,V1,V1-initial-frozen,-7.721913213872369e-05,0.0,unidentifiable_c,-0.12751754872520704,-0.15405797652359213,98,51,98,0,0,47,51,0.000951494559147611
330,2025-05-20,V1,V1-initial-frozen,-7.721913213872369e-05,0.0,unidentifiable_c,-0.14299740514762604,-0.132266415188429,98,47,98,0,0,51,47,0.0007380976586878956
331,2025-05-21,V1,V1-initial-frozen,-7.721913213872369e-05,0.0,unidentifiable_c,-0.2065999783231005,-0.15574271367655726,98,48,98,0,0,50,48,0.0005421739321623513
332,2025-05-22,V1,V1-initial-frozen,-7.721913213872369e-05,0.0,unidentifiable_c,-0.03797920292765653,-0.048084925030506986,98,47,98,0,0,51,47,0.000864895673427955
333,2025-05-23,V1,V1-initial-frozen,-7.721913213872369e-05,0.0,unidentifiable_c,0.018367984494641342,0.03614948241343566,98,52,98,0,0,46,52,0.0010186402139796774
334,2025-05-26,V1,V1-initial-frozen,-7.721913213872369e-05,0.0,unidentifiable_c,-0.11928032693864797,-0.0947960170603963,98,51,98,0,0,47,51,0.0006976832810770398
335,2025-05-27,V1,V1-initial-frozen,-7.721913213872369e-05,0.0,unidentifiable_c,-0.24898469228366132,-0.2111615135592217,98,50,98,0,0,48,50,0.0012967503977721
336,2025-05-28,V1,V1-initial-frozen,-7.721913213872369e-05,0.0,unidentifiable_c,-0.25562802440563853,-0.20676287239817204,98,55,98,0,0,43,55,0.001000644062137285
337,2025-05-29,V1,V1-initial-frozen,-7.721913213872369e-05,0.0,unidentifiable_c,-0.1982990009499582,-0.17143456707850827,98,55,98,0,0,43,55,0.001451783127299796
338,2025-05-30,V1,V1-initial-frozen,-7.721913213872369e-05,0.0,unidentifiable_c,-0.2554367576458887,-0.21820445113873205,98,58,98,0,0,40,58,0.0010850865526798022
339,2025-06-03,V1,V1-initial-frozen,-7.606142728535395e-05,0.0,unidentifiable_c,-0.09586927554526964,-0.09323621679529613,98,58,98,0,0,40,58,0.0008599417902153258
340,2025-06-04,V1,V1-initial-frozen,-7.606142728535395e-05,0.0,unidentifiable_c,0.27535400289450357,0.1880170838486651,98,52,98,0,0,46,52,0.0009124120724676771
341,2025-06-05,V1,V1-initial-frozen,-7.606142728535395e-05,0.0,unidentifiable_c,0.3278376017698551,0.2649571474972972,98,53,98,0,0,45,53,0.0012457300741545228
342,2025-06-06,V1,V1-initial-frozen,-7.606142728535395e-05,0.0,unidentifiable_c,0.35430892131923053,0.34775488246882336,98,55,98,0,0,43,55,0.0011739137970308907
343,2025-06-09,V1,V1-initial-frozen,-7.606142728535395e-05,0.0,unidentifiable_c,0.12638269928402474,0.10846796668830462,98,59,98,0,0,39,59,0.0012211617344039547
344,2025-06-10,V1,V1-initial-frozen,-7.606142728535395e-05,0.0,unidentifiable_c,-0.05794745264553806,-0.04599328701563735,98,62,98,0,0,36,62,0.0013296909623169734
345,2025-06-11,V1,V1-initial-frozen,-7.606142728535395e-05,0.0,unidentifiable_c,-0.10746004118610891,-0.07102718329161423,98,60,98,0,0,38,60,0.0012527745098896868
346,2025-06-12,V1,V1-initial-frozen,-7.606142728535395e-05,0.0,unidentifiable_c,0.028862154046248298,0.009171149901110525,98,56,98,0,0,42,56,0.0011288737156822611
347,2025-06-13,V1,V1-initial-frozen,-7.606142728535395e-05,0.0,unidentifiable_c,-0.024641534214435535,-0.004823042542695569,98,57,98,0,0,41,57,0.00123782034636518
348,2025-06-16,V1,V1-initial-frozen,-7.606142728535395e-05,0.0,unidentifiable_c,-0.26468131770046344,-0.2891180789671552,98,57,98,0,0,41,57,0.0008286787833275919
349,2025-06-17,V1,V1-initial-frozen,-7.606142728535395e-05,0.0,unidentifiable_c,-0.2574641852992368,-0.22561657905128488,98,58,98,0,0,40,58,0.0007829807461835939
350,2025-06-18,V1,V1-initial-frozen,-7.606142728535395e-05,0.0,unidentifiable_c,-0.25561527328832184,-0.17313557768921894,98,53,98,0,0,45,53,0.0012398912208724674
351,2025-06-19,V1,V1-initial-frozen,-7.606142728535395e-05,0.0,unidentifiable_c,-0.04603790907178241,-0.05370544440186911,98,54,98,0,0,44,54,0.0016589412177234171
352,2025-06-20,V1,V1-initial-frozen,-7.606142728535395e-05,0.0,unidentifiable_c,-0.08953197023889217,-0.11070235274617847,98,52,98,0,0,46,52,0.0016639773440359077
353,2025-06-23,V1,V1-initial-frozen,-7.606142728535395e-05,0.0,unidentifiable_c,0.19252274480551354,0.20120413719354738,98,62,98,0,0,36,62,0.0017941049174036155
354,2025-06-24,V1,V1-initial-frozen,-7.606142728535395e-05,0.0,unidentifiable_c,0.15877053726832813,0.1570993427107765,98,58,98,0,0,40,58,0.0012632327922282686
355,2025-06-25,V1,V1-initial-frozen,-7.606142728535395e-05,0.0,unidentifiable_c,0.18971749899584947,0.204977813008802,98,52,98,0,0,46,52,0.0012881495730652482
356,2025-06-26,V1,V1-initial-frozen,-7.606142728535395e-05,0.0,unidentifiable_c,-0.04814184342903047,0.019095073738785176,98,53,98,0,0,45,53,0.0009946346589017878
357,2025-06-27,V1,V1-initial-frozen,-7.606142728535395e-05,0.0,unidentifiable_c,-0.13490044565155018,-0.09292642631632465,98,55,98,0,0,43,55,0.0013857616465488985
358,2025-06-30,V1,V1-initial-frozen,-7.606142728535395e-05,0.0,unidentifiable_c,-0.10638894733150991,-0.037356270865314865,98,56,98,0,0,42,56,0.0013356763114024284
359,2025-07-01,V1,V1-initial-frozen,-6.212691946105443e-05,0.0,unidentifiable_c,-0.07885928504485204,0.03231688274568122,98,57,98,0,0,41,57,0.0014760995073845337
360,2025-07-02,V1,V1-initial-frozen,-6.212691946105443e-05,0.0,unidentifiable_c,-0.17839450681865995,-0.13055821735313958,98,55,98,0,0,43,55,0.0009098242298555396
361,2025-07-03,V1,V1-initial-frozen,-6.212691946105443e-05,0.0,unidentifiable_c,0.11156590096207178,0.10580271222935202,98,49,98,0,0,49,49,0.0008058571768848232
362,2025-07-04,V1,V1-initial-frozen,-6.212691946105443e-05,0.0,unidentifiable_c,0.0532167881210591,0.042142534789046074,98,47,98,0,0,51,47,0.0007432346111580034
363,2025-07-07,V1,V1-initial-frozen,-6.212691946105443e-05,0.0,unidentifiable_c,-0.09941408615929971,-0.1645599584981731,98,51,98,0,0,47,51,0.0006860948751069212
364,2025-07-08,V1,V1-initial-frozen,-6.212691946105443e-05,0.0,unidentifiable_c,-0.08200881102206581,-0.16092106476496915,98,51,98,0,0,47,51,0.0007552984171227299
365,2025-07-09,V1,V1-initial-frozen,-6.212691946105443e-05,0.0,unidentifiable_c,0.13092209704875388,0.07335268503037164,98,53,98,0,0,45,53,0.0009604996230970862
366,2025-07-10,V1,V1-initial-frozen,-6.212691946105443e-05,0.0,unidentifiable_c,-0.12777257107154014,-0.05267298264351776,98,60,98,0,0,38,60,0.0009149387159440603
367,2025-07-11,V1,V1-initial-frozen,-6.212691946105443e-05,0.0,unidentifiable_c,0.029831238962314065,0.017544975048365736,98,55,98,0,0,43,55,0.0011114432743711963
368,2025-07-14,V1,V1-initial-frozen,-6.212691946105443e-05,0.0,unidentifiable_c,-0.002492843435406027,0.09231874233521126,98,67,98,0,0,31,67,0.0030100669070938523
369,2025-07-15,V1,V1-initial-frozen,-6.212691946105443e-05,0.0,unidentifiable_c,-0.04886865711607979,-0.033015282153914124,98,64,98,0,0,34,64,0.003965316629896743
370,2025-07-16,V1,V1-initial-frozen,-6.212691946105443e-05,0.0,unidentifiable_c,-0.043908472479901046,-0.02110313517295329,98,70,98,0,0,28,70,0.006480799036527906
371,2025-07-17,V1,V1-initial-frozen,-6.212691946105443e-05,0.0,unidentifiable_c,-0.13433939648961737,-0.08337035052986785,98,66,98,0,0,32,66,0.004345820964906264
372,2025-07-18,V1,V1-initial-frozen,-6.212691946105443e-05,0.0,unidentifiable_c,0.14621068671142307,0.06994028004974694,98,69,98,0,0,29,69,0.003678965191252507
373,2025-07-21,V1,V1-initial-frozen,-6.212691946105443e-05,0.0,unidentifiable_c,0.0898379970544919,0.05001802351942046,98,62,98,0,0,36,62,0.005299789967305089
374,2025-07-22,V1,V1-initial-frozen,-6.212691946105443e-05,0.0,unidentifiable_c,-0.09687661381328537,0.06869613110664227,98,68,98,0,0,30,68,0.005698897463168645
375,2025-07-23,V1,V1-initial-frozen,-6.212691946105443e-05,0.0,unidentifiable_c,-0.24814311854076207,0.023995016400927913,98,68,98,0,0,30,68,0.009856504020675037
376,2025-07-24,V1,V1-initial-frozen,-6.212691946105443e-05,0.0,unidentifiable_c,-0.06139025432103487,0.13355012027622606,98,69,98,0,0,29,69,0.005272628521347234
377,2025-07-25,V1,V1-initial-frozen,-6.212691946105443e-05,0.0,unidentifiable_c,-0.08963397917742542,0.14385317528484598,98,74,98,0,0,24,74,0.008831393811105407
378,2025-07-28,V1,V1-initial-frozen,-6.212691946105443e-05,0.0,unidentifiable_c,-0.21546200485817565,0.07652150264534884,98,59,98,0,0,39,59,0.0032072345358716116
379,2025-07-29,V1,V1-initial-frozen,-6.212691946105443e-05,0.0,unidentifiable_c,-0.07759692443050321,0.06955586374841541,98,64,98,0,0,34,64,0.002142210979467275
380,2025-07-30,V1,V1-initial-frozen,-6.212691946105443e-05,0.0,unidentifiable_c,-0.1662299408985712,-0.009526437224796408,98,61,98,0,0,37,61,0.001480051561749645
381,2025-07-31,V1,V1-initial-frozen,-6.212691946105443e-05,0.0,unidentifiable_c,0.012642732819463303,0.20443982760923776,98,67,98,0,0,31,67,0.002360983353555362
382,2025-08-01,V1,V1-initial-frozen,-5.567927722547224e-06,0.0,unidentifiable_c,0.07276425096749102,0.25662962838247766,98,66,98,0,0,32,66,0.0018895981319588411
383,2025-08-04,V1,V1-initial-frozen,-5.567927722547224e-06,0.0,unidentifiable_c,0.09124061995932392,0.30438296710796,98,66,98,0,0,32,66,0.003711488217696584
384,2025-08-05,V1,V1-initial-frozen,-5.567927722547224e-06,0.0,unidentifiable_c,-0.01067552902875746,0.3134043619735711,96,63,96,0,0,33,63,0.004537938386420363
385,2025-08-06,V1,V1-initial-frozen,-5.567927722547224e-06,0.0,unidentifiable_c,-0.10577862181226261,0.19803094059492815,96,62,96,0,0,34,62,0.0044406772501686415
386,2025-08-07,V1,V1-initial-frozen,-5.567927722547224e-06,0.0,unidentifiable_c,0.10421866521975041,0.2431965223444877,96,57,96,0,0,39,57,0.004185335148005969
387,2025-08-08,V1,V1-initial-frozen,-5.567927722547224e-06,0.0,unidentifiable_c,-0.10480195333695061,0.15347967328084666,96,56,96,0,0,40,56,0.004029994773680362
388,2025-08-11,V1,V1-initial-frozen,-5.567927722547224e-06,0.0,unidentifiable_c,0.09728703201302223,0.2260196335706711,96,59,96,0,0,37,59,0.002920708238440308
389,2025-08-12,V1,V1-initial-frozen,-5.567927722547224e-06,0.0,unidentifiable_c,0.09553716766142159,0.14473972150072512,96,57,96,0,0,39,57,0.00341070201003976
390,2025-08-13,V1,V1-initial-frozen,-5.567927722547224e-06,0.0,unidentifiable_c,0.10008138903960934,-0.01642563150899421,96,57,96,0,0,39,57,0.0035423154164784965
391,2025-08-14,V1,V1-initial-frozen,-5.567927722547224e-06,0.0,unidentifiable_c,-0.011652197504069452,0.05381476704223793,96,57,96,0,0,39,57,0.0057413305258868326
392,2025-08-15,V1,V1-initial-frozen,-5.567927722547224e-06,0.0,unidentifiable_c,0.012384698860553444,0.12936653263267886,96,60,96,0,0,36,60,0.005218569765423148
393,2025-08-18,V1,V1-initial-frozen,-5.567927722547224e-06,0.0,unidentifiable_c,0.0551953336950624,0.06867595675726164,96,60,96,0,0,36,60,0.004506460130594524
394,2025-08-19,V1,V1-initial-frozen,-5.567927722547224e-06,0.0,unidentifiable_c,0.12510851871947912,0.15298086999747978,96,61,96,0,0,35,61,0.003961311913949076
395,2025-08-20,V1,V1-initial-frozen,-5.567927722547224e-06,0.0,unidentifiable_c,0.4782148670645686,0.41193881421226963,96,59,96,0,0,37,59,0.007736281295860156
396,2025-08-21,V1,V1-initial-frozen,-5.567927722547224e-06,0.0,unidentifiable_c,0.24980674059892352,0.2875714694923946,94,59,94,0,0,35,59,0.003537294799420162
397,2025-08-22,V1,V1-initial-frozen,-5.567927722547224e-06,0.0,unidentifiable_c,0.4476142162275073,0.4505994829576122,93,53,93,0,0,40,53,0.0033824768810982973
398,2025-08-25,V1,V1-initial-frozen,-5.567927722547224e-06,0.0,unidentifiable_c,0.15454626838948402,0.2624058837302554,93,62,93,0,0,31,62,0.0028760001685010188
399,2025-08-26,V1,V1-initial-frozen,-5.567927722547224e-06,0.0,unidentifiable_c,0.02646892065291993,0.1214248894690454,93,63,93,0,0,30,63,0.003933222307041009
400,2025-08-27,V1,V1-initial-frozen,-5.567927722547224e-06,0.0,unidentifiable_c,-0.41716152905016257,-0.2696497902987749,93,45,93,0,0,48,45,0.005169880829177952
401,2025-08-28,V1,V1-initial-frozen,-5.567927722547224e-06,0.0,unidentifiable_c,-0.2427113485124287,-0.04905762391906992,93,46,93,0,0,47,46,0.0058161170913254975
402,2025-08-29,V1,V1-initial-frozen,-5.567927722547224e-06,0.0,unidentifiable_c,-0.3480349735907612,-0.06769239231780035,93,45,93,0,0,48,45,0.0071150310611314905
403,2025-09-01,V1,V1-initial-frozen,6.02503127123705e-05,0.0,unidentifiable_c,-0.24993285786756583,0.00011913574445887292,93,42,93,0,0,42,51,0.006225883661872797
404,2025-09-02,V1,V1-initial-frozen,6.02503127123705e-05,0.0,unidentifiable_c,-0.10202620035212316,0.007065363897531922,93,38,93,0,0,38,55,0.0030433499956938745
405,2025-09-03,V1,V1-initial-frozen,6.02503127123705e-05,0.0,unidentifiable_c,0.6200799737399658,0.4551766704530386,93,34,93,0,0,34,59,0.005880325612215391
406,2025-09-04,V1,V1-initial-frozen,6.02503127123705e-05,0.0,unidentifiable_c,0.2981409089552684,0.22963020769520892,93,27,93,0,0,27,66,0.007502688388069445
407,2025-09-05,V1,V1-initial-frozen,6.02503127123705e-05,0.0,unidentifiable_c,0.4217271940556831,0.4132347965906986,93,21,93,0,0,21,72,0.00514769140570995
408,2025-09-08,V1,V1-initial-frozen,6.02503127123705e-05,0.0,unidentifiable_c,0.5401808361433558,0.42215090054658566,93,32,93,0,0,32,61,0.0070645859439432525
409,2025-09-09,V1,V1-initial-frozen,6.02503127123705e-05,0.0,unidentifiable_c,0.5466861627525289,0.36720104818851385,93,29,93,0,0,29,64,0.006497647873144732
410,2025-09-10,V1,V1-initial-frozen,6.02503127123705e-05,0.0,unidentifiable_c,0.4528065411357464,0.37376129894319965,93,26,93,0,0,26,67,0.0039038395974140354
411,2025-09-11,V1,V1-initial-frozen,6.02503127123705e-05,0.0,unidentifiable_c,0.20670824505386287,0.22734944571412796,93,35,93,0,0,35,58,0.0032787633994216104
412,2025-09-12,V1,V1-initial-frozen,6.02503127123705e-05,0.0,unidentifiable_c,0.4299334546865208,0.4735522758481851,93,32,93,0,0,32,61,0.0049749894086120955
413,2025-09-15,V1,V1-initial-frozen,6.02503127123705e-05,0.0,unidentifiable_c,0.39656829100892244,0.433604405647575,94,29,94,0,0,29,65,0.006261065887922719
414,2025-09-16,V1,V1-initial-frozen,6.02503127123705e-05,0.0,unidentifiable_c,0.47244157063902037,0.522638269639194,94,35,94,0,0,35,59,0.008548646626877763
415,2025-09-17,V1,V1-initial-frozen,6.02503127123705e-05,0.0,unidentifiable_c,0.5371221389991345,0.5490616430819111,93,35,93,0,0,35,58,0.007453234336244587
416,2025-09-18,V1,V1-initial-frozen,6.02503127123705e-05,0.0,unidentifiable_c,0.4756348661633493,0.45547022652023494,93,32,93,0,0,32,61,0.006906782413518852
417,2025-09-19,V1,V1-initial-frozen,6.02503127123705e-05,0.0,unidentifiable_c,0.3130315418817701,0.4040809880583477,93,35,93,0,0,35,58,0.005331707489567812
418,2025-09-22,V1,V1-initial-frozen,6.02503127123705e-05,0.0,unidentifiable_c,0.5068783384560293,0.5176360046424091,93,41,93,0,0,41,52,0.0069165041067030366
419,2025-09-23,V1,V1-initial-frozen,6.02503127123705e-05,0.0,unidentifiable_c,0.3274971872447328,0.36455683016419105,92,34,92,0,0,34,58,0.006035454014358196
420,2025-09-24,V1,V1-initial-frozen,6.02503127123705e-05,0.0,unidentifiable_c,0.07095849452090686,0.2667793387983887,92,42,92,0,0,42,50,0.004726734256176957
421,2025-09-25,V1,V1-initial-frozen,6.02503127123705e-05,0.0,unidentifiable_c,0.21683645947320562,0.3704736475026601,92,37,92,0,0,37,55,0.00603935760095232
422,2025-09-26,V1,V1-initial-frozen,6.02503127123705e-05,0.0,unidentifiable_c,-0.09843872817224852,-0.06401337522173478,92,50,92,0,0,50,42,0.004130379352158961
423,2025-09-29,V1,V1-initial-frozen,6.02503127123705e-05,0.0,unidentifiable_c,-0.3740116825670823,-0.3535943504437844,92,49,92,0,0,49,43,0.003148207502205136
424,2025-09-30,V1,V1-initial-frozen,6.02503127123705e-05,0.0,unidentifiable_c,-0.3888126286890871,-0.3075709855196108,93,47,93,0,0,47,46,0.003772730909263819
425,2025-10-09,V1,V1-initial-frozen,0.0009079768276019429,0.007985270442574523,unidentifiable_c_or_D,-0.4405717525588612,-0.3663805332678275,93,32,93,0,0,46,47,0.0029392543843022863
426,2025-10-10,V1,V1-initial-frozen,0.0009079768276019429,0.007985270442574523,unidentifiable_c_or_D,-0.48175226045179187,-0.41207605360523564,93,34,93,0,0,51,42,0.003738025668303207
427,2025-10-13,V1,V1-initial-frozen,0.0009079768276019429,0.007985270442574523,unidentifiable_c_or_D,-0.1749127152278356,0.020915801040059214,93,58,93,0,0,30,63,0.0030212137722547
428,2025-10-14,V1,V1-initial-frozen,0.0009079768276019429,0.007985270442574523,unidentifiable_c_or_D,-0.2644149839251526,-0.10206571443106328,94,46,94,0,0,38,56,0.0025316159746714677
429,2025-10-15,V1,V1-initial-frozen,0.0009079768276019429,0.007985270442574523,unidentifiable_c_or_D,-0.4225047863309612,-0.36857638217912275,94,35,94,0,0,46,48,0.002157437602142141
430,2025-10-16,V1,V1-initial-frozen,0.0009079768276019429,0.007985270442574523,unidentifiable_c_or_D,0.4987103998844055,0.46244735954489974,94,72,94,0,0,34,60,0.003920733155664976
431,2025-10-17,V1,V1-initial-frozen,0.0009079768276019429,0.007985270442574523,unidentifiable_c_or_D,0.25991041433370665,0.44879864033331235,95,69,95,0,0,30,65,0.0075456390313805135
432,2025-10-20,V1,V1-initial-frozen,0.0009079768276019429,0.007985270442574523,unidentifiable_c_or_D,0.10755879059350504,0.2998433837086384,95,58,95,0,0,34,61,0.004248470108796117
433,2025-10-21,V1,V1-initial-frozen,0.0009079768276019429,0.007985270442574523,unidentifiable_c_or_D,0.31531354983202686,0.446645226517848,95,65,95,0,0,34,61,0.006813610764999161
434,2025-10-22,V1,V1-initial-frozen,0.0009079768276019429,0.007985270442574523,unidentifiable_c_or_D,0.2610442329227324,0.37032300740957064,95,66,95,0,0,30,65,0.006697897384408322
435,2025-10-23,V1,V1-initial-frozen,0.0009079768276019429,0.007985270442574523,unidentifiable_c_or_D,-0.015215565509518476,0.00035899034796477104,95,49,95,0,0,41,54,0.0034820341565792567
436,2025-10-24,V1,V1-initial-frozen,0.0009079768276019429,0.007985270442574523,unidentifiable_c_or_D,-0.11187010078387458,-0.04421080999803383,95,48,95,0,0,40,55,0.0036342312573729076
437,2025-10-27,V1,V1-initial-frozen,0.0009079768276019429,0.007985270442574523,unidentifiable_c_or_D,-0.15261758118701008,-0.10103698754643756,95,41,95,0,0,52,43,0.0025937439687547283
438,2025-10-28,V1,V1-initial-frozen,0.0009079768276019429,0.007985270442574523,unidentifiable_c_or_D,-0.005809070548712206,-0.00858057481147434,95,38,95,0,0,49,46,0.0030012072083992923
439,2025-10-29,V1,V1-initial-frozen,0.0009079768276019429,0.007985270442574523,unidentifiable_c_or_D,-0.08548432250839866,0.002950593435318171,95,42,95,0,0,45,50,0.00293390993974307
440,2025-10-30,V1,V1-initial-frozen,0.0009079768276019429,0.007985270442574523,unidentifiable_c_or_D,0.3237821948488242,0.3222764524201266,95,61,95,0,0,40,55,0.0031972532339862936
441,2025-10-31,V1,V1-initial-frozen,0.0009079768276019429,0.007985270442574523,unidentifiable_c_or_D,0.21951287793952967,0.2639968177076173,95,61,95,0,0,39,56,0.0038334169773923277
442,2025-11-03,V1,V1-initial-frozen,0.0016864423952503184,0.01035567223147261,unidentifiable_c_or_D,0.326553751399776,0.38854087110165914,95,57,95,0,0,45,50,0.0026066530508319216
443,2025-11-04,V1,V1-initial-frozen,0.0016864423952503184,0.01035567223147261,unidentifiable_c_or_D,0.26857502799552074,0.3383453157173968,95,58,95,0,0,38,57,0.0036110015436326332
444,2025-11-05,V1,V1-initial-frozen,0.0016864423952503184,0.01035567223147261,unidentifiable_c_or_D,0.34966405375139975,0.3537270020893618,95,58,95,0,0,38,57,0.0029840549217638947
445,2025-11-06,V1,V1-initial-frozen,0.0016864423952503184,0.01035567223147261,unidentifiable_c_or_D,0.2892077267637178,0.2557802248854776,95,61,95,0,0,48,47,0.0013272231920082827
446,2025-11-07,V1,V1-initial-frozen,0.0016864423952503184,0.01035567223147261,unidentifiable_c_or_D,0.16007867607162235,0.07792801078584767,96,55,96,0,0,47,49,0.0016523384516540986
447,2025-11-10,V1,V1-initial-frozen,0.0016864423952503184,0.01035567223147261,unidentifiable_c_or_D,-0.2709441128594683,-0.3049887888291923,96,44,96,0,0,41,55,0.0018757187209969977
448,2025-11-11,V1,V1-initial-frozen,0.0016864423952503184,0.01035567223147261,unidentifiable_c_or_D,-0.2431226261530114,-0.2969830503428656,96,50,96,0,0,38,58,0.002899435637380019
449,2025-11-12,V1,V1-initial-frozen,0.0016864423952503184,0.01035567223147261,unidentifiable_c_or_D,-0.25750135648399347,-0.39359629151680026,96,38,96,0,0,55,41,0.003280294913534706
450,2025-11-13,V1,V1-initial-frozen,0.0016864423952503184,0.01035567223147261,unidentifiable_c_or_D,-0.36244214180517564,-0.4476782882380363,97,26,97,0,0,57,40,0.0034877330520262646
451,2025-11-14,V1,V1-initial-frozen,0.0016864423952503184,0.01035567223147261,unidentifiable_c_or_D,-0.45132021880917306,-0.4894435227792119,97,28,97,0,0,58,39,0.005248865282490055
452,2025-11-17,V1,V1-initial-frozen,0.0016864423952503184,0.01035567223147261,unidentifiable_c_or_D,-0.37236842105263157,-0.3539642655244376,96,31,96,0,0,56,40,0.0030619841122408024
453,2025-11-18,V1,V1-initial-frozen,0.0016864423952503184,0.01035567223147261,unidentifiable_c_or_D,-0.3917525773195876,-0.3390379983264308,96,34,96,0,0,51,45,0.0031761682568901693
454,2025-11-19,V1,V1-initial-frozen,0.0016864423952503184,0.01035567223147261,unidentifiable_c_or_D,-0.4537303309820944,-0.27887439720212476,96,38,96,0,0,42,54,0.0029561583188305236
455,2025-11-20,V1,V1-initial-frozen,0.0016864423952503184,0.01035567223147261,unidentifiable_c_or_D,-0.34049104720564294,-0.10184842105921836,96,50,96,0,0,35,61,0.0027320543694927765
456,2025-11-21,V1,V1-initial-frozen,0.0016864423952503184,0.01035567223147261,unidentifiable_c_or_D,-0.37554259359739556,-0.33981200830021846,96,33,96,0,0,37,59,0.0037353035904607278
457,2025-11-24,V1,V1-initial-frozen,0.0016864423952503184,0.01035567223147261,unidentifiable_c_or_D,-0.2844411285946826,-0.34928180769424655,96,36,96,0,0,35,61,0.0026855201603513106
458,2025-11-25,V1,V1-initial-frozen,0.0016864423952503184,0.01035567223147261,unidentifiable_c_or_D,-0.09206456863809008,-0.14843077055396672,96,41,96,0,0,49,47,0.002342974736571328
459,2025-11-26,V1,V1-initial-frozen,0.0016864423952503184,0.01035567223147261,unidentifiable_c_or_D,-0.023412913727618015,-0.08405255426128501,96,49,96,0,0,50,46,0.002024183075138259
460,2025-11-27,V1,V1-initial-frozen,0.0016864423952503184,0.01035567223147261,unidentifiable_c_or_D,0.05256375474769397,-0.04180071689097509,96,46,96,0,0,48,48,0.002241271717985434
461,2025-11-28,V1,V1-initial-frozen,0.0016864423952503184,0.01035567223147261,unidentifiable_c_or_D,0.04612045577862181,0.06707289504595017,96,50,96,0,0,43,53,0.001491641999772364
462,2025-12-01,V1,V1-initial-frozen,0.00233827003387324,0.012000158384296014,unidentifiable_c_or_D,-0.25097666847531197,-0.23844362490536053,96,35,96,0,0,39,57,0.0017170866076473784
463,2025-12-02,V1,V1-initial-frozen,0.00233827003387324,0.012000158384296014,unidentifiable_c_or_D,-0.2860689093868692,-0.23610200475090742,96,41,96,0,0,40,56,0.0012479618646580278
464,2025-12-03,V1,V1-initial-frozen,0.00233827003387324,0.012000158384296014,unidentifiable_c_or_D,-0.23965002712967987,-0.29144078485798414,96,50,96,0,0,41,55,0.0013740410971460363
465,2025-12-04,V1,V1-initial-frozen,0.00233827003387324,0.012000158384296014,unidentifiable_c_or_D,-0.26542322300596854,-0.23470812494005927,96,43,96,0,0,43,53,0.0013436581000611997
466,2025-12-05,V1,V1-initial-frozen,0.00233827003387324,0.012000158384296014,unidentifiable_c_or_D,0.308776451437873,0.2518205720977113,96,67,96,0,0,51,45,0.0011540356467789517
467,2025-12-08,V1,V1-initial-frozen,0.00233827003387324,0.012000158384296014,unidentifiable_c_or_D,0.0702794357026587,0.02386540406279995,96,51,96,0,0,53,43,0.0020358631711254855
468,2025-12-09,V1,V1-initial-frozen,0.00233827003387324,0.012000158384296014,unidentifiable_c_or_D,-0.26428377645143786,-0.33488641593613777,96,34,96,0,0,46,50,0.0016713443280198866
469,2025-12-10,V1,V1-initial-frozen,0.00233827003387324,0.012000158384296014,unidentifiable_c_or_D,-0.20838307107976126,-0.28165064684170293,96,38,96,0,0,45,51,0.0016053822342950192
470,2025-12-11,V1,V1-initial-frozen,0.00233827003387324,0.012000158384296014,unidentifiable_c_or_D,-0.0906494960806271,-0.11383136941022957,95,42,95,0,0,45,50,0.001868927294400006
471,2025-12-12,V1,V1-initial-frozen,0.00233827003387324,0.012000158384296014,unidentifiable_c_or_D,-0.2789193729003359,-0.26936427473900776,95,43,95,0,0,38,57,0.0011409245269578313
472,2025-12-15,V1,V1-initial-frozen,0.00233827003387324,0.012000158384296014,unidentifiable_c_or_D,-0.38684210526315793,-0.36325296089280756,95,37,95,0,0,39,56,0.0012656260428667507
473,2025-12-16,V1,V1-initial-frozen,0.00233827003387324,0.012000158384296014,unidentifiable_c_or_D,-0.42925531914893617,-0.2867011889531361,95,32,95,0,0,35,60,0.001517288801208287
474,2025-12-17,V1,V1-initial-frozen,0.00233827003387324,0.012000158384296014,unidentifiable_c_or_D,-0.27035274356103023,-0.12870903854432542,95,39,95,0,0,44,51,0.001577042146175544
475,2025-12-18,V1,V1-initial-frozen,0.00233827003387324,0.012000158384296014,unidentifiable_c_or_D,-0.2858762597984323,-0.1858438297298896,95,44,95,0,0,33,62,0.0023968710403011197
476,2025-12-19,V1,V1-initial-frozen,0.00233827003387324,0.012000158384296014,unidentifiable_c_or_D,-0.0019316909294512879,0.06580792942155476,95,55,95,0,0,33,62,0.0015543673648356112
477,2025-12-22,V1,V1-initial-frozen,0.00233827003387324,0.012000158384296014,unidentifiable_c_or_D,0.13419788317740128,0.14809700826166866,94,53,94,0,0,35,59,0.0019079630140870552
478,2025-12-23,V1,V1-initial-frozen,0.00233827003387324,0.012000158384296014,unidentifiable_c_or_D,-0.06809233103348626,0.023801674929985306,94,44,94,0,0,37,57,0.0013606337173304776
479,2025-12-24,V1,V1-initial-frozen,0.00233827003387324,0.012000158384296014,unidentifiable_c_or_D,0.07254271574612578,0.09104978878222586,94,57,94,0,0,36,58,0.0016649956643117853
480,2025-12-25,V1,V1-initial-frozen,0.00233827003387324,0.012000158384296014,unidentifiable_c_or_D,0.19934978145432217,0.2275877840846303,94,58,94,0,0,42,52,0.0017878560312436641
481,2025-12-26,V1,V1-initial-frozen,0.00233827003387324,0.012000158384296014,unidentifiable_c_or_D,0.2103890474298306,0.2515168187266576,94,63,94,0,0,34,60,0.002357488130176572
482,2025-12-29,V1,V1-initial-frozen,0.00233827003387324,0.012000158384296014,unidentifiable_c_or_D,-0.11502366073041217,0.013549702400222427,94,49,94,0,0,33,61,0.0023710451668981433
483,2025-12-30,V1,V1-initial-frozen,0.00233827003387324,0.012000158384296014,unidentifiable_c_or_D,0.1474623415092295,0.11837134162578794,94,56,94,0,0,35,59,0.002648372425336216
484,2025-12-31,V1,V1-initial-frozen,0.00233827003387324,0.012000158384296014,unidentifiable_c_or_D,0.10375320593866272,0.06684442058481267,94,53,94,0,0,41,53,0.003126386185462166
485,2026-01-05,V1,V1-initial-frozen,0.0021031973050478917,0.010454039619025279,unidentifiable_c_or_D,-0.06882924538525449,-0.033220696163938405,94,49,94,0,0,37,57,0.003490685062687532
486,2026-01-06,V1,V1-initial-frozen,0.0021031973050478917,0.010454039619025279,unidentifiable_c_or_D,-0.16587075100242027,-0.05324744107240286,94,44,94,0,0,38,56,0.005568564485525803
487,2026-01-07,V1,V1-initial-frozen,0.0021031973050478917,0.010454039619025279,unidentifiable_c_or_D,-0.0029535274356103027,0.058532732039932506,95,57,95,0,0,35,60,0.003991479915372859
488,2026-01-08,V1,V1-initial-frozen,0.0021031973050478917,0.010454039619025279,unidentifiable_c_or_D,0.24013157894736845,0.2767983200660488,95,62,95,0,0,38,57,0.005439816389643377
489,2026-01-09,V1,V1-initial-frozen,0.0021031973050478917,0.010454039619025279,unidentifiable_c_or_D,0.16321388577827547,0.25932327093167035,95,64,95,0,0,29,66,0.004191844475908226
490,2026-01-12,V1,V1-initial-frozen,0.0021031973050478917,0.010454039619025279,unidentifiable_c_or_D,0.13265677491601344,0.2229915229905201,95,63,95,0,0,31,64,0.006094960673514951
491,2026-01-13,V1,V1-initial-frozen,0.0021031973050478917,0.010454039619025279,unidentifiable_c_or_D,0.1583986562150056,0.1773744161956432,95,56,95,0,0,31,64,0.00804020554277794
492,2026-01-14,V1,V1-initial-frozen,0.0021031973050478917,0.010454039619025279,unidentifiable_c_or_D,0.07418812989921614,0.2631818974383792,95,58,95,0,0,32,63,0.006003872185578125
493,2026-01-15,V1,V1-initial-frozen,0.0021031973050478917,0.010454039619025279,unidentifiable_c_or_D,0.25491321388577826,0.32337475146894845,95,60,95,0,0,36,59,0.002922248761495812
494,2026-01-16,V1,V1-initial-frozen,0.0021031973050478917,0.010454039619025279,unidentifiable_c_or_D,0.33955767077267646,0.39850784140085777,95,66,95,0,0,39,56,0.0029386555195279936
495,2026-01-19,V1,V1-initial-frozen,0.0021031973050478917,0.010454039619025279,unidentifiable_c_or_D,0.504087346024636,0.4732090129440771,95,64,95,0,0,39,56,0.004343844435034934
496,2026-01-20,V1,V1-initial-frozen,0.0021031973050478917,0.010454039619025279,unidentifiable_c_or_D,0.39543673012318026,0.40756062334916343,95,71,95,0,0,34,61,0.005307905279372107
497,2026-01-21,V1,V1-initial-frozen,0.0021031973050478917,0.010454039619025279,unidentifiable_c_or_D,0.16280795072788354,0.18948684351789616,95,61,95,0,0,39,56,0.004979912771064442
498,2026-01-22,V1,V1-initial-frozen,0.0021031973050478917,0.010454039619025279,unidentifiable_c_or_D,0.07653975363941769,0.2859665289629223,95,58,95,0,0,33,62,0.006566214585416744
499,2026-01-23,V1,V1-initial-frozen,0.0021031973050478917,0.010454039619025279,unidentifiable_c_or_D,-0.22698768197088467,-0.0273917442163561,95,48,95,0,0,42,53,0.003120721689060591
500,2026-01-26,V1,V1-initial-frozen,0.0021031973050478917,0.010454039619025279,unidentifiable_c_or_D,-0.13296472564389697,0.08159858896933424,95,45,95,0,0,47,48,0.004452101837306059
501,2026-01-27,V1,V1-initial-frozen,0.0021031973050478917,0.010454039619025279,unidentifiable_c_or_D,-0.4208426651735722,-0.32477562508821506,95,32,95,0,0,58,37,0.005285588657849078
502,2026-01-28,V1,V1-initial-frozen,0.0021031973050478917,0.010454039619025279,unidentifiable_c_or_D,-0.4135638297872341,-0.38880297874931596,95,30,95,0,0,55,40,0.004932880919292082
503,2026-01-29,V1,V1-initial-frozen,0.0021031973050478917,0.010454039619025279,unidentifiable_c_or_D,-0.5411394176931691,-0.5174762161220904,95,28,95,0,0,58,37,0.00513629599099502
504,2026-01-30,V1,V1-initial-frozen,0.0021031973050478917,0.010454039619025279,unidentifiable_c_or_D,-0.2320130222463375,-0.1309470192082147,96,51,96,0,0,40,56,0.0023745597122308434
505,2026-02-02,V1,V1-initial-frozen,0.0027954296901284083,0.014766513426502996,unidentifiable_c_or_D,-0.2941942485078676,-0.27775929294046636,96,33,96,0,0,55,41,0.0018492436815575532
506,2026-02-03,V1,V1-initial-frozen,0.0027954296901284083,0.014766513426502996,unidentifiable_c_or_D,-0.029679869777536623,0.11729425540399449,96,51,96,0,0,42,54,0.0017826964530998541
507,2026-02-04,V1,V1-initial-frozen,0.0027954296901284083,0.014766513426502996,unidentifiable_c_or_D,0.24525230602278894,0.3939843777215444,96,62,96,0,0,36,60,0.003325488540710223
508,2026-02-05,V1,V1-initial-frozen,0.0027954296901284083,0.014766513426502996,unidentifiable_c_or_D,0.19376017362995118,0.30713022752655356,96,63,96,0,0,32,64,0.005092541980243257
509,2026-02-06,V1,V1-initial-frozen,0.0027954296901284083,0.014766513426502996,unidentifiable_c_or_D,0.2595360824742268,0.32744466442128023,96,63,96,0,0,29,67,0.0043706104282587805
510,2026-02-09,V1,V1-initial-frozen,0.0027954296901284083,0.014766513426502996,unidentifiable_c_or_D,0.22121540965816602,0.26859945696195503,96,64,96,0,0,33,63,0.004552093345068534
511,2026-02-10,V1,V1-initial-frozen,0.0027954296901284083,0.014766513426502996,unidentifiable_c_or_D,0.24415355398806296,0.3298066044754453,96,60,96,0,0,35,61,0.005024592595823731
512,2026-02-11,V1,V1-initial-frozen,0.0027954296901284083,0.014766513426502996,unidentifiable_c_or_D,0.05576741005680622,0.11323254413118106,97,51,97,0,0,38,59,0.0034031333693632913
513,2026-02-12,V1,V1-initial-frozen,0.0027954296901284083,0.014766513426502996,unidentifiable_c_or_D,0.09763570376604248,0.16452345964246431,97,53,97,0,0,47,50,0.005457387953430547
514,2026-02-13,V1,V1-initial-frozen,0.0027954296901284083,0.014766513426502996,unidentifiable_c_or_D,0.00156480117820324,0.10215134843557033,97,40,97,0,0,44,53,0.0075928216258703
515,2026-02-24,V1,V1-initial-frozen,0.0027954296901284083,0.014766513426502996,unidentifiable_c_or_D,0.13465179886387543,0.15455270827742962,97,50,97,0,0,40,57,0.0037234884429864653
516,2026-02-25,V1,V1-initial-frozen,0.0027954296901284083,0.014766513426502996,unidentifiable_c_or_D,0.1023169577109194,0.08438957848859584,97,48,97,0,0,43,54,0.0034711454351711753
517,2026-02-26,V1,V1-initial-frozen,0.0027954296901284083,0.014766513426502996,unidentifiable_c_or_D,0.12450031559015359,0.07641237115640527,97,53,97,0,0,41,56,0.003841699327236798
518,2026-02-27,V1,V1-initial-frozen,0.0027954296901284083,0.014766513426502996,unidentifiable_c_or_D,-0.07233589312013464,-0.16886231512651592,97,48,97,0,0,44,53,0.004770341705212699
519,2026-03-02,V1,V1-initial-frozen,0.0024029715844640087,0.012964115102268449,unidentifiable_c_or_D,-0.10695876288659792,-0.15086760486081408,97,48,97,0,0,36,61,0.007578012528504725
520,2026-03-03,V1,V1-initial-frozen,0.0024029715844640087,0.012964115102268449,unidentifiable_c_or_D,-0.2818351567431096,-0.23955445946981133,97,41,97,0,0,39,58,0.004922312131336627
521,2026-03-04,V1,V1-initial-frozen,0.0024029715844640087,0.012964115102268449,unidentifiable_c_or_D,-0.14088470439722278,-0.09318964664563392,97,50,97,0,0,46,51,0.0054479936500929195
522,2026-03-05,V1,V1-initial-frozen,0.0024029715844640087,0.012964115102268449,unidentifiable_c_or_D,-0.0005259835893120134,-0.006884535581149763,97,62,97,0,0,44,53,0.004620587436996959
523,2026-03-06,V1,V1-initial-frozen,0.0024029715844640087,0.012964115102268449,unidentifiable_c_or_D,0.0353197980223017,0.024398752662565516,97,57,97,0,0,46,51,0.003384285221923827
524,2026-03-09,V1,V1-initial-frozen,0.0024029715844640087,0.012964115102268449,unidentifiable_c_or_D,0.1336787292236482,0.05220364405455895,97,58,97,0,0,48,49,0.003374096173909083
525,2026-03-10,V1,V1-initial-frozen,0.0024029715844640087,0.012964115102268449,unidentifiable_c_or_D,-0.028482011361245528,0.10297307497863491,97,48,97,0,0,43,54,0.0033443706923487323
526,2026-03-11,V1,V1-initial-frozen,0.0024029715844640087,0.012964115102268449,unidentifiable_c_or_D,0.08177729854828529,0.1482593263617354,97,54,97,0,0,43,54,0.003398237159764395
527,2026-03-12,V1,V1-initial-frozen,0.0024029715844640087,0.012964115102268449,unidentifiable_c_or_D,0.3010204081632653,0.23318605184593302,97,59,97,0,0,42,55,0.0027430516294775806
528,2026-03-13,V1,V1-initial-frozen,0.0024029715844640087,0.012964115102268449,unidentifiable_c_or_D,0.31849621291815694,0.2619533263939102,97,59,97,0,0,42,55,0.0018000579054629584
529,2026-03-16,V1,V1-initial-frozen,0.0024029715844640087,0.012964115102268449,unidentifiable_c_or_D,0.48759993688196923,0.40189190549491766,97,65,97,0,0,44,53,0.0018270629400920432
530,2026-03-17,V1,V1-initial-frozen,0.0024029715844640087,0.012964115102268449,unidentifiable_c_or_D,0.34124500315590145,0.2675036871295112,97,63,97,0,0,47,50,0.00189967497406242
531,2026-03-18,V1,V1-initial-frozen,0.0024029715844640087,0.012964115102268449,unidentifiable_c_or_D,0.10129128971176099,0.061989804733664305,97,54,97,0,0,48,49,0.0034835394828285865
532,2026-03-19,V1,V1-initial-frozen,0.0024029715844640087,0.012964115102268449,unidentifiable_c_or_D,-0.06459078476751524,-0.10320073520957161,97,45,97,0,0,47,50,0.0032794462031110415
533,2026-03-20,V1,V1-initial-frozen,0.0024029715844640087,0.012964115102268449,unidentifiable_c_or_D,-0.259678098043341,-0.12364056581531596,97,44,97,0,0,45,52,0.0033476320347503798
534,2026-03-23,V1,V1-initial-frozen,0.0024029715844640087,0.012964115102268449,unidentifiable_c_or_D,-0.08920681674731747,-0.10823381504308735,97,48,97,0,0,56,41,0.003105962739041672
535,2026-03-24,V1,V1-initial-frozen,0.0024029715844640087,0.012964115102268449,unidentifiable_c_or_D,-0.08161950347149169,-0.14490631643365948,97,48,97,0,0,58,39,0.002768046690816653
536,2026-03-25,V1,V1-initial-frozen,0.0024029715844640087,0.012964115102268449,unidentifiable_c_or_D,-0.09274405638544077,-0.09510549393797763,97,46,97,0,0,56,41,0.0029138297714407933
537,2026-03-26,V1,V1-initial-frozen,0.0024029715844640087,0.012964115102268449,unidentifiable_c_or_D,0.0857221754681254,-0.0719471160029729,97,56,97,0,0,52,45,0.003426726517738904
538,2026-03-27,V1,V1-initial-frozen,0.0024029715844640087,0.012964115102268449,unidentifiable_c_or_D,0.0587786661056175,-0.034798015766740485,97,58,97,0,0,43,54,0.002744650501335932
539,2026-03-30,V1,V1-initial-frozen,0.0024029715844640087,0.012964115102268449,unidentifiable_c_or_D,-0.40345571218177984,-0.3017441164702609,97,36,97,0,0,42,55,0.0035180731417715585
540,2026-03-31,V1,V1-initial-frozen,0.0024029715844640087,0.012964115102268449,unidentifiable_c_or_D,-0.21262886597938144,-0.11185561881779606,97,47,97,0,0,36,61,0.0024847865783068543
541,2026-04-01,V1,V1-initial-frozen,0.0017378929983365755,0.009814734626491068,unidentifiable_c_or_D,-0.3174705449189985,-0.1684842206989602,97,43,97,0,0,40,57,0.003818255586288208
542,2026-04-02,V1,V1-initial-frozen,0.0017378929983365755,0.009814734626491068,unidentifiable_c_or_D,-0.36650536503261094,-0.2219921986864541,97,37,97,0,0,43,54,0.005592165492356573
543,2026-04-03,V1,V1-initial-frozen,0.0017378929983365755,0.009814734626491068,unidentifiable_c_or_D,-0.3394566589522407,-0.20459647635904624,97,39,97,0,0,44,53,0.006870162512157709
544,2026-04-07,V1,V1-initial-frozen,0.0017378929983365755,0.009814734626491068,unidentifiable_c_or_D,-0.10044971596886175,0.03286354308412684,97,47,97,0,0,40,57,0.00339264549622937
545,2026-04-08,V1,V1-initial-frozen,0.0017378929983365755,0.009814734626491068,unidentifiable_c_or_D,-0.1792552072375342,-0.024046352128572725,97,44,97,0,0,42,55,0.0035672322999361437
546,2026-04-09,V1,V1-initial-frozen,0.0017378929983365755,0.009814734626491068,unidentifiable_c_or_D,-0.133231643172733,-0.028291767982892818,97,47,97,0,0,41,56,0.0019191487533496124
547,2026-04-10,V1,V1-initial-frozen,0.0017378929983365755,0.009814734626491068,unidentifiable_c_or_D,0.01101935619608668,0.14126665557712456,97,52,97,0,0,42,55,0.0018178779727879772
548,2026-04-13,V1,V1-initial-frozen,0.0017378929983365755,0.009814734626491068,unidentifiable_c_or_D,0.004576057227014517,0.04755673121493389,97,56,97,0,0,41,56,0.0017590818656036554
549,2026-04-14,V1,V1-initial-frozen,0.0017378929983365755,0.009814734626491068,unidentifiable_c_or_D,0.07847675152535241,0.14641571818383528,97,59,97,0,0,37,60,0.002882939831802677
550,2026-04-15,V1,V1-initial-frozen,0.0017378929983365755,0.009814734626491068,unidentifiable_c_or_D,-0.07896328634546601,-0.08082360426061676,97,52,97,0,0,34,63,0.0032031831865852673
551,2026-04-16,V1,V1-initial-frozen,0.0017378929983365755,0.009814734626491068,unidentifiable_c_or_D,0.003458342099726488,0.02056892887203797,97,56,97,0,0,38,59,0.002445433602151833
552,2026-04-17,V1,V1-initial-frozen,0.0017378929983365755,0.009814734626491068,unidentifiable_c_or_D,0.08054123711340205,0.07230343009481521,97,53,97,0,0,39,58,0.0027439486477685905
553,2026-04-20,V1,V1-initial-frozen,0.0017378929983365755,0.009814734626491068,unidentifiable_c_or_D,0.19633652430044182,0.12879760239764107,97,59,97,0,0,40,57,0.0031538417142855106
554,2026-04-21,V1,V1-initial-frozen,0.0017378929983365755,0.009814734626491068,unidentifiable_c_or_D,0.14907689880075742,0.09045247457142591,97,58,97,0,0,43,54,0.0025759574496836673
555,2026-04-22,V1,V1-initial-frozen,0.0017378929983365755,0.009814734626491068,unidentifiable_c_or_D,0.3153553988062941,0.3122719651543572,96,66,96,0,0,34,62,0.005120508849813942
556,2026-04-23,V1,V1-initial-frozen,0.0017378929983365755,0.009814734626491068,unidentifiable_c_or_D,0.4409522517634292,0.4085041624120052,96,63,96,0,0,38,58,0.006230930890024502
557,2026-04-24,V1,V1-initial-frozen,0.0017378929983365755,0.009814734626491068,unidentifiable_c_or_D,0.4887004883342376,0.4892982305541633,96,66,96,0,0,40,56,0.004719127339832339
558,2026-04-27,V1,V1-initial-frozen,0.0017378929983365755,0.009814734626491068,unidentifiable_c_or_D,0.4774552360282148,0.471168928046451,96,65,96,0,0,41,55,0.00428682658391388
559,2026-04-28,V1,V1-initial-frozen,0.0017378929983365755,0.009814734626491068,unidentifiable_c_or_D,0.565002712967987,0.5325115207009038,96,72,96,0,0,37,59,0.00894648355007288
560,2026-04-29,V1,V1-initial-frozen,0.0017378929983365755,0.009814734626491068,unidentifiable_c_or_D,0.4166841994529771,0.4106009398791346,97,67,97,0,0,35,62,0.009246569295617207
561,2026-04-30,V1,V1-initial-frozen,0.0017378929983365755,0.009814734626491068,unidentifiable_c_or_D,0.3408708627238199,0.3489960380846675,96,65,96,0,0,36,60,0.006902485284495336
562,2026-05-06,V1,V1-initial-frozen,0.0005668470274259762,0.0041326317378508,unidentifiable_c_or_D,0.2429869777536625,0.3945899859879105,96,63,96,0,0,33,63,0.006491652223890425
563,2026-05-07,V1,V1-initial-frozen,0.0005668470274259762,0.0041326317378508,unidentifiable_c_or_D,0.40978024959305476,0.47904443335919505,96,64,96,0,0,37,59,0.0061894991249410196
564,2026-05-08,V1,V1-initial-frozen,0.0005668470274259762,0.0041326317378508,unidentifiable_c_or_D,0.324755832881172,0.4152607840817977,96,62,96,0,0,38,58,0.0034860072798255544
565,2026-05-11,V1,V1-initial-frozen,0.0005668470274259762,0.0041326317378508,unidentifiable_c_or_D,0.3598887683125339,0.4061525106374365,96,65,96,0,0,39,57,0.004442084970668523
566,2026-05-12,V1,V1-initial-frozen,0.0005668470274259762,0.0041326317378508,unidentifiable_c_or_D,0.2379001627780792,0.33568267346442165,96,61,96,0,0,38,58,0.004204201780651407
567,2026-05-13,V1,V1-initial-frozen,0.0005668470274259762,0.0041326317378508,unidentifiable_c_or_D,-0.14229517091698318,0.04016481881428523,96,51,96,0,0,38,58,0.004738479951909201
568,2026-05-14,V1,V1-initial-frozen,0.0005668470274259762,0.0041326317378508,unidentifiable_c_or_D,0.249755832881172,0.2974928732857165,96,64,96,0,0,36,60,0.0037539149530195666
569,2026-05-15,V1,V1-initial-frozen,0.0005668470274259762,0.0041326317378508,unidentifiable_c_or_D,0.3105127509495388,0.40153400216588464,96,69,96,0,0,33,63,0.005976554965047454
570,2026-05-18,V1,V1-initial-frozen,0.0005668470274259762,0.0041326317378508,unidentifiable_c_or_D,0.06743081931633206,0.2276609721752229,96,62,96,0,0,31,65,0.00757329921266497
571,2026-05-19,V1,V1-initial-frozen,0.0005668470274259762,0.0041326317378508,unidentifiable_c_or_D,0.07327726532826913,0.17190822741138576,96,61,96,0,0,35,61,0.006214816359258188
572,2026-05-20,V1,V1-initial-frozen,0.0005668470274259762,0.0041326317378508,unidentifiable_c_or_D,0.47523060227889313,0.4476285857236842,96,75,96,0,0,30,66,0.00811014294222408
573,2026-05-21,V1,V1-initial-frozen,0.0005668470274259762,0.0041326317378508,unidentifiable_c_or_D,0.04712425393380358,0.09733962658776965,96,50,96,0,0,47,49,0.004356976982196606
574,2026-05-22,V1,V1-initial-frozen,0.0005668470274259762,0.0041326317378508,unidentifiable_c_or_D,-0.46173358654367874,-0.509795886918738,96,25,96,0,0,55,41,0.0054373198792486204
575,2026-05-25,V1,V1-initial-frozen,0.0005668470274259762,0.0041326317378508,unidentifiable_c_or_D,-0.5259359739555073,-0.47458671317514467,96,32,96,0,0,46,50,0.0038970833097446158
576,2026-05-26,V1,V1-initial-frozen,0.0005668470274259762,0.0041326317378508,unidentifiable_c_or_D,-0.4919967444384156,-0.3911231516674209,96,37,96,0,0,43,53,0.002651397026724688
577,2026-05-27,V1,V1-initial-frozen,0.0005668470274259762,0.0041326317378508,unidentifiable_c_or_D,-0.19654096581660338,-0.14602014994647008,96,39,96,0,0,51,45,0.0026519671410665563
578,2026-05-28,V1,V1-initial-frozen,0.0005668470274259762,0.0041326317378508,unidentifiable_c_or_D,-0.1633884970157352,-0.0877003391990168,96,45,96,0,0,42,54,0.0030250784418887175
579,2026-05-29,V1,V1-initial-frozen,0.0005668470274259762,0.0041326317378508,unidentifiable_c_or_D,0.09209169831795985,0.12114736921762038,96,50,96,0,0,46,50,0.0031867043619053944
580,2026-06-01,V1,V1-initial-frozen,0.0015186365583120722,0.008840771084056011,unidentifiable_c_or_D,0.26323928377645145,0.32325583307186356,96,60,96,0,0,39,57,0.004118992490132351
581,2026-06-02,V1,V1-initial-frozen,0.0015186365583120722,0.008840771084056011,unidentifiable_c_or_D,0.013912265937302755,0.057288699572191654,97,50,97,0,0,50,47,0.0038751075500897863
582,2026-06-03,V1,V1-initial-frozen,0.0015186365583120722,0.008840771084056011,unidentifiable_c_or_D,-0.18615874184725437,-0.10412664299185354,97,45,97,0,0,43,54,0.0033702199889394705
583,2026-06-04,V1,V1-initial-frozen,0.0015186365583120722,0.008840771084056011,unidentifiable_c_or_D,-0.08881232905533346,-0.06938505485170043,97,46,97,0,0,52,45,0.003618598721860431
584,2026-06-05,V1,V1-initial-frozen,0.0015186365583120722,0.008840771084056011,unidentifiable_c_or_D,0.133428887018725,0.21101023384269046,97,58,97,0,0,39,58,0.005652119539272074
585,2026-06-08,V1,V1-initial-frozen,0.0015186365583120722,0.008840771084056011,unidentifiable_c_or_D,-0.2432937092362718,-0.13316705911134136,97,42,97,0,0,41,56,0.0037538284335684596
586,2026-06-09,V1,V1-initial-frozen,0.0015186365583120722,0.008840771084056011,unidentifiable_c_or_D,0.11221859877971807,0.2250937790787885,97,53,97,0,0,41,56,0.008312995103406317
587,2026-06-10,V1,V1-initial-frozen,0.0015186365583120722,0.008840771084056011,unidentifiable_c_or_D,-0.07785872080791079,-0.021879666804020006,97,48,97,0,0,40,57,0.01008216303855383
588,2026-06-11,V1,V1-initial-frozen,0.0015186365583120722,0.008840771084056011,unidentifiable_c_or_D,0.08647170208289502,0.15164253927373805,97,56,97,0,0,37,60,0.01903390066141255
589,2026-06-12,V1,V1-initial-frozen,0.0015186365583120722,0.008840771084056011,unidentifiable_c_or_D,0.03888333683989059,0.11050072363093275,97,47,97,0,0,34,63,0.011011887712090575
590,2026-06-15,V1,V1-initial-frozen,0.0015186365583120722,0.008840771084056011,unidentifiable_c_or_D,0.18126709446665262,0.2709515852118197,97,58,97,0,0,35,62,0.015005125005466607
591,2026-06-16,V1,V1-initial-frozen,0.0015186365583120722,0.008840771084056011,unidentifiable_c_or_D,0.3778534609720176,0.3758756441278365,97,62,97,0,0,32,65,0.013369538539620921
592,2026-06-17,V1,V1-initial-frozen,0.0015186365583120722,0.008840771084056011,unidentifiable_c_or_D,0.5035898379970544,0.5145839068304939,97,72,97,0,0,34,63,0.011965342830901548
593,2026-06-18,V1,V1-initial-frozen,0.0015186365583120722,0.008840771084056011,unidentifiable_c_or_D,0.3992872922364822,0.5236864792075362,97,74,97,0,0,36,61,0.012915664261559951
594,2026-06-22,V1,V1-initial-frozen,0.0015186365583120722,0.008840771084056011,unidentifiable_c_or_D,0.5636045655375552,0.6143535243738455,97,80,97,0,0,32,65,0.014491272699931036
595,2026-06-23,V1,V1-initial-frozen,0.0015186365583120722,0.008840771084056011,unidentifiable_c_or_D,0.267252261729434,0.3561630602412176,97,66,97,0,0,40,57,0.008939826796824087
596,2026-06-24,V1,V1-initial-frozen,0.0015186365583120722,0.008840771084056011,unidentifiable_c_or_D,-0.3054649694929518,-0.2880218472648476,97,36,97,0,0,56,41,0.005576566364898095
597,2026-06-25,V1,V1-initial-frozen,0.0015186365583120722,0.008840771084056011,unidentifiable_c_or_D,-0.4248369450873132,-0.4555181318913159,97,32,97,0,0,54,43,0.005561645093303456
598,2026-06-26,V1,V1-initial-frozen,0.0015186365583120722,0.008840771084056011,unidentifiable_c_or_D,-0.4287555228276877,-0.5461815476203008,97,30,97,0,0,55,42,0.0051803193296614345
599,2026-06-29,V1,V1-initial-frozen,0.0015186365583120722,0.008840771084056011,unidentifiable_c_or_D,-0.6272880286135072,-0.6437038612151523,97,22,97,0,0,57,40,0.007180791347287307
600,2026-06-30,V1,V1-initial-frozen,0.0015186365583120722,0.008840771084056011,unidentifiable_c_or_D,-0.6610430254576057,-0.6755252450828625,97,23,97,0,0,55,42,0.0068451441200535
601,2026-07-01,V1,V1-initial-frozen,0.0028572734113388345,0.01577109665591004,unidentifiable_c_or_D,0.14039816957710918,0.18320998426219942,97,59,97,0,0,43,54,0.004227608577999045
602,2026-07-02,V1,V1-initial-frozen,0.0028572734113388345,0.01577109665591004,unidentifiable_c_or_D,-0.18945928887018723,-0.13996981632707273,97,43,97,0,0,50,47,0.005652486945911507
603,2026-07-03,V1,V1-initial-frozen,0.0028572734113388345,0.01577109665591004,unidentifiable_c_or_D,-0.36868819692825583,-0.35426220555518434,97,32,97,0,0,53,44,0.009126382834277158
604,2026-07-06,V1,V1-initial-frozen,0.0028572734113388345,0.01577109665591004,unidentifiable_c_or_D,-0.4490847885545971,-0.2708885560634488,97,37,97,0,0,45,52,0.006167961482030492
605,2026-07-07,V1,V1-initial-frozen,0.0028572734113388345,0.01577109665591004,unidentifiable_c_or_D,-0.5968467283820744,-0.5134720231239703,97,27,97,0,0,57,40,0.007576607839792622
606,2026-07-08,V1,V1-initial-frozen,0.0028572734113388345,0.01577109665591004,unidentifiable_c_or_D,-0.6868819692825584,-0.725419216421359,97,20,97,0,0,59,38,0.015555769707443079
607,2026-07-09,V1,V1-initial-frozen,0.0028572734113388345,0.01577109665591004,unidentifiable_c_or_D,-0.8167078687144961,-0.7904072499462915,97,17,97,0,0,57,40,0.017171065345496377
608,2026-07-10,V1,V1-initial-frozen,0.0028572734113388345,0.01577109665591004,unidentifiable_c_or_D,-0.7824926362297495,-0.7587283510040812,97,22,97,0,0,59,38,0.018708180129750077
609,2026-07-13,V1,V1-initial-frozen,0.0028572734113388345,0.01577109665591004,unidentifiable_c_or_D,-0.6035530191458026,-0.63691655566873,97,22,97,0,0,61,36,0.012251376251321056
610,2026-07-14,V1,V1-initial-frozen,0.0028572734113388345,0.01577109665591004,unidentifiable_c_or_D,-0.42953134862192294,-0.511148855792914,97,24,97,0,0,66,31,0.008017765711773765
611,2026-07-15,V1,V1-initial-frozen,0.0028572734113388345,0.01577109665591004,unidentifiable_c_or_D,-0.24522669892699347,-0.27102881362107345,97,40,97,0,0,63,34,0.00742016185426783
612,2026-07-16,V1,V1-initial-frozen,0.0028572734113388345,0.01577109665591004,unidentifiable_c_or_D,0.05320324005891015,0.047848775010966335,97,51,97,0,0,44,53,0.004682705545428938
613,2026-07-17,V1,V1-initial-frozen,0.0028572734113388345,0.01577109665591004,unidentifiable_c_or_D,-0.45387123921733635,-0.3749525642013001,97,26,97,0,0,34,63,0.00520351805331
614,2026-07-20,V1,V1-initial-frozen,0.0028572734113388345,0.01577109665591004,unidentifiable_c_or_D,0.49990795287187034,0.4773498697345309,97,70,97,0,0,67,30,0.005511310069322569
615,2026-07-21,V1,V1-initial-frozen,0.0028572734113388345,0.01577109665591004,unidentifiable_c_or_D,0.3921339154218388,0.4160908224788576,97,69,97,0,0,64,33,0.0050608200603091255
616,2026-07-22,V1,V1-initial-frozen,0.0028572734113388345,0.01577109665591004,unidentifiable_c_or_D,0.6517462655165158,0.6177693850447568,97,74,97,0,0,59,38,0.004587647810141861
617,2026-07-23,V1,V1-initial-frozen,0.0028572734113388345,0.01577109665591004,unidentifiable_c_or_D,0.5837497370082053,0.6038657414502289,97,79,97,0,0,63,34,0.005040414952870496
618,2026-07-24,V1,V1-initial-frozen,0.0028572734113388345,0.01577109665591004,unidentifiable_c_or_D,0.679136860929939,0.649650733362464,97,79,97,0,0,63,34,0.008618788103143095
619,2026-07-27,V1,V1-initial-frozen,0.0028572734113388345,0.01577109665591004,unidentifiable_c_or_D,0.06047496318114875,0.20196172605524368,97,51,97,0,0,51,46,0.0030200484542431674
620,2026-07-28,V1,V1-initial-frozen,0.0028572734113388345,0.01577109665591004,unidentifiable_c_or_D,-0.5540316642120765,-0.3846832858616684,97,24,97,0,0,40,57,0.004102484571561648
621,2026-07-29,V1,V1-initial-frozen,0.0028572734113388345,0.01577109665591004,unidentifiable_c_or_D,-0.738533557752998,-0.6394569535399489,97,21,97,0,0,41,56,0.008139170835298772
622,2026-07-30,V1,V1-initial-frozen,0.0028572734113388345,0.01577109665591004,unidentifiable_c_or_D,-0.8333158005470229,-0.8138337716353271,97,10,97,0,0,40,57,0.007900384362725452
623,2026-07-31,V1,V1-initial-frozen,0.0028572734113388345,0.01577109665591004,unidentifiable_c_or_D,-0.811763622974963,-0.7930591251552697,97,12,97,0,0,38,59,0.011791714580489634
624,2026-08-03,V1,V1-initial-frozen,0.0014807090842395866,0.005668293086745481,unidentifiable_c_or_D,-0.7595203029665474,-0.7775841760766207,97,10,97,0,0,35,62,0.004407617048582388
625,2026-08-04,V1,V1-initial-frozen,0.0014807090842395866,0.005668293086745481,unidentifiable_c_or_D,-0.557621502209131,-0.6674396212477701,97,18,97,0,0,39,58,0.002303833608792935
626,2026-08-05,V1,V1-initial-frozen,0.0014807090842395866,0.005668293086745481,unidentifiable_c_or_D,-0.43793393646118234,-0.4938514701264662,97,26,97,0,0,40,57,0.0014119659098571064
627,2026-08-06,V1,V1-initial-frozen,0.0014807090842395866,0.005668293086745481,unidentifiable_c_or_D,-0.19322007153376813,-0.20459658290968277,97,36,97,0,0,45,52,0.0012264678015095126
628,2026-08-07,V1,V1-initial-frozen,0.0014807090842395866,0.005668293086745481,unidentifiable_c_or_D,-0.673009152114454,-0.672918587949174,97,15,97,0,0,39,58,0.003259325082233395
629,2026-08-10,V1,V1-initial-frozen,0.0014807090842395866,0.005668293086745481,unidentifiable_c_or_D,-0.4933068588260046,-0.5625938648831489,97,19,97,0,0,35,62,0.003101907558829719
630,2026-08-11,V1,V1-initial-frozen,0.0014807090842395866,0.005668293086745481,unidentifiable_c_or_D,0.24104512939196293,0.18185004858621012,97,49,97,0,0,42,55,0.0016169837403111247
631,2026-08-12,V1,V1-initial-frozen,0.0014807090842395866,0.005668293086745481,unidentifiable_c_or_D,0.13893856511676836,0.11158865981894107,97,49,97,0,0,47,50,0.002015800405059335
632,2026-08-13,V1,V1-initial-frozen,0.0014807090842395866,0.005668293086745481,unidentifiable_c_or_D,0.24738323164317272,0.21794937954197172,97,58,97,0,0,45,52,0.0019095491584224305
633,2026-08-14,V1,V1-initial-frozen,0.0014807090842395866,0.005668293086745481,unidentifiable_c_or_D,-0.09363822848727119,-0.06612163916156398,97,47,97,0,0,55,42,0.003789486079388311
634,2026-08-17,V1,V1-initial-frozen,0.0014807090842395866,0.005668293086745481,unidentifiable_c_or_D,-0.6682884494003787,-0.5943285168561876,97,23,97,0,0,53,44,0.003694975868015754
635,2026-08-18,V1,V1-initial-frozen,0.0014807090842395866,0.005668293086745481,unidentifiable_c_or_D,-0.20249053229539235,-0.19527221596935368,97,41,97,0,0,50,47,0.0015070897696090912
636,2026-08-19,V1,V1-initial-frozen,0.0014807090842395866,0.005668293086745481,unidentifiable_c_or_D,-0.12760361876709445,-0.15965306660652723,97,47,97,0,0,40,57,0.0014714201629511682
637,2026-08-20,V1,V1-initial-frozen,0.0014807090842395866,0.005668293086745481,unidentifiable_c_or_D,-0.08911476961918786,-0.09778189071122553,97,47,97,0,0,53,44,0.001626123883567719
260,2025-02-05,V2,V2-2025-02-05-L0.1-H60,0.00024481468942462177,0.0,unidentifiable_c,-0.3040695190916104,-0.11322761905401431,98,38,98,0,0,38,60,0.003734748416548433
261,2025-02-06,V2,V2-2025-02-05-L0.1-H60,0.00024481468942462177,0.0,unidentifiable_c,-0.06978048951539377,0.009122481176133495,98,38,98,0,0,38,60,0.002832454789228827
262,2025-02-07,V2,V2-2025-02-05-L0.1-H60,0.00024481468942462177,0.0,unidentifiable_c,-0.07592652806202142,0.10238023314348577,98,33,98,0,0,33,65,0.0020023139772643913
263,2025-02-10,V2,V2-2025-02-05-L0.1-H60,0.00024481468942462177,0.0,unidentifiable_c,-0.2366543618384561,-0.015645955171460835,98,40,98,0,0,40,58,0.0020152123271038967
264,2025-02-11,V2,V2-2025-02-05-L0.1-H60,0.00024481468942462177,0.0,unidentifiable_c,-0.10656746297394308,0.07579583178668857,98,38,98,0,0,38,60,0.002138250892073747
265,2025-02-12,V2,V2-2025-02-05-L0.1-H60,0.00024481468942462177,0.0,unidentifiable_c,0.4036302431000516,0.36263557103104843,98,39,98,0,0,39,59,0.002830900296872366
266,2025-02-13,V2,V2-2025-02-05-L0.1-H60,0.00024481468942462177,0.0,unidentifiable_c,0.5648298682172025,0.49022258588645456,98,39,98,0,0,39,59,0.0040396744936736515
267,2025-02-14,V2,V2-2025-02-05-L0.1-H60,0.00024481468942462177,0.0,unidentifiable_c,0.4788160109404586,0.4453212381908636,97,36,97,0,0,36,61,0.0037629981845175966
268,2025-02-17,V2,V2-2025-02-05-L0.1-H60,0.00024481468942462177,0.0,unidentifiable_c,0.5528876499053229,0.48693018163016366,97,39,97,0,0,39,58,0.00631997706692587
269,2025-02-18,V2,V2-2025-02-05-L0.1-H60,0.00024481468942462177,0.0,unidentifiable_c,0.3483194824321481,0.29294730976951205,97,31,97,0,0,31,66,0.006606355714345855
270,2025-02-19,V2,V2-2025-02-05-L0.1-H60,0.00024481468942462177,0.0,unidentifiable_c,0.15569114243635596,0.2085650343089476,97,33,97,0,0,33,64,0.007198149786020101
271,2025-02-20,V2,V2-2025-02-05-L0.1-H60,0.00024481468942462177,0.0,unidentifiable_c,-0.332053439932674,-0.17694365904494222,97,43,97,0,0,43,54,0.00420566260209757
272,2025-02-21,V2,V2-2025-02-05-L0.1-H60,0.00024481468942462177,0.0,unidentifiable_c,-0.4489401430675362,-0.32803851233596293,97,47,97,0,0,47,50,0.002984170091911224
273,2025-02-24,V2,V2-2025-02-05-L0.1-H60,0.00024481468942462177,0.0,unidentifiable_c,-0.27673311592678307,-0.16030039078339633,97,50,97,0,0,50,47,0.002624104097077326
274,2025-02-25,V2,V2-2025-02-05-L0.1-H60,0.00024481468942462177,0.0,unidentifiable_c,-0.33465705869976853,-0.20218897362697824,97,44,97,0,0,44,53,0.0028938352758384922
275,2025-02-26,V2,V2-2025-02-05-L0.1-H60,0.00024481468942462177,0.0,unidentifiable_c,-0.03404428781822007,0.08200409266381524,97,39,97,0,0,39,58,0.0020540154601889093
276,2025-02-27,V2,V2-2025-02-05-L0.1-H60,0.00024481468942462177,0.0,unidentifiable_c,0.39509257311171886,0.41632340523563577,97,31,97,0,0,31,66,0.0032331674162941917
277,2025-02-28,V2,V2-2025-02-05-L0.1-H60,0.00024481468942462177,0.0,unidentifiable_c,0.3865190406059331,0.45489794892924884,97,34,97,0,0,34,63,0.0030289582648453774
278,2025-03-03,V2,V2-2025-03-03-L0.1-H60,0.0003012358948034905,0.0,unidentifiable_c,0.24927677256469596,0.31438777337446094,97,37,97,0,0,37,60,0.0021943128101153007
279,2025-03-04,V2,V2-2025-03-03-L0.1-H60,0.0003012358948034905,0.0,unidentifiable_c,0.16931411739953714,0.15176392061481128,97,42,97,0,0,42,55,0.0016498789722026676
280,2025-03-05,V2,V2-2025-03-03-L0.1-H60,0.0003012358948034905,0.0,unidentifiable_c,-0.3368530401851462,-0.23985068932072182,97,50,97,0,0,50,47,0.0017503514491650927
281,2025-03-06,V2,V2-2025-03-03-L0.1-H60,0.0003012358948034905,0.0,unidentifiable_c,-0.3557884494003787,-0.29584747618174884,97,50,97,0,0,50,47,0.0014225236233608698
282,2025-03-07,V2,V2-2025-03-03-L0.1-H60,0.0003012358948034905,0.0,unidentifiable_c,-0.4346596886177151,-0.43284029320443135,97,51,97,0,0,51,46,0.0010990168318122597
283,2025-03-10,V2,V2-2025-03-03-L0.1-H60,0.0003012358948034905,0.0,unidentifiable_c,-0.4441405428150641,-0.42439087224602856,97,47,97,0,0,47,50,0.001074629582514092
284,2025-03-11,V2,V2-2025-03-03-L0.1-H60,0.0003012358948034905,0.0,unidentifiable_c,-0.3538817588891226,-0.2742206114967069,97,49,97,0,0,49,48,0.000847738546064403
285,2025-03-12,V2,V2-2025-03-03-L0.1-H60,0.0003012358948034905,0.0,unidentifiable_c,-0.12354039553965915,-0.014463600078648818,97,42,97,0,0,42,55,0.0012938800175292333
286,2025-03-13,V2,V2-2025-03-03-L0.1-H60,0.0003012358948034905,0.0,unidentifiable_c,-0.3244135282979171,-0.2201772974941248,97,47,97,0,0,47,50,0.001425820717478824
287,2025-03-14,V2,V2-2025-03-03-L0.1-H60,0.0003012358948034905,0.0,unidentifiable_c,-0.24671260256679992,-0.24104957013714126,97,49,97,0,0,49,48,0.0014951692184711814
288,2025-03-17,V2,V2-2025-03-03-L0.1-H60,0.0003012358948034905,0.0,unidentifiable_c,-0.26220281927203865,-0.33486798001932383,97,50,97,0,0,50,47,0.001793842772138078
289,2025-03-18,V2,V2-2025-03-03-L0.1-H60,0.0003012358948034905,0.0,unidentifiable_c,-0.40198295813170626,-0.37923922148734174,97,42,97,0,0,42,55,0.001547503064891458
290,2025-03-19,V2,V2-2025-03-03-L0.1-H60,0.0003012358948034905,0.0,unidentifiable_c,-0.2838075952030296,-0.25260507077053757,97,43,97,0,0,43,54,0.0012636251070323966
291,2025-03-20,V2,V2-2025-03-03-L0.1-H60,0.0003012358948034905,0.0,unidentifiable_c,-0.13851777824531872,-0.1582373247116389,97,47,97,0,0,47,50,0.0010869044453684724
292,2025-03-21,V2,V2-2025-03-03-L0.1-H60,0.0003012358948034905,0.0,unidentifiable_c,-0.0471018304228908,-0.01598869157401751,97,39,97,0,0,39,58,0.0012793556134839065
293,2025-03-24,V2,V2-2025-03-03-L0.1-H60,0.0003012358948034905,0.0,unidentifiable_c,-0.027850831054071108,0.01052593420620725,97,45,97,0,0,45,52,0.0009202515733820324
294,2025-03-25,V2,V2-2025-03-03-L0.1-H60,0.0003012358948034905,0.0,unidentifiable_c,-0.0390805806858826,-0.06661313176847984,97,43,97,0,0,43,54,0.0006975080308771161
295,2025-03-26,V2,V2-2025-03-03-L0.1-H60,0.0003012358948034905,0.0,unidentifiable_c,0.09282295392383756,0.11821723231088284,97,56,97,0,0,56,41,0.0010644866564768647
296,2025-03-27,V2,V2-2025-03-03-L0.1-H60,0.0003012358948034905,0.0,unidentifiable_c,0.2998763938565116,0.29620392845283156,97,52,97,0,0,52,45,0.003007557004766013
297,2025-03-28,V2,V2-2025-03-03-L0.1-H60,0.0003012358948034905,0.0,unidentifiable_c,0.2518672417420576,0.23721338388065666,97,48,97,0,0,48,49,0.0053523542936927985
298,2025-03-31,V2,V2-2025-03-03-L0.1-H60,0.0003012358948034905,0.0,unidentifiable_c,0.1376630549126867,0.08150735657068837,97,46,97,0,0,46,51,0.0058462974316624925
299,2025-04-01,V2,V2-2025-04-01-L0.1-H60,0.00025490273713441134,0.0,unidentifiable_c,0.3232169156322322,0.3184755416394837,97,45,97,0,0,45,52,0.004487444466161946
300,2025-04-02,V2,V2-2025-04-01-L0.1-H60,0.00025490273713441134,0.0,unidentifiable_c,0.09651798863875446,0.122863946189602,97,48,97,0,0,48,49,0.0025638418694413833
301,2025-04-03,V2,V2-2025-04-01-L0.1-H60,0.00025490273713441134,0.0,unidentifiable_c,-0.10363191668419945,-0.06858203788787642,97,43,97,0,0,43,54,0.0025151923011948246
302,2025-04-07,V2,V2-2025-04-01-L0.1-H60,0.00025490273713441134,0.0,unidentifiable_c,-0.523541750345874,-0.43685749603028445,98,44,98,0,0,44,54,0.0027120750041517505
303,2025-04-08,V2,V2-2025-04-01-L0.1-H60,0.00025490273713441134,0.0,unidentifiable_c,-0.48655075901025824,-0.35983724946740164,98,39,98,0,0,39,59,0.0017805069331191551
304,2025-04-09,V2,V2-2025-04-01-L0.1-H60,0.00025490273713441134,0.0,unidentifiable_c,-0.17130488559059984,-0.17321793629489826,98,40,98,0,0,40,58,0.002551942769006897
305,2025-04-10,V2,V2-2025-04-01-L0.1-H60,0.00025490273713441134,0.0,unidentifiable_c,0.1705270674342839,0.0009321881340177503,98,54,98,0,0,54,44,0.0014866452232690324
306,2025-04-11,V2,V2-2025-04-01-L0.1-H60,0.00025490273713441134,0.0,unidentifiable_c,-0.14499933056634084,-0.15426623593465186,98,40,98,0,0,40,58,0.0012488569415031678
307,2025-04-14,V2,V2-2025-04-01-L0.1-H60,0.00025490273713441134,0.0,unidentifiable_c,-0.004392759915587603,-0.07585236877925036,98,38,98,0,0,38,60,0.0010330977518615814
308,2025-04-15,V2,V2-2025-04-01-L0.1-H60,0.00025490273713441134,0.0,unidentifiable_c,-0.6127230648585582,-0.4994441740572674,98,41,98,0,0,41,57,0.00138150762132045
309,2025-04-16,V2,V2-2025-04-01-L0.1-H60,0.00025490273713441134,0.0,unidentifiable_c,-0.47467946878845246,-0.3669912269152039,98,46,98,0,0,46,52,0.001356474190799563
310,2025-04-17,V2,V2-2025-04-01-L0.1-H60,0.00025490273713441134,0.0,unidentifiable_c,-0.5462769925214697,-0.3807547501215139,98,46,98,0,0,46,52,0.0014371957735139901
311,2025-04-18,V2,V2-2025-04-01-L0.1-H60,0.00025490273713441134,0.0,unidentifiable_c,-0.09363783001485504,-0.11446720534785902,98,48,98,0,0,48,50,0.0012990532202203386
312,2025-04-21,V2,V2-2025-04-01-L0.1-H60,0.00025490273713441134,0.0,unidentifiable_c,-0.28033968976531565,-0.16832494210152849,98,42,98,0,0,42,56,0.0015625252433943962
313,2025-04-22,V2,V2-2025-04-01-L0.1-H60,0.00025490273713441134,0.0,unidentifiable_c,-0.1754489987185127,-0.1363123711222143,98,46,98,0,0,46,52,0.0012744118676301516
314,2025-04-23,V2,V2-2025-04-01-L0.1-H60,0.00025490273713441134,0.0,unidentifiable_c,-0.34636497523095455,-0.2694993859150435,98,42,98,0,0,42,56,0.0016339432356649328
315,2025-04-24,V2,V2-2025-04-01-L0.1-H60,0.00025490273713441134,0.0,unidentifiable_c,-0.2389878163074039,-0.15180162803255967,98,43,98,0,0,43,55,0.001280819979436704
316,2025-04-25,V2,V2-2025-04-01-L0.1-H60,0.00025490273713441134,0.0,unidentifiable_c,-0.42459307996863216,-0.2843926907073406,98,47,98,0,0,47,51,0.0011955161880284452
317,2025-04-28,V2,V2-2025-04-01-L0.1-H60,0.00025490273713441134,0.0,unidentifiable_c,-0.32435654674240827,-0.2347794822626493,98,51,98,0,0,51,47,0.0008632196156899899
318,2025-04-29,V2,V2-2025-04-01-L0.1-H60,0.00025490273713441134,0.0,unidentifiable_c,-0.1972024048607259,-0.11036405720307026,98,45,98,0,0,45,53,0.0016683376105182254
319,2025-04-30,V2,V2-2025-04-01-L0.1-H60,0.00025490273713441134,0.0,unidentifiable_c,-0.20345045234588677,-0.24063096520424848,98,41,98,0,0,41,57,0.0013923680561523575
320,2025-05-06,V2,V2-2025-05-06-L0.1-H60,-7.721913213872369e-05,0.0,unidentifiable_c,-0.31874605512308013,-0.2993914259404299,98,58,98,0,0,40,58,0.0015997090046592916
321,2025-05-07,V2,V2-2025-05-06-L0.1-H60,-7.721913213872369e-05,0.0,unidentifiable_c,-0.04652245152981529,-0.09885292948312796,98,53,98,0,0,45,53,0.0023119643252621142
322,2025-05-08,V2,V2-2025-05-06-L0.1-H60,-7.721913213872369e-05,0.0,unidentifiable_c,-0.13958010570676252,-0.03964087576786234,98,57,98,0,0,41,57,0.0032018999947076663
323,2025-05-09,V2,V2-2025-05-06-L0.1-H60,-7.721913213872369e-05,0.0,unidentifiable_c,-0.30274340289067825,-0.09493751094254603,98,56,98,0,0,42,56,0.00500849151758517
324,2025-05-12,V2,V2-2025-05-06-L0.1-H60,-7.721913213872369e-05,0.0,unidentifiable_c,-0.07843849817340243,-0.1271369172562839,98,51,98,0,0,47,51,0.002115323005994093
325,2025-05-13,V2,V2-2025-05-06-L0.1-H60,-7.721913213872369e-05,0.0,unidentifiable_c,-0.07430713616280626,-0.09805250743675671,98,48,98,0,0,50,48,0.0014014383377035265
326,2025-05-14,V2,V2-2025-05-06-L0.1-H60,-7.721913213872369e-05,0.0,unidentifiable_c,0.08088671269820015,0.031415528307416965,98,50,98,0,0,48,50,0.0008111587680914239
327,2025-05-15,V2,V2-2025-05-06-L0.1-H60,-7.721913213872369e-05,0.0,unidentifiable_c,0.14562413531485693,0.06562562336466198,98,48,98,0,0,50,48,0.00106406923696273
328,2025-05-16,V2,V2-2025-05-06-L0.1-H60,-7.721913213872369e-05,0.0,unidentifiable_c,-0.06205331242150093,-0.08733834206883205,98,48,98,0,0,50,48,0.0012873252568591494
329,2025-05-19,V2,V2-2025-05-06-L0.1-H60,-7.721913213872369e-05,0.0,unidentifiable_c,-0.12751754872520704,-0.15405797652359213,98,51,98,0,0,47,51,0.000951494559147611
330,2025-05-20,V2,V2-2025-05-06-L0.1-H60,-7.721913213872369e-05,0.0,unidentifiable_c,-0.14299740514762604,-0.132266415188429,98,47,98,0,0,51,47,0.0007380976586878956
331,2025-05-21,V2,V2-2025-05-06-L0.1-H60,-7.721913213872369e-05,0.0,unidentifiable_c,-0.2065999783231005,-0.15574271367655726,98,48,98,0,0,50,48,0.0005421739321623513
332,2025-05-22,V2,V2-2025-05-06-L0.1-H60,-7.721913213872369e-05,0.0,unidentifiable_c,-0.03797920292765653,-0.048084925030506986,98,47,98,0,0,51,47,0.000864895673427955
333,2025-05-23,V2,V2-2025-05-06-L0.1-H60,-7.721913213872369e-05,0.0,unidentifiable_c,0.018367984494641342,0.03614948241343566,98,52,98,0,0,46,52,0.0010186402139796774
334,2025-05-26,V2,V2-2025-05-06-L0.1-H60,-7.721913213872369e-05,0.0,unidentifiable_c,-0.11928032693864797,-0.0947960170603963,98,51,98,0,0,47,51,0.0006976832810770398
335,2025-05-27,V2,V2-2025-05-06-L0.1-H60,-7.721913213872369e-05,0.0,unidentifiable_c,-0.24898469228366132,-0.2111615135592217,98,50,98,0,0,48,50,0.0012967503977721
336,2025-05-28,V2,V2-2025-05-06-L0.1-H60,-7.721913213872369e-05,0.0,unidentifiable_c,-0.25562802440563853,-0.20676287239817204,98,55,98,0,0,43,55,0.001000644062137285
337,2025-05-29,V2,V2-2025-05-06-L0.1-H60,-7.721913213872369e-05,0.0,unidentifiable_c,-0.1982990009499582,-0.17143456707850827,98,55,98,0,0,43,55,0.001451783127299796
338,2025-05-30,V2,V2-2025-05-06-L0.1-H60,-7.721913213872369e-05,0.0,unidentifiable_c,-0.2554367576458887,-0.21820445113873205,98,58,98,0,0,40,58,0.0010850865526798022
339,2025-06-03,V2,V2-2025-06-03-L0.1-H60,-7.606142728535395e-05,0.0,unidentifiable_c,-0.09586927554526964,-0.09323621679529613,98,58,98,0,0,40,58,0.0008599417902153258
340,2025-06-04,V2,V2-2025-06-03-L0.1-H60,-7.606142728535395e-05,0.0,unidentifiable_c,0.27535400289450357,0.1880170838486651,98,52,98,0,0,46,52,0.0009124120724676771
341,2025-06-05,V2,V2-2025-06-03-L0.1-H60,-7.606142728535395e-05,0.0,unidentifiable_c,0.3278376017698551,0.2649571474972972,98,53,98,0,0,45,53,0.0012457300741545228
342,2025-06-06,V2,V2-2025-06-03-L0.1-H60,-7.606142728535395e-05,0.0,unidentifiable_c,0.35430892131923053,0.34775488246882336,98,55,98,0,0,43,55,0.0011739137970308907
343,2025-06-09,V2,V2-2025-06-03-L0.1-H60,-7.606142728535395e-05,0.0,unidentifiable_c,0.12638269928402474,0.10846796668830462,98,59,98,0,0,39,59,0.0012211617344039547
344,2025-06-10,V2,V2-2025-06-03-L0.1-H60,-7.606142728535395e-05,0.0,unidentifiable_c,-0.05794745264553806,-0.04599328701563735,98,62,98,0,0,36,62,0.0013296909623169734
345,2025-06-11,V2,V2-2025-06-03-L0.1-H60,-7.606142728535395e-05,0.0,unidentifiable_c,-0.10746004118610891,-0.07102718329161423,98,60,98,0,0,38,60,0.0012527745098896868
346,2025-06-12,V2,V2-2025-06-03-L0.1-H60,-7.606142728535395e-05,0.0,unidentifiable_c,0.028862154046248298,0.009171149901110525,98,56,98,0,0,42,56,0.0011288737156822611
347,2025-06-13,V2,V2-2025-06-03-L0.1-H60,-7.606142728535395e-05,0.0,unidentifiable_c,-0.024641534214435535,-0.004823042542695569,98,57,98,0,0,41,57,0.00123782034636518
348,2025-06-16,V2,V2-2025-06-03-L0.1-H60,-7.606142728535395e-05,0.0,unidentifiable_c,-0.26468131770046344,-0.2891180789671552,98,57,98,0,0,41,57,0.0008286787833275919
349,2025-06-17,V2,V2-2025-06-03-L0.1-H60,-7.606142728535395e-05,0.0,unidentifiable_c,-0.2574641852992368,-0.22561657905128488,98,58,98,0,0,40,58,0.0007829807461835939
350,2025-06-18,V2,V2-2025-06-03-L0.1-H60,-7.606142728535395e-05,0.0,unidentifiable_c,-0.25561527328832184,-0.17313557768921894,98,53,98,0,0,45,53,0.0012398912208724674
351,2025-06-19,V2,V2-2025-06-03-L0.1-H60,-7.606142728535395e-05,0.0,unidentifiable_c,-0.04603790907178241,-0.05370544440186911,98,54,98,0,0,44,54,0.0016589412177234171
352,2025-06-20,V2,V2-2025-06-03-L0.1-H60,-7.606142728535395e-05,0.0,unidentifiable_c,-0.08953197023889217,-0.11070235274617847,98,52,98,0,0,46,52,0.0016639773440359077
353,2025-06-23,V2,V2-2025-06-03-L0.1-H60,-7.606142728535395e-05,0.0,unidentifiable_c,0.19252274480551354,0.20120413719354738,98,62,98,0,0,36,62,0.0017941049174036155
354,2025-06-24,V2,V2-2025-06-03-L0.1-H60,-7.606142728535395e-05,0.0,unidentifiable_c,0.15877053726832813,0.1570993427107765,98,58,98,0,0,40,58,0.0012632327922282686
355,2025-06-25,V2,V2-2025-06-03-L0.1-H60,-7.606142728535395e-05,0.0,unidentifiable_c,0.18971749899584947,0.204977813008802,98,52,98,0,0,46,52,0.0012881495730652482
356,2025-06-26,V2,V2-2025-06-03-L0.1-H60,-7.606142728535395e-05,0.0,unidentifiable_c,-0.04814184342903047,0.019095073738785176,98,53,98,0,0,45,53,0.0009946346589017878
357,2025-06-27,V2,V2-2025-06-03-L0.1-H60,-7.606142728535395e-05,0.0,unidentifiable_c,-0.13490044565155018,-0.09292642631632465,98,55,98,0,0,43,55,0.0013857616465488985
358,2025-06-30,V2,V2-2025-06-03-L0.1-H60,-7.606142728535395e-05,0.0,unidentifiable_c,-0.10638894733150991,-0.037356270865314865,98,56,98,0,0,42,56,0.0013356763114024284
359,2025-07-01,V2,V2-2025-07-01-L0.1-H60,-6.212691946105443e-05,0.0,unidentifiable_c,-0.07885928504485204,0.03231688274568122,98,57,98,0,0,41,57,0.0014760995073845337
360,2025-07-02,V2,V2-2025-07-01-L0.1-H60,-6.212691946105443e-05,0.0,unidentifiable_c,-0.17839450681865995,-0.13055821735313958,98,55,98,0,0,43,55,0.0009098242298555396
361,2025-07-03,V2,V2-2025-07-01-L0.1-H60,-6.212691946105443e-05,0.0,unidentifiable_c,0.11156590096207178,0.10580271222935202,98,49,98,0,0,49,49,0.0008058571768848232
362,2025-07-04,V2,V2-2025-07-01-L0.1-H60,-6.212691946105443e-05,0.0,unidentifiable_c,0.0532167881210591,0.042142534789046074,98,47,98,0,0,51,47,0.0007432346111580034
363,2025-07-07,V2,V2-2025-07-01-L0.1-H60,-6.212691946105443e-05,0.0,unidentifiable_c,-0.09941408615929971,-0.1645599584981731,98,51,98,0,0,47,51,0.0006860948751069212
364,2025-07-08,V2,V2-2025-07-01-L0.1-H60,-6.212691946105443e-05,0.0,unidentifiable_c,-0.08200881102206581,-0.16092106476496915,98,51,98,0,0,47,51,0.0007552984171227299
365,2025-07-09,V2,V2-2025-07-01-L0.1-H60,-6.212691946105443e-05,0.0,unidentifiable_c,0.13092209704875388,0.07335268503037164,98,53,98,0,0,45,53,0.0009604996230970862
366,2025-07-10,V2,V2-2025-07-01-L0.1-H60,-6.212691946105443e-05,0.0,unidentifiable_c,-0.12777257107154014,-0.05267298264351776,98,60,98,0,0,38,60,0.0009149387159440603
367,2025-07-11,V2,V2-2025-07-01-L0.1-H60,-6.212691946105443e-05,0.0,unidentifiable_c,0.029831238962314065,0.017544975048365736,98,55,98,0,0,43,55,0.0011114432743711963
368,2025-07-14,V2,V2-2025-07-01-L0.1-H60,-6.212691946105443e-05,0.0,unidentifiable_c,-0.002492843435406027,0.09231874233521126,98,67,98,0,0,31,67,0.0030100669070938523
369,2025-07-15,V2,V2-2025-07-01-L0.1-H60,-6.212691946105443e-05,0.0,unidentifiable_c,-0.04886865711607979,-0.033015282153914124,98,64,98,0,0,34,64,0.003965316629896743
370,2025-07-16,V2,V2-2025-07-01-L0.1-H60,-6.212691946105443e-05,0.0,unidentifiable_c,-0.043908472479901046,-0.02110313517295329,98,70,98,0,0,28,70,0.006480799036527906
371,2025-07-17,V2,V2-2025-07-01-L0.1-H60,-6.212691946105443e-05,0.0,unidentifiable_c,-0.13433939648961737,-0.08337035052986785,98,66,98,0,0,32,66,0.004345820964906264
372,2025-07-18,V2,V2-2025-07-01-L0.1-H60,-6.212691946105443e-05,0.0,unidentifiable_c,0.14621068671142307,0.06994028004974694,98,69,98,0,0,29,69,0.003678965191252507
373,2025-07-21,V2,V2-2025-07-01-L0.1-H60,-6.212691946105443e-05,0.0,unidentifiable_c,0.0898379970544919,0.05001802351942046,98,62,98,0,0,36,62,0.005299789967305089
374,2025-07-22,V2,V2-2025-07-01-L0.1-H60,-6.212691946105443e-05,0.0,unidentifiable_c,-0.09687661381328537,0.06869613110664227,98,68,98,0,0,30,68,0.005698897463168645
375,2025-07-23,V2,V2-2025-07-01-L0.1-H60,-6.212691946105443e-05,0.0,unidentifiable_c,-0.24814311854076207,0.023995016400927913,98,68,98,0,0,30,68,0.009856504020675037
376,2025-07-24,V2,V2-2025-07-01-L0.1-H60,-6.212691946105443e-05,0.0,unidentifiable_c,-0.06139025432103487,0.13355012027622606,98,69,98,0,0,29,69,0.005272628521347234
377,2025-07-25,V2,V2-2025-07-01-L0.1-H60,-6.212691946105443e-05,0.0,unidentifiable_c,-0.08963397917742542,0.14385317528484598,98,74,98,0,0,24,74,0.008831393811105407
378,2025-07-28,V2,V2-2025-07-01-L0.1-H60,-6.212691946105443e-05,0.0,unidentifiable_c,-0.21546200485817565,0.07652150264534884,98,59,98,0,0,39,59,0.0032072345358716116
379,2025-07-29,V2,V2-2025-07-01-L0.1-H60,-6.212691946105443e-05,0.0,unidentifiable_c,-0.07759692443050321,0.06955586374841541,98,64,98,0,0,34,64,0.002142210979467275
380,2025-07-30,V2,V2-2025-07-01-L0.1-H60,-6.212691946105443e-05,0.0,unidentifiable_c,-0.1662299408985712,-0.009526437224796408,98,61,98,0,0,37,61,0.001480051561749645
381,2025-07-31,V2,V2-2025-07-01-L0.1-H60,-6.212691946105443e-05,0.0,unidentifiable_c,0.012642732819463303,0.20443982760923776,98,67,98,0,0,31,67,0.002360983353555362
382,2025-08-01,V2,V2-2025-08-01-L0.1-H60,-5.567927722547224e-06,0.0,unidentifiable_c,0.07276425096749102,0.25662962838247766,98,66,98,0,0,32,66,0.0018895981319588411
383,2025-08-04,V2,V2-2025-08-01-L0.1-H60,-5.567927722547224e-06,0.0,unidentifiable_c,0.09124061995932392,0.30438296710796,98,66,98,0,0,32,66,0.003711488217696584
384,2025-08-05,V2,V2-2025-08-01-L0.1-H60,-5.567927722547224e-06,0.0,unidentifiable_c,-0.01067552902875746,0.3134043619735711,96,63,96,0,0,33,63,0.004537938386420363
385,2025-08-06,V2,V2-2025-08-01-L0.1-H60,-5.567927722547224e-06,0.0,unidentifiable_c,-0.10577862181226261,0.19803094059492815,96,62,96,0,0,34,62,0.0044406772501686415
386,2025-08-07,V2,V2-2025-08-01-L0.1-H60,-5.567927722547224e-06,0.0,unidentifiable_c,0.10421866521975041,0.2431965223444877,96,57,96,0,0,39,57,0.004185335148005969
387,2025-08-08,V2,V2-2025-08-01-L0.1-H60,-5.567927722547224e-06,0.0,unidentifiable_c,-0.10480195333695061,0.15347967328084666,96,56,96,0,0,40,56,0.004029994773680362
388,2025-08-11,V2,V2-2025-08-01-L0.1-H60,-5.567927722547224e-06,0.0,unidentifiable_c,0.09728703201302223,0.2260196335706711,96,59,96,0,0,37,59,0.002920708238440308
389,2025-08-12,V2,V2-2025-08-01-L0.1-H60,-5.567927722547224e-06,0.0,unidentifiable_c,0.09553716766142159,0.14473972150072512,96,57,96,0,0,39,57,0.00341070201003976
390,2025-08-13,V2,V2-2025-08-01-L0.1-H60,-5.567927722547224e-06,0.0,unidentifiable_c,0.10008138903960934,-0.01642563150899421,96,57,96,0,0,39,57,0.0035423154164784965
391,2025-08-14,V2,V2-2025-08-01-L0.1-H60,-5.567927722547224e-06,0.0,unidentifiable_c,-0.011652197504069452,0.05381476704223793,96,57,96,0,0,39,57,0.0057413305258868326
392,2025-08-15,V2,V2-2025-08-01-L0.1-H60,-5.567927722547224e-06,0.0,unidentifiable_c,0.012384698860553444,0.12936653263267886,96,60,96,0,0,36,60,0.005218569765423148
393,2025-08-18,V2,V2-2025-08-01-L0.1-H60,-5.567927722547224e-06,0.0,unidentifiable_c,0.0551953336950624,0.06867595675726164,96,60,96,0,0,36,60,0.004506460130594524
394,2025-08-19,V2,V2-2025-08-01-L0.1-H60,-5.567927722547224e-06,0.0,unidentifiable_c,0.12510851871947912,0.15298086999747978,96,61,96,0,0,35,61,0.003961311913949076
395,2025-08-20,V2,V2-2025-08-01-L0.1-H60,-5.567927722547224e-06,0.0,unidentifiable_c,0.4782148670645686,0.41193881421226963,96,59,96,0,0,37,59,0.007736281295860156
396,2025-08-21,V2,V2-2025-08-01-L0.1-H60,-5.567927722547224e-06,0.0,unidentifiable_c,0.24980674059892352,0.2875714694923946,94,59,94,0,0,35,59,0.003537294799420162
397,2025-08-22,V2,V2-2025-08-01-L0.1-H60,-5.567927722547224e-06,0.0,unidentifiable_c,0.4476142162275073,0.4505994829576122,93,53,93,0,0,40,53,0.0033824768810982973
398,2025-08-25,V2,V2-2025-08-01-L0.1-H60,-5.567927722547224e-06,0.0,unidentifiable_c,0.15454626838948402,0.2624058837302554,93,62,93,0,0,31,62,0.0028760001685010188
399,2025-08-26,V2,V2-2025-08-01-L0.1-H60,-5.567927722547224e-06,0.0,unidentifiable_c,0.02646892065291993,0.1214248894690454,93,63,93,0,0,30,63,0.003933222307041009
400,2025-08-27,V2,V2-2025-08-01-L0.1-H60,-5.567927722547224e-06,0.0,unidentifiable_c,-0.41716152905016257,-0.2696497902987749,93,45,93,0,0,48,45,0.005169880829177952
401,2025-08-28,V2,V2-2025-08-01-L0.1-H60,-5.567927722547224e-06,0.0,unidentifiable_c,-0.2427113485124287,-0.04905762391906992,93,46,93,0,0,47,46,0.0058161170913254975
402,2025-08-29,V2,V2-2025-08-01-L0.1-H60,-5.567927722547224e-06,0.0,unidentifiable_c,-0.3480349735907612,-0.06769239231780035,93,45,93,0,0,48,45,0.0071150310611314905
403,2025-09-01,V2,V2-2025-09-01-L0.1-H60,6.02503127123705e-05,0.0,unidentifiable_c,-0.24993285786756583,0.00011913574445887292,93,42,93,0,0,42,51,0.006225883661872797
404,2025-09-02,V2,V2-2025-09-01-L0.1-H60,6.02503127123705e-05,0.0,unidentifiable_c,-0.10202620035212316,0.007065363897531922,93,38,93,0,0,38,55,0.0030433499956938745
405,2025-09-03,V2,V2-2025-09-01-L0.1-H60,6.02503127123705e-05,0.0,unidentifiable_c,0.6200799737399658,0.4551766704530386,93,34,93,0,0,34,59,0.005880325612215391
406,2025-09-04,V2,V2-2025-09-01-L0.1-H60,6.02503127123705e-05,0.0,unidentifiable_c,0.2981409089552684,0.22963020769520892,93,27,93,0,0,27,66,0.007502688388069445
407,2025-09-05,V2,V2-2025-09-01-L0.1-H60,6.02503127123705e-05,0.0,unidentifiable_c,0.4217271940556831,0.4132347965906986,93,21,93,0,0,21,72,0.00514769140570995
408,2025-09-08,V2,V2-2025-09-01-L0.1-H60,6.02503127123705e-05,0.0,unidentifiable_c,0.5401808361433558,0.42215090054658566,93,32,93,0,0,32,61,0.0070645859439432525
409,2025-09-09,V2,V2-2025-09-01-L0.1-H60,6.02503127123705e-05,0.0,unidentifiable_c,0.5466861627525289,0.36720104818851385,93,29,93,0,0,29,64,0.006497647873144732
410,2025-09-10,V2,V2-2025-09-01-L0.1-H60,6.02503127123705e-05,0.0,unidentifiable_c,0.4528065411357464,0.37376129894319965,93,26,93,0,0,26,67,0.0039038395974140354
411,2025-09-11,V2,V2-2025-09-01-L0.1-H60,6.02503127123705e-05,0.0,unidentifiable_c,0.20670824505386287,0.22734944571412796,93,35,93,0,0,35,58,0.0032787633994216104
412,2025-09-12,V2,V2-2025-09-01-L0.1-H60,6.02503127123705e-05,0.0,unidentifiable_c,0.4299334546865208,0.4735522758481851,93,32,93,0,0,32,61,0.0049749894086120955
413,2025-09-15,V2,V2-2025-09-01-L0.1-H60,6.02503127123705e-05,0.0,unidentifiable_c,0.39656829100892244,0.433604405647575,94,29,94,0,0,29,65,0.006261065887922719
414,2025-09-16,V2,V2-2025-09-01-L0.1-H60,6.02503127123705e-05,0.0,unidentifiable_c,0.47244157063902037,0.522638269639194,94,35,94,0,0,35,59,0.008548646626877763
415,2025-09-17,V2,V2-2025-09-01-L0.1-H60,6.02503127123705e-05,0.0,unidentifiable_c,0.5371221389991345,0.5490616430819111,93,35,93,0,0,35,58,0.007453234336244587
416,2025-09-18,V2,V2-2025-09-01-L0.1-H60,6.02503127123705e-05,0.0,unidentifiable_c,0.4756348661633493,0.45547022652023494,93,32,93,0,0,32,61,0.006906782413518852
417,2025-09-19,V2,V2-2025-09-01-L0.1-H60,6.02503127123705e-05,0.0,unidentifiable_c,0.3130315418817701,0.4040809880583477,93,35,93,0,0,35,58,0.005331707489567812
418,2025-09-22,V2,V2-2025-09-01-L0.1-H60,6.02503127123705e-05,0.0,unidentifiable_c,0.5068783384560293,0.5176360046424091,93,41,93,0,0,41,52,0.0069165041067030366
419,2025-09-23,V2,V2-2025-09-01-L0.1-H60,6.02503127123705e-05,0.0,unidentifiable_c,0.3274971872447328,0.36455683016419105,92,34,92,0,0,34,58,0.006035454014358196
420,2025-09-24,V2,V2-2025-09-01-L0.1-H60,6.02503127123705e-05,0.0,unidentifiable_c,0.07095849452090686,0.2667793387983887,92,42,92,0,0,42,50,0.004726734256176957
421,2025-09-25,V2,V2-2025-09-01-L0.1-H60,6.02503127123705e-05,0.0,unidentifiable_c,0.21683645947320562,0.3704736475026601,92,37,92,0,0,37,55,0.00603935760095232
422,2025-09-26,V2,V2-2025-09-01-L0.1-H60,6.02503127123705e-05,0.0,unidentifiable_c,-0.09843872817224852,-0.06401337522173478,92,50,92,0,0,50,42,0.004130379352158961
423,2025-09-29,V2,V2-2025-09-01-L0.1-H60,6.02503127123705e-05,0.0,unidentifiable_c,-0.3740116825670823,-0.3535943504437844,92,49,92,0,0,49,43,0.003148207502205136
424,2025-09-30,V2,V2-2025-09-01-L0.1-H60,6.02503127123705e-05,0.0,unidentifiable_c,-0.3888126286890871,-0.3075709855196108,93,47,93,0,0,47,46,0.003772730909263819
425,2025-10-09,V2,V2-2025-10-09-L0.1-H60,0.0009079768276019429,0.007985270442574523,,-0.44040762734624445,-0.3663807746866641,93,32,93,0,0,46,47,0.002939254660178268
426,2025-10-10,V2,V2-2025-10-09-L0.1-H60,0.0009079768276019429,0.007985270442574523,,-0.48175226045179187,-0.41207613737785137,93,34,93,0,0,51,42,0.003738025832233663
427,2025-10-13,V2,V2-2025-10-09-L0.1-H60,0.0009079768276019429,0.007985270442574523,,-0.1749127152278356,0.02091569419781439,93,58,93,0,0,30,63,0.003021213842108261
428,2025-10-14,V2,V2-2025-10-09-L0.1-H60,0.0009079768276019429,0.007985270442574523,,-0.2644149839251526,-0.10206596860564054,94,46,94,0,0,38,56,0.002531616143058624
429,2025-10-15,V2,V2-2025-10-09-L0.1-H60,0.0009079768276019429,0.007985270442574523,,-0.4225047863309612,-0.36857665187882244,94,35,94,0,0,46,48,0.0021574379060578302
430,2025-10-16,V2,V2-2025-10-09-L0.1-H60,0.0009079768276019429,0.007985270442574523,,0.4987103998844055,0.46244608434678325,94,72,94,0,0,34,60,0.00392073351350052
431,2025-10-17,V2,V2-2025-10-09-L0.1-H60,0.0009079768276019429,0.007985270442574523,,0.25991041433370665,0.4487965973338497,95,69,95,0,0,30,65,0.007545640128809094
432,2025-10-20,V2,V2-2025-10-09-L0.1-H60,0.0009079768276019429,0.007985270442574523,,0.10755879059350504,0.2998407021345718,95,58,95,0,0,34,61,0.004248471262348316
433,2025-10-21,V2,V2-2025-10-09-L0.1-H60,0.0009079768276019429,0.007985270442574523,,0.31517357222844344,0.44664368901033574,95,65,95,0,0,34,61,0.006813611292790566
434,2025-10-22,V2,V2-2025-10-09-L0.1-H60,0.0009079768276019429,0.007985270442574523,,0.2610442329227324,0.3703218422135417,95,66,95,0,0,30,65,0.006697897778118609
435,2025-10-23,V2,V2-2025-10-09-L0.1-H60,0.0009079768276019429,0.007985270442574523,,-0.015215565509518476,0.00035835692578332126,95,49,95,0,0,41,54,0.003482034472444764
436,2025-10-24,V2,V2-2025-10-09-L0.1-H60,0.0009079768276019429,0.007985270442574523,,-0.11187010078387458,-0.04421062763106024,95,48,95,0,0,40,55,0.003634231204700085
437,2025-10-27,V2,V2-2025-10-09-L0.1-H60,0.0009079768276019429,0.007985270442574523,,-0.15261758118701008,-0.10103745291992837,95,41,95,0,0,52,43,0.0025937441741038566
438,2025-10-28,V2,V2-2025-10-09-L0.1-H60,0.0009079768276019429,0.007985270442574523,,-0.005809070548712206,-0.008580163628408643,95,38,95,0,0,49,46,0.00300120705698479
439,2025-10-29,V2,V2-2025-10-09-L0.1-H60,0.0009079768276019429,0.007985270442574523,,-0.08548432250839866,0.002950203333421705,95,42,95,0,0,45,50,0.002933910103757212
440,2025-10-30,V2,V2-2025-10-09-L0.1-H60,0.0009079768276019429,0.007985270442574523,,0.3237821948488242,0.3222773637968181,95,61,95,0,0,40,55,0.003197252708789146
441,2025-10-31,V2,V2-2025-10-09-L0.1-H60,0.0009079768276019429,0.007985270442574523,,0.2196108622620381,0.2639992487561795,95,61,95,0,0,39,56,0.0038334158497725147
442,2025-11-03,V2,V2-2025-11-03-L0.1-H60,0.0016864423952503184,0.01035567223147261,,0.326553751399776,0.3885416473127268,95,57,95,0,0,45,50,0.00260665223288759
443,2025-11-04,V2,V2-2025-11-03-L0.1-H60,0.0016864423952503184,0.01035567223147261,,0.26857502799552074,0.3383460964170862,95,58,95,0,0,38,57,0.0036110006993457554
444,2025-11-05,V2,V2-2025-11-03-L0.1-H60,0.0016864423952503184,0.01035567223147261,,0.34966405375139975,0.3537282833137671,95,58,95,0,0,38,57,0.002984053907339205
445,2025-11-06,V2,V2-2025-11-03-L0.1-H60,0.0016864423952503184,0.01035567223147261,,0.2892077267637178,0.2557788522950908,95,61,95,0,0,48,47,0.001327223693218767
446,2025-11-07,V2,V2-2025-11-03-L0.1-H60,0.0016864423952503184,0.01035567223147261,,0.16007867607162235,0.07792761437490242,96,55,96,0,0,47,49,0.001652338641426697
447,2025-11-10,V2,V2-2025-11-03-L0.1-H60,0.0016864423952503184,0.01035567223147261,,-0.2709441128594683,-0.3049902744593691,96,44,96,0,0,41,55,0.0018757196373118282
448,2025-11-11,V2,V2-2025-11-03-L0.1-H60,0.0016864423952503184,0.01035567223147261,,-0.2431226261530114,-0.2969831405451984,96,50,96,0,0,38,58,0.002899436109102652
449,2025-11-12,V2,V2-2025-11-03-L0.1-H60,0.0016864423952503184,0.01035567223147261,,-0.25750135648399347,-0.3935982421962792,96,38,96,0,0,55,41,0.0032802964220022836
450,2025-11-13,V2,V2-2025-11-03-L0.1-H60,0.0016864423952503184,0.01035567223147261,,-0.36244214180517564,-0.44768039896660244,97,26,97,0,0,57,40,0.0034877348957541698
451,2025-11-14,V2,V2-2025-11-03-L0.1-H60,0.0016864423952503184,0.01035567223147261,,-0.45132021880917306,-0.48944603553323834,97,28,97,0,0,58,39,0.005248867984237994
452,2025-11-17,V2,V2-2025-11-03-L0.1-H60,0.0016864423952503184,0.01035567223147261,,-0.37236842105263157,-0.353966400269755,96,31,96,0,0,56,40,0.0030619858352974143
453,2025-11-18,V2,V2-2025-11-03-L0.1-H60,0.0016864423952503184,0.01035567223147261,,-0.3917525773195876,-0.33903956326901347,96,34,96,0,0,51,45,0.0031761695848114366
454,2025-11-19,V2,V2-2025-11-03-L0.1-H60,0.0016864423952503184,0.01035567223147261,,-0.4537303309820944,-0.2788761930702608,96,38,96,0,0,42,54,0.002956159636315616
455,2025-11-20,V2,V2-2025-11-03-L0.1-H60,0.0016864423952503184,0.01035567223147261,,-0.34021975040694524,-0.10184685249585945,96,50,96,0,0,35,61,0.0027320538612387417
456,2025-11-21,V2,V2-2025-11-03-L0.1-H60,0.0016864423952503184,0.01035567223147261,,-0.37554259359739556,-0.3398102069502506,96,33,96,0,0,37,59,0.003735302685694726
457,2025-11-24,V2,V2-2025-11-03-L0.1-H60,0.0016864423952503184,0.01035567223147261,,-0.2844411285946826,-0.34928265212332044,96,36,96,0,0,35,61,0.002685520609485917
458,2025-11-25,V2,V2-2025-11-03-L0.1-H60,0.0016864423952503184,0.01035567223147261,,-0.09206456863809008,-0.148433399531524,96,41,96,0,0,49,47,0.002342976277625879
459,2025-11-26,V2,V2-2025-11-03-L0.1-H60,0.0016864423952503184,0.01035567223147261,,-0.023412913727618015,-0.0840550518190529,96,49,96,0,0,50,46,0.0020241843623979633
460,2025-11-27,V2,V2-2025-11-03-L0.1-H60,0.0016864423952503184,0.01035567223147261,,0.05256375474769397,-0.041804621117169746,96,46,96,0,0,48,48,0.0022412735847139324
461,2025-11-28,V2,V2-2025-11-03-L0.1-H60,0.0016864423952503184,0.01035567223147261,,0.04612045577862181,0.06707022131218612,96,50,96,0,0,43,53,0.001491642988761208
462,2025-12-01,V2,V2-2025-12-01-L0.1-H60,0.00233827003387324,0.012000158384296014,,-0.25097666847531197,-0.23844753018129733,96,35,96,0,0,39,57,0.001717088427694837
463,2025-12-02,V2,V2-2025-12-01-L0.1-H60,0.00233827003387324,0.012000158384296014,,-0.2860689093868692,-0.23610536972080937,96,41,96,0,0,40,56,0.0012479632130659123
464,2025-12-03,V2,V2-2025-12-01-L0.1-H60,0.00233827003387324,0.012000158384296014,,-0.2405995659251221,-0.29144481628245567,96,50,96,0,0,41,55,0.0013740426744291451
465,2025-12-04,V2,V2-2025-12-01-L0.1-H60,0.00233827003387324,0.012000158384296014,,-0.2660200759631036,-0.2347116841383756,96,43,96,0,0,43,53,0.001343659584209035
466,2025-12-05,V2,V2-2025-12-01-L0.1-H60,0.00233827003387324,0.012000158384296014,,0.308776451437873,0.2518209892729295,96,67,96,0,0,51,45,0.0011540354265238367
467,2025-12-08,V2,V2-2025-12-01-L0.1-H60,0.00233827003387324,0.012000158384296014,,0.0702794357026587,0.023866297408238504,96,51,96,0,0,53,43,0.00203586281975904
468,2025-12-09,V2,V2-2025-12-01-L0.1-H60,0.00233827003387324,0.012000158384296014,,-0.26428377645143786,-0.33488537814949243,96,34,96,0,0,46,50,0.0016713441586800931
469,2025-12-10,V2,V2-2025-12-01-L0.1-H60,0.00233827003387324,0.012000158384296014,,-0.20838307107976126,-0.28164893208548236,96,38,96,0,0,45,51,0.0016053816100685028
470,2025-12-11,V2,V2-2025-12-01-L0.1-H60,0.00233827003387324,0.012000158384296014,,-0.0906494960806271,-0.11382924822059504,95,42,95,0,0,45,50,0.0018689264829639001
471,2025-12-12,V2,V2-2025-12-01-L0.1-H60,0.00233827003387324,0.012000158384296014,,-0.2789193729003359,-0.2693642612021956,95,43,95,0,0,38,57,0.0011409247862355044
472,2025-12-15,V2,V2-2025-12-01-L0.1-H60,0.00233827003387324,0.012000158384296014,,-0.38684210526315793,-0.36325662858350927,95,37,95,0,0,39,56,0.0012656277993166912
473,2025-12-16,V2,V2-2025-12-01-L0.1-H60,0.00233827003387324,0.012000158384296014,,-0.42925531914893617,-0.28670495999564877,95,32,95,0,0,35,60,0.0015172906762746892
474,2025-12-17,V2,V2-2025-12-01-L0.1-H60,0.00233827003387324,0.012000158384296014,,-0.2702547592385218,-0.1287125495969293,95,39,95,0,0,44,51,0.001577043735939923
475,2025-12-18,V2,V2-2025-12-01-L0.1-H60,0.00233827003387324,0.012000158384296014,,-0.2858762597984323,-0.1858462374003224,95,44,95,0,0,33,62,0.002396872388198099
476,2025-12-19,V2,V2-2025-12-01-L0.1-H60,0.00233827003387324,0.012000158384296014,,-0.0019316909294512879,0.06580832778649592,95,55,95,0,0,33,62,0.0015543672189557414
477,2025-12-22,V2,V2-2025-12-01-L0.1-H60,0.00233827003387324,0.012000158384296014,,0.13419788317740128,0.1480981608910211,94,53,94,0,0,35,59,0.0019079624962967145
478,2025-12-23,V2,V2-2025-12-01-L0.1-H60,0.00233827003387324,0.012000158384296014,,-0.06809233103348626,0.02379931750929496,94,44,94,0,0,37,57,0.0013606347365058746
479,2025-12-24,V2,V2-2025-12-01-L0.1-H60,0.00233827003387324,0.012000158384296014,,0.07254271574612578,0.09104831569026045,94,57,94,0,0,36,58,0.001664996461718226
480,2025-12-25,V2,V2-2025-12-01-L0.1-H60,0.00233827003387324,0.012000158384296014,,0.19934978145432217,0.22758662945547067,94,58,94,0,0,42,52,0.0017878567090622373
481,2025-12-26,V2,V2-2025-12-01-L0.1-H60,0.00233827003387324,0.012000158384296014,,0.2103890474298306,0.2515149280246074,94,63,94,0,0,34,60,0.0023574894098548006
482,2025-12-29,V2,V2-2025-12-01-L0.1-H60,0.00233827003387324,0.012000158384296014,,-0.11502366073041217,0.013547851550455358,94,49,94,0,0,33,61,0.0023710464362149608
483,2025-12-30,V2,V2-2025-12-01-L0.1-H60,0.00233827003387324,0.012000158384296014,,0.1474623415092295,0.11837122086712713,94,56,94,0,0,35,59,0.0026483726087059255
484,2025-12-31,V2,V2-2025-12-01-L0.1-H60,0.00233827003387324,0.012000158384296014,,0.10375320593866272,0.06684501285847977,94,53,94,0,0,41,53,0.0031263858483307366
485,2026-01-05,V2,V2-2026-01-05-L0.1-H60,0.0021031973050478917,0.010454039619025279,,-0.06882924538525449,-0.033219389180478696,94,49,94,0,0,37,57,0.0034906841332273315
486,2026-01-06,V2,V2-2026-01-05-L0.1-H60,0.0021031973050478917,0.010454039619025279,,-0.16587075100242027,-0.05324623696679489,94,44,94,0,0,38,56,0.005568563334578332
487,2026-01-07,V2,V2-2026-01-05-L0.1-H60,0.0021031973050478917,0.010454039619025279,,-0.0029535274356103027,0.05853370910213133,95,57,95,0,0,35,60,0.003991479240775297
488,2026-01-08,V2,V2-2026-01-05-L0.1-H60,0.0021031973050478917,0.010454039619025279,,0.24013157894736845,0.27679960110247775,95,62,95,0,0,38,57,0.005439815721700859
489,2026-01-09,V2,V2-2026-01-05-L0.1-H60,0.0021031973050478917,0.010454039619025279,,0.16321388577827547,0.25932287335935494,95,64,95,0,0,29,66,0.004191845002518051
490,2026-01-12,V2,V2-2026-01-05-L0.1-H60,0.0021031973050478917,0.010454039619025279,,0.13265677491601344,0.2229914835963256,95,63,95,0,0,31,64,0.006094960915832688
491,2026-01-13,V2,V2-2026-01-05-L0.1-H60,0.0021031973050478917,0.010454039619025279,,0.1583986562150056,0.17737409754582328,95,56,95,0,0,31,64,0.008040205971079756
492,2026-01-14,V2,V2-2026-01-05-L0.1-H60,0.0021031973050478917,0.010454039619025279,,0.07418812989921614,0.2631813624213152,95,58,95,0,0,32,63,0.006003872870010377
493,2026-01-15,V2,V2-2026-01-05-L0.1-H60,0.0021031973050478917,0.010454039619025279,,0.25491321388577826,0.32337581538683996,95,60,95,0,0,36,59,0.0029222483558057426
494,2026-01-16,V2,V2-2026-01-05-L0.1-H60,0.0021031973050478917,0.010454039619025279,,0.33955767077267646,0.3985088552841705,95,66,95,0,0,39,56,0.0029386552025206574
495,2026-01-19,V2,V2-2026-01-05-L0.1-H60,0.0021031973050478917,0.010454039619025279,,0.504087346024636,0.4732083019423223,95,64,95,0,0,39,56,0.00434384561755633
496,2026-01-20,V2,V2-2026-01-05-L0.1-H60,0.0021031973050478917,0.010454039619025279,,0.39543673012318026,0.407560350630828,95,71,95,0,0,34,61,0.005307905970102911
497,2026-01-21,V2,V2-2026-01-05-L0.1-H60,0.0021031973050478917,0.010454039619025279,,0.16280795072788354,0.1894870213775062,95,61,95,0,0,39,56,0.00497991277566853
498,2026-01-22,V2,V2-2026-01-05-L0.1-H60,0.0021031973050478917,0.010454039619025279,,0.07653975363941769,0.2859660967611038,95,58,95,0,0,33,62,0.006566215424109618
499,2026-01-23,V2,V2-2026-01-05-L0.1-H60,0.0021031973050478917,0.010454039619025279,,-0.22698768197088467,-0.027393105439938642,95,48,95,0,0,42,53,0.00312072230645002
500,2026-01-26,V2,V2-2026-01-05-L0.1-H60,0.0021031973050478917,0.010454039619025279,,-0.13296472564389697,0.081597450593868,95,45,95,0,0,47,48,0.004452102649572644
501,2026-01-27,V2,V2-2026-01-05-L0.1-H60,0.0021031973050478917,0.010454039619025279,,-0.4208426651735722,-0.3247754007258199,95,32,95,0,0,58,37,0.005285587965881827
502,2026-01-28,V2,V2-2026-01-05-L0.1-H60,0.0021031973050478917,0.010454039619025279,,-0.4135638297872341,-0.3888031754971319,95,30,95,0,0,55,40,0.004932880455407083
503,2026-01-29,V2,V2-2026-01-05-L0.1-H60,0.0021031973050478917,0.010454039619025279,,-0.5411394176931691,-0.5174759630661281,95,28,95,0,0,58,37,0.0051362950369687466
504,2026-01-30,V2,V2-2026-01-05-L0.1-H60,0.0021031973050478917,0.010454039619025279,,-0.2320130222463375,-0.13094632618655688,96,51,96,0,0,40,56,0.0023745592105961083
505,2026-02-02,V2,V2-2026-02-02-L0.1-H60,0.0027954296901284083,0.014766513426502996,,-0.2941942485078676,-0.27775667411072547,96,33,96,0,0,55,41,0.0018492427905299157
506,2026-02-03,V2,V2-2026-02-02-L0.1-H60,0.0027954296901284083,0.014766513426502996,,-0.030100379815518177,0.11729139166044183,96,51,96,0,0,42,54,0.0017826982695669233
507,2026-02-04,V2,V2-2026-02-02-L0.1-H60,0.0027954296901284083,0.014766513426502996,,0.24525230602278894,0.3939820758689772,96,62,96,0,0,36,60,0.0033254901535231893
508,2026-02-05,V2,V2-2026-02-02-L0.1-H60,0.0027954296901284083,0.014766513426502996,,0.19376017362995118,0.30712991833235637,96,63,96,0,0,32,64,0.005092541753685343
509,2026-02-06,V2,V2-2026-02-02-L0.1-H60,0.0027954296901284083,0.014766513426502996,,0.2595360824742268,0.32744496633560705,96,63,96,0,0,29,67,0.004370609796282454
510,2026-02-09,V2,V2-2026-02-02-L0.1-H60,0.0027954296901284083,0.014766513426502996,,0.22121540965816602,0.2685992874265407,96,64,96,0,0,33,63,0.004552093303635879
511,2026-02-10,V2,V2-2026-02-02-L0.1-H60,0.0027954296901284083,0.014766513426502996,,0.24415355398806296,0.32980599002283767,96,60,96,0,0,35,61,0.005024592771786546
512,2026-02-11,V2,V2-2026-02-02-L0.1-H60,0.0027954296901284083,0.014766513426502996,,0.05576741005680622,0.1132320042833518,97,51,97,0,0,38,59,0.0034031338202747054
513,2026-02-12,V2,V2-2026-02-02-L0.1-H60,0.0027954296901284083,0.014766513426502996,,0.09746475909951609,0.1645225109392341,97,53,97,0,0,47,50,0.005457388809205375
514,2026-02-13,V2,V2-2026-02-02-L0.1-H60,0.0027954296901284083,0.014766513426502996,,0.00156480117820324,0.10215208951498647,97,40,97,0,0,44,53,0.00759282076456277
515,2026-02-24,V2,V2-2026-02-02-L0.1-H60,0.0027954296901284083,0.014766513426502996,,0.13465179886387543,0.15455260964710513,97,50,97,0,0,40,57,0.0037234885185873676
516,2026-02-25,V2,V2-2026-02-02-L0.1-H60,0.0027954296901284083,0.014766513426502996,,0.1023169577109194,0.08438929813647669,97,48,97,0,0,43,54,0.003471145639453558
517,2026-02-26,V2,V2-2026-02-02-L0.1-H60,0.0027954296901284083,0.014766513426502996,,0.12450031559015359,0.0764112335927917,97,53,97,0,0,41,56,0.0038417003089468503
518,2026-02-27,V2,V2-2026-02-02-L0.1-H60,0.0027954296901284083,0.014766513426502996,,-0.07233589312013464,-0.16886391909503212,97,48,97,0,0,44,53,0.004770343306969231
519,2026-03-02,V2,V2-2026-03-02-L0.1-H60,0.0024029715844640087,0.012964115102268449,optimization_failed,-0.10695876288659792,-0.15086760486081408,97,48,97,0,0,36,61,0.007578012528504725
520,2026-03-03,V2,V2-2026-03-02-L0.1-H60,0.0024029715844640087,0.012964115102268449,optimization_failed,-0.2818351567431096,-0.23955445946981133,97,41,97,0,0,39,58,0.004922312131336627
521,2026-03-04,V2,V2-2026-03-02-L0.1-H60,0.0024029715844640087,0.012964115102268449,optimization_failed,-0.14088470439722278,-0.09318964664563392,97,50,97,0,0,46,51,0.0054479936500929195
522,2026-03-05,V2,V2-2026-03-02-L0.1-H60,0.0024029715844640087,0.012964115102268449,optimization_failed,-0.0005259835893120134,-0.006884535581149763,97,62,97,0,0,44,53,0.004620587436996959
523,2026-03-06,V2,V2-2026-03-02-L0.1-H60,0.0024029715844640087,0.012964115102268449,optimization_failed,0.0353197980223017,0.024398752662565516,97,57,97,0,0,46,51,0.003384285221923827
524,2026-03-09,V2,V2-2026-03-02-L0.1-H60,0.0024029715844640087,0.012964115102268449,optimization_failed,0.1336787292236482,0.05220364405455895,97,58,97,0,0,48,49,0.003374096173909083
525,2026-03-10,V2,V2-2026-03-02-L0.1-H60,0.0024029715844640087,0.012964115102268449,optimization_failed,-0.028482011361245528,0.10297307497863491,97,48,97,0,0,43,54,0.0033443706923487323
526,2026-03-11,V2,V2-2026-03-02-L0.1-H60,0.0024029715844640087,0.012964115102268449,optimization_failed,0.08177729854828529,0.1482593263617354,97,54,97,0,0,43,54,0.003398237159764395
527,2026-03-12,V2,V2-2026-03-02-L0.1-H60,0.0024029715844640087,0.012964115102268449,optimization_failed,0.3010204081632653,0.23318605184593302,97,59,97,0,0,42,55,0.0027430516294775806
528,2026-03-13,V2,V2-2026-03-02-L0.1-H60,0.0024029715844640087,0.012964115102268449,optimization_failed,0.31849621291815694,0.2619533263939102,97,59,97,0,0,42,55,0.0018000579054629584
529,2026-03-16,V2,V2-2026-03-02-L0.1-H60,0.0024029715844640087,0.012964115102268449,optimization_failed,0.48759993688196923,0.40189190549491766,97,65,97,0,0,44,53,0.0018270629400920432
530,2026-03-17,V2,V2-2026-03-02-L0.1-H60,0.0024029715844640087,0.012964115102268449,optimization_failed,0.34124500315590145,0.2675036871295112,97,63,97,0,0,47,50,0.00189967497406242
531,2026-03-18,V2,V2-2026-03-02-L0.1-H60,0.0024029715844640087,0.012964115102268449,optimization_failed,0.10129128971176099,0.061989804733664305,97,54,97,0,0,48,49,0.0034835394828285865
532,2026-03-19,V2,V2-2026-03-02-L0.1-H60,0.0024029715844640087,0.012964115102268449,optimization_failed,-0.06459078476751524,-0.10320073520957161,97,45,97,0,0,47,50,0.0032794462031110415
533,2026-03-20,V2,V2-2026-03-02-L0.1-H60,0.0024029715844640087,0.012964115102268449,optimization_failed,-0.259678098043341,-0.12364056581531596,97,44,97,0,0,45,52,0.0033476320347503798
534,2026-03-23,V2,V2-2026-03-02-L0.1-H60,0.0024029715844640087,0.012964115102268449,optimization_failed,-0.08920681674731747,-0.10823381504308735,97,48,97,0,0,56,41,0.003105962739041672
535,2026-03-24,V2,V2-2026-03-02-L0.1-H60,0.0024029715844640087,0.012964115102268449,optimization_failed,-0.08161950347149169,-0.14490631643365948,97,48,97,0,0,58,39,0.002768046690816653
536,2026-03-25,V2,V2-2026-03-02-L0.1-H60,0.0024029715844640087,0.012964115102268449,optimization_failed,-0.09274405638544077,-0.09510549393797763,97,46,97,0,0,56,41,0.0029138297714407933
537,2026-03-26,V2,V2-2026-03-02-L0.1-H60,0.0024029715844640087,0.012964115102268449,optimization_failed,0.0857221754681254,-0.0719471160029729,97,56,97,0,0,52,45,0.003426726517738904
538,2026-03-27,V2,V2-2026-03-02-L0.1-H60,0.0024029715844640087,0.012964115102268449,optimization_failed,0.0587786661056175,-0.034798015766740485,97,58,97,0,0,43,54,0.002744650501335932
539,2026-03-30,V2,V2-2026-03-02-L0.1-H60,0.0024029715844640087,0.012964115102268449,optimization_failed,-0.40345571218177984,-0.3017441164702609,97,36,97,0,0,42,55,0.0035180731417715585
540,2026-03-31,V2,V2-2026-03-02-L0.1-H60,0.0024029715844640087,0.012964115102268449,optimization_failed,-0.21262886597938144,-0.11185561881779606,97,47,97,0,0,36,61,0.0024847865783068543
541,2026-04-01,V2,V2-2026-04-01-L0.1-H60,0.0017378929983365755,0.009814734626491068,,-0.3174705449189985,-0.1684857275898613,97,43,97,0,0,40,57,0.003818257058904955
542,2026-04-02,V2,V2-2026-04-01-L0.1-H60,0.0017378929983365755,0.009814734626491068,,-0.36650536503261094,-0.2219926795435119,97,37,97,0,0,43,54,0.005592166924995469
543,2026-04-03,V2,V2-2026-04-01-L0.1-H60,0.0017378929983365755,0.009814734626491068,,-0.3394566589522407,-0.20459766282247993,97,39,97,0,0,44,53,0.00687016450106411
544,2026-04-07,V2,V2-2026-04-01-L0.1-H60,0.0017378929983365755,0.009814734626491068,,-0.10044971596886175,0.03286177634927227,97,47,97,0,0,40,57,0.0033926466727880675
545,2026-04-08,V2,V2-2026-04-01-L0.1-H60,0.0017378929983365755,0.009814734626491068,,-0.1792552072375342,-0.024047083870554497,97,44,97,0,0,42,55,0.0035672330193417786
546,2026-04-09,V2,V2-2026-04-01-L0.1-H60,0.0017378929983365755,0.009814734626491068,,-0.133231643172733,-0.028290763373807305,97,47,97,0,0,41,56,0.001919148598172213
547,2026-04-10,V2,V2-2026-04-01-L0.1-H60,0.0017378929983365755,0.009814734626491068,,0.01101935619608668,0.1412656619347722,97,52,97,0,0,42,55,0.0018178782518231435
548,2026-04-13,V2,V2-2026-04-01-L0.1-H60,0.0017378929983365755,0.009814734626491068,,0.004576057227014517,0.04755763103788133,97,56,97,0,0,41,56,0.0017590816287009847
549,2026-04-14,V2,V2-2026-04-01-L0.1-H60,0.0017378929983365755,0.009814734626491068,,0.07847675152535241,0.14641501654404,97,59,97,0,0,37,60,0.002882940048680027
550,2026-04-15,V2,V2-2026-04-01-L0.1-H60,0.0017378929983365755,0.009814734626491068,,-0.07896328634546601,-0.080825746386754,97,52,97,0,0,34,63,0.0032031846557442566
551,2026-04-16,V2,V2-2026-04-01-L0.1-H60,0.0017378929983365755,0.009814734626491068,,0.003458342099726488,0.02056695260800923,97,56,97,0,0,38,59,0.0024454346283817427
552,2026-04-17,V2,V2-2026-04-01-L0.1-H60,0.0017378929983365755,0.009814734626491068,,0.08054123711340205,0.07230224521821298,97,53,97,0,0,39,58,0.0027439492271319607
553,2026-04-20,V2,V2-2026-04-01-L0.1-H60,0.0017378929983365755,0.009814734626491068,,0.19633652430044182,0.12879725840227244,97,59,97,0,0,40,57,0.0031538418240835875
554,2026-04-21,V2,V2-2026-04-01-L0.1-H60,0.0017378929983365755,0.009814734626491068,,0.149629181569535,0.09045411214608695,97,58,97,0,0,43,54,0.002575956649495687
555,2026-04-22,V2,V2-2026-04-01-L0.1-H60,0.0017378929983365755,0.009814734626491068,,0.3153553988062941,0.3122727374103237,96,66,96,0,0,34,62,0.005120507666326421
556,2026-04-23,V2,V2-2026-04-01-L0.1-H60,0.0017378929983365755,0.009814734626491068,,0.4409522517634292,0.40850548716169144,96,63,96,0,0,38,58,0.006230928968591692
557,2026-04-24,V2,V2-2026-04-01-L0.1-H60,0.0017378929983365755,0.009814734626491068,,0.4887004883342376,0.48930089332012666,96,66,96,0,0,40,56,0.004719124491705876
558,2026-04-27,V2,V2-2026-04-01-L0.1-H60,0.0017378929983365755,0.009814734626491068,,0.4774552360282148,0.4711691190279952,96,65,96,0,0,41,55,0.0042868259297845785
559,2026-04-28,V2,V2-2026-04-01-L0.1-H60,0.0017378929983365755,0.009814734626491068,,0.565002712967987,0.5325120898588901,96,72,96,0,0,37,59,0.008946481879196526
560,2026-04-29,V2,V2-2026-04-01-L0.1-H60,0.0017378929983365755,0.009814734626491068,,0.4166841994529771,0.4106011855345887,97,67,97,0,0,35,62,0.009246568373186928
561,2026-04-30,V2,V2-2026-04-01-L0.1-H60,0.0017378929983365755,0.009814734626491068,,0.3408708627238199,0.34899551637198994,96,65,96,0,0,36,60,0.006902485393091664
562,2026-05-06,V2,V2-2026-05-06-L0.1-H60,0.0005668470274259762,0.0041326317378508,,0.2429869777536625,0.39459015801488384,96,63,96,0,0,33,63,0.006491651987827911
563,2026-05-07,V2,V2-2026-05-06-L0.1-H60,0.0005668470274259762,0.0041326317378508,,0.40978024959305476,0.4790447601349391,96,64,96,0,0,37,59,0.006189498795619381
564,2026-05-08,V2,V2-2026-05-06-L0.1-H60,0.0005668470274259762,0.0041326317378508,,0.324755832881172,0.4152606881565493,96,62,96,0,0,38,58,0.0034860071740239265
565,2026-05-11,V2,V2-2026-05-06-L0.1-H60,0.0005668470274259762,0.0041326317378508,,0.3598887683125339,0.4061522338413467,96,65,96,0,0,39,57,0.004442084896706385
566,2026-05-12,V2,V2-2026-05-06-L0.1-H60,0.0005668470274259762,0.0041326317378508,,0.2379001627780792,0.33568205939453033,96,61,96,0,0,38,58,0.0042042018445607315
567,2026-05-13,V2,V2-2026-05-06-L0.1-H60,0.0005668470274259762,0.0041326317378508,,-0.14229517091698318,0.040164555360307934,96,51,96,0,0,38,58,0.004738480025967228
568,2026-05-14,V2,V2-2026-05-06-L0.1-H60,0.0005668470274259762,0.0041326317378508,,0.249755832881172,0.29749280346539975,96,64,96,0,0,36,60,0.0037539148620862727
569,2026-05-15,V2,V2-2026-05-06-L0.1-H60,0.0005668470274259762,0.0041326317378508,,0.3105127509495388,0.4015337482395472,96,69,96,0,0,33,63,0.005976554860392814
570,2026-05-18,V2,V2-2026-05-06-L0.1-H60,0.0005668470274259762,0.0041326317378508,,0.06743081931633206,0.2276613118452214,96,62,96,0,0,31,65,0.00757329897431334
571,2026-05-19,V2,V2-2026-05-06-L0.1-H60,0.0005668470274259762,0.0041326317378508,,0.07327726532826913,0.17190897774923428,96,61,96,0,0,35,61,0.006214816038275413
572,2026-05-20,V2,V2-2026-05-06-L0.1-H60,0.0005668470274259762,0.0041326317378508,,0.47523060227889313,0.4476283839063475,96,75,96,0,0,30,66,0.008110142859240199
573,2026-05-21,V2,V2-2026-05-06-L0.1-H60,0.0005668470274259762,0.0041326317378508,,0.04712425393380358,0.09733974441880952,96,50,96,0,0,47,49,0.0043569769328832865
574,2026-05-22,V2,V2-2026-05-06-L0.1-H60,0.0005668470274259762,0.0041326317378508,,-0.46173358654367874,-0.5097951621163073,96,25,96,0,0,55,41,0.0054373198261137845
575,2026-05-25,V2,V2-2026-05-06-L0.1-H60,0.0005668470274259762,0.0041326317378508,,-0.5259359739555073,-0.4745865813032576,96,32,96,0,0,46,50,0.0038970834190903297
576,2026-05-26,V2,V2-2026-05-06-L0.1-H60,0.0005668470274259762,0.0041326317378508,,-0.4919967444384156,-0.39112291777286107,96,37,96,0,0,43,53,0.002651397091805348
577,2026-05-27,V2,V2-2026-05-06-L0.1-H60,0.0005668470274259762,0.0041326317378508,,-0.19654096581660338,-0.14601858603144477,96,39,96,0,0,51,45,0.0026519668296367555
578,2026-05-28,V2,V2-2026-05-06-L0.1-H60,0.0005668470274259762,0.0041326317378508,,-0.1633884970157352,-0.08769950713422758,96,45,96,0,0,42,54,0.0030250782790544155
579,2026-05-29,V2,V2-2026-05-06-L0.1-H60,0.0005668470274259762,0.0041326317378508,,0.09209169831795985,0.12114862808159449,96,50,96,0,0,46,50,0.0031867040165123733
580,2026-06-01,V2,V2-2026-06-01-L0.1-H60,0.0015186365583120722,0.008840771084056011,,0.26323928377645145,0.32325546642132036,96,60,96,0,0,39,57,0.004118992836304395
581,2026-06-02,V2,V2-2026-06-01-L0.1-H60,0.0015186365583120722,0.008840771084056011,,0.013912265937302755,0.05728514582772057,97,50,97,0,0,50,47,0.003875109522994451
582,2026-06-03,V2,V2-2026-06-01-L0.1-H60,0.0015186365583120722,0.008840771084056011,,-0.18615874184725437,-0.10412942385822335,97,45,97,0,0,43,54,0.003370221404681477
583,2026-06-04,V2,V2-2026-06-01-L0.1-H60,0.0015186365583120722,0.008840771084056011,,-0.08881232905533346,-0.06938536616527724,97,46,97,0,0,52,45,0.003618598847938713
584,2026-06-05,V2,V2-2026-06-01-L0.1-H60,0.0015186365583120722,0.008840771084056011,,0.133428887018725,0.21100940825905334,97,58,97,0,0,39,58,0.005652120115423259
585,2026-06-08,V2,V2-2026-06-01-L0.1-H60,0.0015186365583120722,0.008840771084056011,,-0.2432937092362718,-0.1331648357560334,97,42,97,0,0,41,56,0.0037538272827786065
586,2026-06-09,V2,V2-2026-06-01-L0.1-H60,0.0015186365583120722,0.008840771084056011,,0.11221859877971807,0.225094780712599,97,53,97,0,0,41,56,0.00831299437769635
587,2026-06-10,V2,V2-2026-06-01-L0.1-H60,0.0015186365583120722,0.008840771084056011,,-0.07785872080791079,-0.021878176015125234,97,48,97,0,0,40,57,0.010082161816736445
588,2026-06-11,V2,V2-2026-06-01-L0.1-H60,0.0015186365583120722,0.008840771084056011,,0.08647170208289502,0.151642818028528,97,56,97,0,0,37,60,0.01903390046085498
589,2026-06-12,V2,V2-2026-06-01-L0.1-H60,0.0015186365583120722,0.008840771084056011,,0.03888333683989059,0.11050149772153092,97,47,97,0,0,34,63,0.011011886997879958
590,2026-06-15,V2,V2-2026-06-01-L0.1-H60,0.0015186365583120722,0.008840771084056011,,0.18126709446665262,0.27095354902741436,97,58,97,0,0,35,62,0.015005123022435143
591,2026-06-16,V2,V2-2026-06-01-L0.1-H60,0.0015186365583120722,0.008840771084056011,,0.3778534609720176,0.3758786897423655,97,62,97,0,0,32,65,0.013369535866685349
592,2026-06-17,V2,V2-2026-06-01-L0.1-H60,0.0015186365583120722,0.008840771084056011,,0.5035898379970544,0.5145865319824983,97,72,97,0,0,34,63,0.011965340577258456
593,2026-06-18,V2,V2-2026-06-01-L0.1-H60,0.0015186365583120722,0.008840771084056011,,0.3992872922364822,0.5236886501380223,97,74,97,0,0,36,61,0.012915662397309968
594,2026-06-22,V2,V2-2026-06-01-L0.1-H60,0.0015186365583120722,0.008840771084056011,,0.5636045655375552,0.6143547385080538,97,80,97,0,0,32,65,0.014491272052766617
595,2026-06-23,V2,V2-2026-06-01-L0.1-H60,0.0015186365583120722,0.008840771084056011,,0.267252261729434,0.3561636115186242,97,66,97,0,0,40,57,0.008939826373286157
596,2026-06-24,V2,V2-2026-06-01-L0.1-H60,0.0015186365583120722,0.008840771084056011,,-0.3054649694929518,-0.2880223470698564,97,36,97,0,0,56,41,0.005576566430495791
597,2026-06-25,V2,V2-2026-06-01-L0.1-H60,0.0015186365583120722,0.008840771084056011,,-0.4248369450873132,-0.45551605684190843,97,32,97,0,0,54,43,0.005561643269470384
598,2026-06-26,V2,V2-2026-06-01-L0.1-H60,0.0015186365583120722,0.008840771084056011,,-0.4287555228276877,-0.5461785748442375,97,30,97,0,0,55,42,0.0051803170018434805
599,2026-06-29,V2,V2-2026-06-01-L0.1-H60,0.0015186365583120722,0.008840771084056011,,-0.6272880286135072,-0.6437010365194158,97,22,97,0,0,57,40,0.007180788277110812
600,2026-06-30,V2,V2-2026-06-01-L0.1-H60,0.0015186365583120722,0.008840771084056011,,-0.6610430254576057,-0.6755244129643047,97,23,97,0,0,55,42,0.006845142854195545
601,2026-07-01,V2,V2-2026-07-01-L0.1-H60,0.0028572734113388345,0.01577109665591004,,0.1404507679360404,0.18320706079099108,97,59,97,0,0,43,54,0.004227611943823598
602,2026-07-02,V2,V2-2026-07-01-L0.1-H60,0.0028572734113388345,0.01577109665591004,,-0.18945928887018723,-0.13997527938160698,97,43,97,0,0,50,47,0.0056524941471610985
603,2026-07-03,V2,V2-2026-07-01-L0.1-H60,0.0028572734113388345,0.01577109665591004,,-0.36868819692825583,-0.35426555622934,97,32,97,0,0,53,44,0.009126389791477483
604,2026-07-06,V2,V2-2026-07-01-L0.1-H60,0.0028572734113388345,0.01577109665591004,,-0.4490847885545971,-0.27089277610794865,97,37,97,0,0,45,52,0.006167967599854488
605,2026-07-07,V2,V2-2026-07-01-L0.1-H60,0.0028572734113388345,0.01577109665591004,,-0.5968467283820744,-0.5134734355592113,97,27,97,0,0,57,40,0.007576610997318423
606,2026-07-08,V2,V2-2026-07-01-L0.1-H60,0.0028572734113388345,0.01577109665591004,,-0.6868819692825584,-0.7254209746720917,97,20,97,0,0,59,38,0.015555776964751454
607,2026-07-09,V2,V2-2026-07-01-L0.1-H60,0.0028572734113388345,0.01577109665591004,,-0.8167078687144961,-0.7904061296337732,97,17,97,0,0,57,40,0.017171065384005646
608,2026-07-10,V2,V2-2026-07-01-L0.1-H60,0.0028572734113388345,0.01577109665591004,,-0.7824926362297495,-0.7587284325469725,97,22,97,0,0,59,38,0.018708181274995215
609,2026-07-13,V2,V2-2026-07-01-L0.1-H60,0.0028572734113388345,0.01577109665591004,,-0.6035530191458026,-0.6369158623518995,97,22,97,0,0,61,36,0.012251374487557986
610,2026-07-14,V2,V2-2026-07-01-L0.1-H60,0.0028572734113388345,0.01577109665591004,,-0.42953134862192294,-0.5111484536949483,97,24,97,0,0,66,31,0.008017764893290954
611,2026-07-15,V2,V2-2026-07-01-L0.1-H60,0.0028572734113388345,0.01577109665591004,,-0.24522669892699347,-0.27102634140466914,97,40,97,0,0,63,34,0.007420158634484362
612,2026-07-16,V2,V2-2026-07-01-L0.1-H60,0.0028572734113388345,0.01577109665591004,,0.05320324005891015,0.04785171205045091,97,51,97,0,0,44,53,0.004682702546130098
613,2026-07-17,V2,V2-2026-07-01-L0.1-H60,0.0028572734113388345,0.01577109665591004,,-0.45412108142225954,-0.3749492186289664,97,26,97,0,0,34,63,0.005203512685552687
614,2026-07-20,V2,V2-2026-07-01-L0.1-H60,0.0028572734113388345,0.01577109665591004,,0.49990795287187034,0.4773514946468695,97,70,97,0,0,67,30,0.005511308420842275
615,2026-07-21,V2,V2-2026-07-01-L0.1-H60,0.0028572734113388345,0.01577109665591004,,0.3921339154218388,0.4160910414728214,97,69,97,0,0,64,33,0.005060820611544879
616,2026-07-22,V2,V2-2026-07-01-L0.1-H60,0.0028572734113388345,0.01577109665591004,,0.6517462655165158,0.617769655994346,97,74,97,0,0,59,38,0.004587648890882179
617,2026-07-23,V2,V2-2026-07-01-L0.1-H60,0.0028572734113388345,0.01577109665591004,,0.5837497370082053,0.603868601649678,97,79,97,0,0,63,34,0.005040411439738244
618,2026-07-24,V2,V2-2026-07-01-L0.1-H60,0.0028572734113388345,0.01577109665591004,,0.679136860929939,0.6496535587803871,97,79,97,0,0,63,34,0.00861878439129149
619,2026-07-27,V2,V2-2026-07-01-L0.1-H60,0.0028572734113388345,0.01577109665591004,,0.06047496318114875,0.201965129477933,97,51,97,0,0,51,46,0.0030200450627932483
620,2026-07-28,V2,V2-2026-07-01-L0.1-H60,0.0028572734113388345,0.01577109665591004,,-0.5540316642120765,-0.3846805020199249,97,24,97,0,0,40,57,0.004102480850243584
621,2026-07-29,V2,V2-2026-07-01-L0.1-H60,0.0028572734113388345,0.01577109665591004,,-0.738533557752998,-0.6394548732278137,97,21,97,0,0,41,56,0.008139166284366737
622,2026-07-30,V2,V2-2026-07-01-L0.1-H60,0.0028572734113388345,0.01577109665591004,,-0.8333158005470229,-0.8138331427563161,97,10,97,0,0,40,57,0.00790038238977818
623,2026-07-31,V2,V2-2026-07-01-L0.1-H60,0.0028572734113388345,0.01577109665591004,,-0.811763622974963,-0.7930586413477787,97,12,97,0,0,38,59,0.011791713336989317
624,2026-08-03,V2,V2-2026-08-03-L0.1-H60,0.0014807090842395866,0.005668293086745481,,-0.7595203029665474,-0.7775836994956833,97,10,97,0,0,35,62,0.004407616717254858
625,2026-08-04,V2,V2-2026-08-03-L0.1-H60,0.0014807090842395866,0.005668293086745481,,-0.557621502209131,-0.6674396010561553,97,18,97,0,0,39,58,0.002303833614769053
626,2026-08-05,V2,V2-2026-08-03-L0.1-H60,0.0014807090842395866,0.005668293086745481,,-0.43793393646118234,-0.49385150670745426,97,26,97,0,0,40,57,0.0014119659070783417
627,2026-08-06,V2,V2-2026-08-03-L0.1-H60,0.0014807090842395866,0.005668293086745481,,-0.19446928255838417,-0.2045960588314489,97,36,97,0,0,45,52,0.0012264676495017325
628,2026-08-07,V2,V2-2026-08-03-L0.1-H60,0.0014807090842395866,0.005668293086745481,,-0.673009152114454,-0.6729176131573381,97,15,97,0,0,39,58,0.0032593245039690003
629,2026-08-10,V2,V2-2026-08-03-L0.1-H60,0.0014807090842395866,0.005668293086745481,,-0.4933068588260046,-0.5625931456399998,97,19,97,0,0,35,62,0.003101907134812352
630,2026-08-11,V2,V2-2026-08-03-L0.1-H60,0.0014807090842395866,0.005668293086745481,,0.24104512939196293,0.1818508347625511,97,49,97,0,0,42,55,0.0016169835441549115
631,2026-08-12,V2,V2-2026-08-03-L0.1-H60,0.0014807090842395866,0.005668293086745481,,0.13893856511676836,0.11158996109594346,97,49,97,0,0,47,50,0.0020158000564563325
632,2026-08-13,V2,V2-2026-08-03-L0.1-H60,0.0014807090842395866,0.005668293086745481,,0.24738323164317272,0.21794925191986753,97,58,97,0,0,45,52,0.001909549224253123
633,2026-08-14,V2,V2-2026-08-03-L0.1-H60,0.0014807090842395866,0.005668293086745481,,-0.09363822848727119,-0.0661223043600138,97,47,97,0,0,55,42,0.0037894863107142797
634,2026-08-17,V2,V2-2026-08-03-L0.1-H60,0.0014807090842395866,0.005668293086745481,,-0.6682884494003787,-0.5943282847266786,97,23,97,0,0,53,44,0.003694975808923896
635,2026-08-18,V2,V2-2026-08-03-L0.1-H60,0.0014807090842395866,0.005668293086745481,,-0.20249053229539235,-0.1952737867566684,97,41,97,0,0,50,47,0.001507090144271054
636,2026-08-19,V2,V2-2026-08-03-L0.1-H60,0.0014807090842395866,0.005668293086745481,,-0.12728802861350724,-0.15965278863834767,97,47,97,0,0,40,57,0.0014714200834103314
637,2026-08-20,V2,V2-2026-08-03-L0.1-H60,0.0014807090842395866,0.005668293086745481,,-0.08869398274773825,-0.09777937873086488,97,47,97,0,0,53,44,0.00162612338501059
260,2025-02-05,V3,V3-2025-02-05-L0.1-H60,0.00024481468942462177,0.0,unidentifiable_c,-0.3040695190916104,-0.11322761905401431,98,38,98,0,0,38,60,0.003734748416548433
261,2025-02-06,V3,V3-2025-02-05-L0.1-H60,0.00024481468942462177,0.0,unidentifiable_c,-0.06978048951539377,0.009122481176133495,98,38,98,0,0,38,60,0.002832454789228827
262,2025-02-07,V3,V3-2025-02-05-L0.1-H60,0.00024481468942462177,0.0,unidentifiable_c,-0.07592652806202142,0.10238023314348577,98,33,98,0,0,33,65,0.0020023139772643913
263,2025-02-10,V3,V3-2025-02-05-L0.1-H60,0.00024481468942462177,0.0,unidentifiable_c,-0.2366543618384561,-0.015645955171460835,98,40,98,0,0,40,58,0.0020152123271038967
264,2025-02-11,V3,V3-2025-02-05-L0.1-H60,0.00024481468942462177,0.0,unidentifiable_c,-0.10656746297394308,0.07579583178668857,98,38,98,0,0,38,60,0.002138250892073747
265,2025-02-12,V3,V3-2025-02-05-L0.1-H60,0.00024481468942462177,0.0,unidentifiable_c,0.4036302431000516,0.36263557103104843,98,39,98,0,0,39,59,0.002830900296872366
266,2025-02-13,V3,V3-2025-02-05-L0.1-H60,0.00024481468942462177,0.0,unidentifiable_c,0.5648298682172025,0.49022258588645456,98,39,98,0,0,39,59,0.0040396744936736515
267,2025-02-14,V3,V3-2025-02-05-L0.1-H60,0.00024481468942462177,0.0,unidentifiable_c,0.4788160109404586,0.4453212381908636,97,36,97,0,0,36,61,0.0037629981845175966
268,2025-02-17,V3,V3-2025-02-05-L0.1-H60,0.00024481468942462177,0.0,unidentifiable_c,0.5528876499053229,0.48693018163016366,97,39,97,0,0,39,58,0.00631997706692587
269,2025-02-18,V3,V3-2025-02-05-L0.1-H60,0.00024481468942462177,0.0,unidentifiable_c,0.3483194824321481,0.29294730976951205,97,31,97,0,0,31,66,0.006606355714345855
270,2025-02-19,V3,V3-2025-02-05-L0.1-H60,0.00024481468942462177,0.0,unidentifiable_c,0.15569114243635596,0.2085650343089476,97,33,97,0,0,33,64,0.007198149786020101
271,2025-02-20,V3,V3-2025-02-05-L0.1-H60,0.00024481468942462177,0.0,unidentifiable_c,-0.332053439932674,-0.17694365904494222,97,43,97,0,0,43,54,0.00420566260209757
272,2025-02-21,V3,V3-2025-02-05-L0.1-H60,0.00024481468942462177,0.0,unidentifiable_c,-0.4489401430675362,-0.32803851233596293,97,47,97,0,0,47,50,0.002984170091911224
273,2025-02-24,V3,V3-2025-02-05-L0.1-H60,0.00024481468942462177,0.0,unidentifiable_c,-0.27673311592678307,-0.16030039078339633,97,50,97,0,0,50,47,0.002624104097077326
274,2025-02-25,V3,V3-2025-02-05-L0.1-H60,0.00024481468942462177,0.0,unidentifiable_c,-0.33465705869976853,-0.20218897362697824,97,44,97,0,0,44,53,0.0028938352758384922
275,2025-02-26,V3,V3-2025-02-05-L0.1-H60,0.00024481468942462177,0.0,unidentifiable_c,-0.03404428781822007,0.08200409266381524,97,39,97,0,0,39,58,0.0020540154601889093
276,2025-02-27,V3,V3-2025-02-05-L0.1-H60,0.00024481468942462177,0.0,unidentifiable_c,0.39509257311171886,0.41632340523563577,97,31,97,0,0,31,66,0.0032331674162941917
277,2025-02-28,V3,V3-2025-02-05-L0.1-H60,0.00024481468942462177,0.0,unidentifiable_c,0.3865190406059331,0.45489794892924884,97,34,97,0,0,34,63,0.0030289582648453774
278,2025-03-03,V3,V3-2025-03-03-L0.1-H60,0.0003012358948034905,0.0,unidentifiable_c,0.24927677256469596,0.31438777337446094,97,37,97,0,0,37,60,0.0021943128101153007
279,2025-03-04,V3,V3-2025-03-03-L0.1-H60,0.0003012358948034905,0.0,unidentifiable_c,0.16931411739953714,0.15176392061481128,97,42,97,0,0,42,55,0.0016498789722026676
280,2025-03-05,V3,V3-2025-03-03-L0.1-H60,0.0003012358948034905,0.0,unidentifiable_c,-0.3368530401851462,-0.23985068932072182,97,50,97,0,0,50,47,0.0017503514491650927
281,2025-03-06,V3,V3-2025-03-03-L0.1-H60,0.0003012358948034905,0.0,unidentifiable_c,-0.3557884494003787,-0.29584747618174884,97,50,97,0,0,50,47,0.0014225236233608698
282,2025-03-07,V3,V3-2025-03-03-L0.1-H60,0.0003012358948034905,0.0,unidentifiable_c,-0.4346596886177151,-0.43284029320443135,97,51,97,0,0,51,46,0.0010990168318122597
283,2025-03-10,V3,V3-2025-03-03-L0.1-H60,0.0003012358948034905,0.0,unidentifiable_c,-0.4441405428150641,-0.42439087224602856,97,47,97,0,0,47,50,0.001074629582514092
284,2025-03-11,V3,V3-2025-03-03-L0.1-H60,0.0003012358948034905,0.0,unidentifiable_c,-0.3538817588891226,-0.2742206114967069,97,49,97,0,0,49,48,0.000847738546064403
285,2025-03-12,V3,V3-2025-03-03-L0.1-H60,0.0003012358948034905,0.0,unidentifiable_c,-0.12354039553965915,-0.014463600078648818,97,42,97,0,0,42,55,0.0012938800175292333
286,2025-03-13,V3,V3-2025-03-03-L0.1-H60,0.0003012358948034905,0.0,unidentifiable_c,-0.3244135282979171,-0.2201772974941248,97,47,97,0,0,47,50,0.001425820717478824
287,2025-03-14,V3,V3-2025-03-03-L0.1-H60,0.0003012358948034905,0.0,unidentifiable_c,-0.24671260256679992,-0.24104957013714126,97,49,97,0,0,49,48,0.0014951692184711814
288,2025-03-17,V3,V3-2025-03-03-L0.1-H60,0.0003012358948034905,0.0,unidentifiable_c,-0.26220281927203865,-0.33486798001932383,97,50,97,0,0,50,47,0.001793842772138078
289,2025-03-18,V3,V3-2025-03-03-L0.1-H60,0.0003012358948034905,0.0,unidentifiable_c,-0.40198295813170626,-0.37923922148734174,97,42,97,0,0,42,55,0.001547503064891458
290,2025-03-19,V3,V3-2025-03-03-L0.1-H60,0.0003012358948034905,0.0,unidentifiable_c,-0.2838075952030296,-0.25260507077053757,97,43,97,0,0,43,54,0.0012636251070323966
291,2025-03-20,V3,V3-2025-03-03-L0.1-H60,0.0003012358948034905,0.0,unidentifiable_c,-0.13851777824531872,-0.1582373247116389,97,47,97,0,0,47,50,0.0010869044453684724
292,2025-03-21,V3,V3-2025-03-03-L0.1-H60,0.0003012358948034905,0.0,unidentifiable_c,-0.0471018304228908,-0.01598869157401751,97,39,97,0,0,39,58,0.0012793556134839065
293,2025-03-24,V3,V3-2025-03-03-L0.1-H60,0.0003012358948034905,0.0,unidentifiable_c,-0.027850831054071108,0.01052593420620725,97,45,97,0,0,45,52,0.0009202515733820324
294,2025-03-25,V3,V3-2025-03-03-L0.1-H60,0.0003012358948034905,0.0,unidentifiable_c,-0.0390805806858826,-0.06661313176847984,97,43,97,0,0,43,54,0.0006975080308771161
295,2025-03-26,V3,V3-2025-03-03-L0.1-H60,0.0003012358948034905,0.0,unidentifiable_c,0.09282295392383756,0.11821723231088284,97,56,97,0,0,56,41,0.0010644866564768647
296,2025-03-27,V3,V3-2025-03-03-L0.1-H60,0.0003012358948034905,0.0,unidentifiable_c,0.2998763938565116,0.29620392845283156,97,52,97,0,0,52,45,0.003007557004766013
297,2025-03-28,V3,V3-2025-03-03-L0.1-H60,0.0003012358948034905,0.0,unidentifiable_c,0.2518672417420576,0.23721338388065666,97,48,97,0,0,48,49,0.0053523542936927985
298,2025-03-31,V3,V3-2025-03-03-L0.1-H60,0.0003012358948034905,0.0,unidentifiable_c,0.1376630549126867,0.08150735657068837,97,46,97,0,0,46,51,0.0058462974316624925
299,2025-04-01,V3,V3-2025-04-01-L0.1-H60,0.00025490273713441134,0.0,unidentifiable_c,0.3232169156322322,0.3184755416394837,97,45,97,0,0,45,52,0.004487444466161946
300,2025-04-02,V3,V3-2025-04-01-L0.1-H60,0.00025490273713441134,0.0,unidentifiable_c,0.09651798863875446,0.122863946189602,97,48,97,0,0,48,49,0.0025638418694413833
301,2025-04-03,V3,V3-2025-04-01-L0.1-H60,0.00025490273713441134,0.0,unidentifiable_c,-0.10363191668419945,-0.06858203788787642,97,43,97,0,0,43,54,0.0025151923011948246
302,2025-04-07,V3,V3-2025-04-01-L0.1-H60,0.00025490273713441134,0.0,unidentifiable_c,-0.523541750345874,-0.43685749603028445,98,44,98,0,0,44,54,0.0027120750041517505
303,2025-04-08,V3,V3-2025-04-01-L0.1-H60,0.00025490273713441134,0.0,unidentifiable_c,-0.48655075901025824,-0.35983724946740164,98,39,98,0,0,39,59,0.0017805069331191551
304,2025-04-09,V3,V3-2025-04-01-L0.1-H60,0.00025490273713441134,0.0,unidentifiable_c,-0.17130488559059984,-0.17321793629489826,98,40,98,0,0,40,58,0.002551942769006897
305,2025-04-10,V3,V3-2025-04-01-L0.1-H60,0.00025490273713441134,0.0,unidentifiable_c,0.1705270674342839,0.0009321881340177503,98,54,98,0,0,54,44,0.0014866452232690324
306,2025-04-11,V3,V3-2025-04-01-L0.1-H60,0.00025490273713441134,0.0,unidentifiable_c,-0.14499933056634084,-0.15426623593465186,98,40,98,0,0,40,58,0.0012488569415031678
307,2025-04-14,V3,V3-2025-04-01-L0.1-H60,0.00025490273713441134,0.0,unidentifiable_c,-0.004392759915587603,-0.07585236877925036,98,38,98,0,0,38,60,0.0010330977518615814
308,2025-04-15,V3,V3-2025-04-01-L0.1-H60,0.00025490273713441134,0.0,unidentifiable_c,-0.6127230648585582,-0.4994441740572674,98,41,98,0,0,41,57,0.00138150762132045
309,2025-04-16,V3,V3-2025-04-01-L0.1-H60,0.00025490273713441134,0.0,unidentifiable_c,-0.47467946878845246,-0.3669912269152039,98,46,98,0,0,46,52,0.001356474190799563
310,2025-04-17,V3,V3-2025-04-01-L0.1-H60,0.00025490273713441134,0.0,unidentifiable_c,-0.5462769925214697,-0.3807547501215139,98,46,98,0,0,46,52,0.0014371957735139901
311,2025-04-18,V3,V3-2025-04-01-L0.1-H60,0.00025490273713441134,0.0,unidentifiable_c,-0.09363783001485504,-0.11446720534785902,98,48,98,0,0,48,50,0.0012990532202203386
312,2025-04-21,V3,V3-2025-04-01-L0.1-H60,0.00025490273713441134,0.0,unidentifiable_c,-0.28033968976531565,-0.16832494210152849,98,42,98,0,0,42,56,0.0015625252433943962
313,2025-04-22,V3,V3-2025-04-01-L0.1-H60,0.00025490273713441134,0.0,unidentifiable_c,-0.1754489987185127,-0.1363123711222143,98,46,98,0,0,46,52,0.0012744118676301516
314,2025-04-23,V3,V3-2025-04-01-L0.1-H60,0.00025490273713441134,0.0,unidentifiable_c,-0.34636497523095455,-0.2694993859150435,98,42,98,0,0,42,56,0.0016339432356649328
315,2025-04-24,V3,V3-2025-04-01-L0.1-H60,0.00025490273713441134,0.0,unidentifiable_c,-0.2389878163074039,-0.15180162803255967,98,43,98,0,0,43,55,0.001280819979436704
316,2025-04-25,V3,V3-2025-04-01-L0.1-H60,0.00025490273713441134,0.0,unidentifiable_c,-0.42459307996863216,-0.2843926907073406,98,47,98,0,0,47,51,0.0011955161880284452
317,2025-04-28,V3,V3-2025-04-01-L0.1-H60,0.00025490273713441134,0.0,unidentifiable_c,-0.32435654674240827,-0.2347794822626493,98,51,98,0,0,51,47,0.0008632196156899899
318,2025-04-29,V3,V3-2025-04-01-L0.1-H60,0.00025490273713441134,0.0,unidentifiable_c,-0.1972024048607259,-0.11036405720307026,98,45,98,0,0,45,53,0.0016683376105182254
319,2025-04-30,V3,V3-2025-04-01-L0.1-H60,0.00025490273713441134,0.0,unidentifiable_c,-0.20345045234588677,-0.24063096520424848,98,41,98,0,0,41,57,0.0013923680561523575
320,2025-05-06,V3,V3-2025-05-06-L0.1-H60,-7.721913213872369e-05,0.0,unidentifiable_c,-0.31874605512308013,-0.2993914259404299,98,58,98,0,0,40,58,0.0015997090046592916
321,2025-05-07,V3,V3-2025-05-06-L0.1-H60,-7.721913213872369e-05,0.0,unidentifiable_c,-0.04652245152981529,-0.09885292948312796,98,53,98,0,0,45,53,0.0023119643252621142
322,2025-05-08,V3,V3-2025-05-06-L0.1-H60,-7.721913213872369e-05,0.0,unidentifiable_c,-0.13958010570676252,-0.03964087576786234,98,57,98,0,0,41,57,0.0032018999947076663
323,2025-05-09,V3,V3-2025-05-06-L0.1-H60,-7.721913213872369e-05,0.0,unidentifiable_c,-0.30274340289067825,-0.09493751094254603,98,56,98,0,0,42,56,0.00500849151758517
324,2025-05-12,V3,V3-2025-05-06-L0.1-H60,-7.721913213872369e-05,0.0,unidentifiable_c,-0.07843849817340243,-0.1271369172562839,98,51,98,0,0,47,51,0.002115323005994093
325,2025-05-13,V3,V3-2025-05-06-L0.1-H60,-7.721913213872369e-05,0.0,unidentifiable_c,-0.07430713616280626,-0.09805250743675671,98,48,98,0,0,50,48,0.0014014383377035265
326,2025-05-14,V3,V3-2025-05-06-L0.1-H60,-7.721913213872369e-05,0.0,unidentifiable_c,0.08088671269820015,0.031415528307416965,98,50,98,0,0,48,50,0.0008111587680914239
327,2025-05-15,V3,V3-2025-05-06-L0.1-H60,-7.721913213872369e-05,0.0,unidentifiable_c,0.14562413531485693,0.06562562336466198,98,48,98,0,0,50,48,0.00106406923696273
328,2025-05-16,V3,V3-2025-05-06-L0.1-H60,-7.721913213872369e-05,0.0,unidentifiable_c,-0.06205331242150093,-0.08733834206883205,98,48,98,0,0,50,48,0.0012873252568591494
329,2025-05-19,V3,V3-2025-05-06-L0.1-H60,-7.721913213872369e-05,0.0,unidentifiable_c,-0.12751754872520704,-0.15405797652359213,98,51,98,0,0,47,51,0.000951494559147611
330,2025-05-20,V3,V3-2025-05-06-L0.1-H60,-7.721913213872369e-05,0.0,unidentifiable_c,-0.14299740514762604,-0.132266415188429,98,47,98,0,0,51,47,0.0007380976586878956
331,2025-05-21,V3,V3-2025-05-06-L0.1-H60,-7.721913213872369e-05,0.0,unidentifiable_c,-0.2065999783231005,-0.15574271367655726,98,48,98,0,0,50,48,0.0005421739321623513
332,2025-05-22,V3,V3-2025-05-06-L0.1-H60,-7.721913213872369e-05,0.0,unidentifiable_c,-0.03797920292765653,-0.048084925030506986,98,47,98,0,0,51,47,0.000864895673427955
333,2025-05-23,V3,V3-2025-05-06-L0.1-H60,-7.721913213872369e-05,0.0,unidentifiable_c,0.018367984494641342,0.03614948241343566,98,52,98,0,0,46,52,0.0010186402139796774
334,2025-05-26,V3,V3-2025-05-06-L0.1-H60,-7.721913213872369e-05,0.0,unidentifiable_c,-0.11928032693864797,-0.0947960170603963,98,51,98,0,0,47,51,0.0006976832810770398
335,2025-05-27,V3,V3-2025-05-06-L0.1-H60,-7.721913213872369e-05,0.0,unidentifiable_c,-0.24898469228366132,-0.2111615135592217,98,50,98,0,0,48,50,0.0012967503977721
336,2025-05-28,V3,V3-2025-05-06-L0.1-H60,-7.721913213872369e-05,0.0,unidentifiable_c,-0.25562802440563853,-0.20676287239817204,98,55,98,0,0,43,55,0.001000644062137285
337,2025-05-29,V3,V3-2025-05-06-L0.1-H60,-7.721913213872369e-05,0.0,unidentifiable_c,-0.1982990009499582,-0.17143456707850827,98,55,98,0,0,43,55,0.001451783127299796
338,2025-05-30,V3,V3-2025-05-06-L0.1-H60,-7.721913213872369e-05,0.0,unidentifiable_c,-0.2554367576458887,-0.21820445113873205,98,58,98,0,0,40,58,0.0010850865526798022
339,2025-06-03,V3,V3-2025-06-03-L0.1-H60,-7.606142728535395e-05,0.0,unidentifiable_c,-0.09586927554526964,-0.09323621679529613,98,58,98,0,0,40,58,0.0008599417902153258
340,2025-06-04,V3,V3-2025-06-03-L0.1-H60,-7.606142728535395e-05,0.0,unidentifiable_c,0.27535400289450357,0.1880170838486651,98,52,98,0,0,46,52,0.0009124120724676771
341,2025-06-05,V3,V3-2025-06-03-L0.1-H60,-7.606142728535395e-05,0.0,unidentifiable_c,0.3278376017698551,0.2649571474972972,98,53,98,0,0,45,53,0.0012457300741545228
342,2025-06-06,V3,V3-2025-06-03-L0.1-H60,-7.606142728535395e-05,0.0,unidentifiable_c,0.35430892131923053,0.34775488246882336,98,55,98,0,0,43,55,0.0011739137970308907
343,2025-06-09,V3,V3-2025-06-03-L0.1-H60,-7.606142728535395e-05,0.0,unidentifiable_c,0.12638269928402474,0.10846796668830462,98,59,98,0,0,39,59,0.0012211617344039547
344,2025-06-10,V3,V3-2025-06-03-L0.1-H60,-7.606142728535395e-05,0.0,unidentifiable_c,-0.05794745264553806,-0.04599328701563735,98,62,98,0,0,36,62,0.0013296909623169734
345,2025-06-11,V3,V3-2025-06-03-L0.1-H60,-7.606142728535395e-05,0.0,unidentifiable_c,-0.10746004118610891,-0.07102718329161423,98,60,98,0,0,38,60,0.0012527745098896868
346,2025-06-12,V3,V3-2025-06-03-L0.1-H60,-7.606142728535395e-05,0.0,unidentifiable_c,0.028862154046248298,0.009171149901110525,98,56,98,0,0,42,56,0.0011288737156822611
347,2025-06-13,V3,V3-2025-06-03-L0.1-H60,-7.606142728535395e-05,0.0,unidentifiable_c,-0.024641534214435535,-0.004823042542695569,98,57,98,0,0,41,57,0.00123782034636518
348,2025-06-16,V3,V3-2025-06-03-L0.1-H60,-7.606142728535395e-05,0.0,unidentifiable_c,-0.26468131770046344,-0.2891180789671552,98,57,98,0,0,41,57,0.0008286787833275919
349,2025-06-17,V3,V3-2025-06-03-L0.1-H60,-7.606142728535395e-05,0.0,unidentifiable_c,-0.2574641852992368,-0.22561657905128488,98,58,98,0,0,40,58,0.0007829807461835939
350,2025-06-18,V3,V3-2025-06-03-L0.1-H60,-7.606142728535395e-05,0.0,unidentifiable_c,-0.25561527328832184,-0.17313557768921894,98,53,98,0,0,45,53,0.0012398912208724674
351,2025-06-19,V3,V3-2025-06-03-L0.1-H60,-7.606142728535395e-05,0.0,unidentifiable_c,-0.04603790907178241,-0.05370544440186911,98,54,98,0,0,44,54,0.0016589412177234171
352,2025-06-20,V3,V3-2025-06-03-L0.1-H60,-7.606142728535395e-05,0.0,unidentifiable_c,-0.08953197023889217,-0.11070235274617847,98,52,98,0,0,46,52,0.0016639773440359077
353,2025-06-23,V3,V3-2025-06-03-L0.1-H60,-7.606142728535395e-05,0.0,unidentifiable_c,0.19252274480551354,0.20120413719354738,98,62,98,0,0,36,62,0.0017941049174036155
354,2025-06-24,V3,V3-2025-06-03-L0.1-H60,-7.606142728535395e-05,0.0,unidentifiable_c,0.15877053726832813,0.1570993427107765,98,58,98,0,0,40,58,0.0012632327922282686
355,2025-06-25,V3,V3-2025-06-03-L0.1-H60,-7.606142728535395e-05,0.0,unidentifiable_c,0.18971749899584947,0.204977813008802,98,52,98,0,0,46,52,0.0012881495730652482
356,2025-06-26,V3,V3-2025-06-03-L0.1-H60,-7.606142728535395e-05,0.0,unidentifiable_c,-0.04814184342903047,0.019095073738785176,98,53,98,0,0,45,53,0.0009946346589017878
357,2025-06-27,V3,V3-2025-06-03-L0.1-H60,-7.606142728535395e-05,0.0,unidentifiable_c,-0.13490044565155018,-0.09292642631632465,98,55,98,0,0,43,55,0.0013857616465488985
358,2025-06-30,V3,V3-2025-06-03-L0.1-H60,-7.606142728535395e-05,0.0,unidentifiable_c,-0.10638894733150991,-0.037356270865314865,98,56,98,0,0,42,56,0.0013356763114024284
359,2025-07-01,V3,V3-2025-07-01-L0.1-H60,-6.212691946105443e-05,0.0,unidentifiable_c,-0.07885928504485204,0.03231688274568122,98,57,98,0,0,41,57,0.0014760995073845337
360,2025-07-02,V3,V3-2025-07-01-L0.1-H60,-6.212691946105443e-05,0.0,unidentifiable_c,-0.17839450681865995,-0.13055821735313958,98,55,98,0,0,43,55,0.0009098242298555396
361,2025-07-03,V3,V3-2025-07-01-L0.1-H60,-6.212691946105443e-05,0.0,unidentifiable_c,0.11156590096207178,0.10580271222935202,98,49,98,0,0,49,49,0.0008058571768848232
362,2025-07-04,V3,V3-2025-07-01-L0.1-H60,-6.212691946105443e-05,0.0,unidentifiable_c,0.0532167881210591,0.042142534789046074,98,47,98,0,0,51,47,0.0007432346111580034
363,2025-07-07,V3,V3-2025-07-01-L0.1-H60,-6.212691946105443e-05,0.0,unidentifiable_c,-0.09941408615929971,-0.1645599584981731,98,51,98,0,0,47,51,0.0006860948751069212
364,2025-07-08,V3,V3-2025-07-01-L0.1-H60,-6.212691946105443e-05,0.0,unidentifiable_c,-0.08200881102206581,-0.16092106476496915,98,51,98,0,0,47,51,0.0007552984171227299
365,2025-07-09,V3,V3-2025-07-01-L0.1-H60,-6.212691946105443e-05,0.0,unidentifiable_c,0.13092209704875388,0.07335268503037164,98,53,98,0,0,45,53,0.0009604996230970862
366,2025-07-10,V3,V3-2025-07-01-L0.1-H60,-6.212691946105443e-05,0.0,unidentifiable_c,-0.12777257107154014,-0.05267298264351776,98,60,98,0,0,38,60,0.0009149387159440603
367,2025-07-11,V3,V3-2025-07-01-L0.1-H60,-6.212691946105443e-05,0.0,unidentifiable_c,0.029831238962314065,0.017544975048365736,98,55,98,0,0,43,55,0.0011114432743711963
368,2025-07-14,V3,V3-2025-07-01-L0.1-H60,-6.212691946105443e-05,0.0,unidentifiable_c,-0.002492843435406027,0.09231874233521126,98,67,98,0,0,31,67,0.0030100669070938523
369,2025-07-15,V3,V3-2025-07-01-L0.1-H60,-6.212691946105443e-05,0.0,unidentifiable_c,-0.04886865711607979,-0.033015282153914124,98,64,98,0,0,34,64,0.003965316629896743
370,2025-07-16,V3,V3-2025-07-01-L0.1-H60,-6.212691946105443e-05,0.0,unidentifiable_c,-0.043908472479901046,-0.02110313517295329,98,70,98,0,0,28,70,0.006480799036527906
371,2025-07-17,V3,V3-2025-07-01-L0.1-H60,-6.212691946105443e-05,0.0,unidentifiable_c,-0.13433939648961737,-0.08337035052986785,98,66,98,0,0,32,66,0.004345820964906264
372,2025-07-18,V3,V3-2025-07-01-L0.1-H60,-6.212691946105443e-05,0.0,unidentifiable_c,0.14621068671142307,0.06994028004974694,98,69,98,0,0,29,69,0.003678965191252507
373,2025-07-21,V3,V3-2025-07-01-L0.1-H60,-6.212691946105443e-05,0.0,unidentifiable_c,0.0898379970544919,0.05001802351942046,98,62,98,0,0,36,62,0.005299789967305089
374,2025-07-22,V3,V3-2025-07-01-L0.1-H60,-6.212691946105443e-05,0.0,unidentifiable_c,-0.09687661381328537,0.06869613110664227,98,68,98,0,0,30,68,0.005698897463168645
375,2025-07-23,V3,V3-2025-07-01-L0.1-H60,-6.212691946105443e-05,0.0,unidentifiable_c,-0.24814311854076207,0.023995016400927913,98,68,98,0,0,30,68,0.009856504020675037
376,2025-07-24,V3,V3-2025-07-01-L0.1-H60,-6.212691946105443e-05,0.0,unidentifiable_c,-0.06139025432103487,0.13355012027622606,98,69,98,0,0,29,69,0.005272628521347234
377,2025-07-25,V3,V3-2025-07-01-L0.1-H60,-6.212691946105443e-05,0.0,unidentifiable_c,-0.08963397917742542,0.14385317528484598,98,74,98,0,0,24,74,0.008831393811105407
378,2025-07-28,V3,V3-2025-07-01-L0.1-H60,-6.212691946105443e-05,0.0,unidentifiable_c,-0.21546200485817565,0.07652150264534884,98,59,98,0,0,39,59,0.0032072345358716116
379,2025-07-29,V3,V3-2025-07-01-L0.1-H60,-6.212691946105443e-05,0.0,unidentifiable_c,-0.07759692443050321,0.06955586374841541,98,64,98,0,0,34,64,0.002142210979467275
380,2025-07-30,V3,V3-2025-07-01-L0.1-H60,-6.212691946105443e-05,0.0,unidentifiable_c,-0.1662299408985712,-0.009526437224796408,98,61,98,0,0,37,61,0.001480051561749645
381,2025-07-31,V3,V3-2025-07-01-L0.1-H60,-6.212691946105443e-05,0.0,unidentifiable_c,0.012642732819463303,0.20443982760923776,98,67,98,0,0,31,67,0.002360983353555362
382,2025-08-01,V3,V3-2025-08-01-L0.1-H60,-5.567927722547224e-06,0.0,unidentifiable_c,0.07276425096749102,0.25662962838247766,98,66,98,0,0,32,66,0.0018895981319588411
383,2025-08-04,V3,V3-2025-08-01-L0.1-H60,-5.567927722547224e-06,0.0,unidentifiable_c,0.09124061995932392,0.30438296710796,98,66,98,0,0,32,66,0.003711488217696584
384,2025-08-05,V3,V3-2025-08-01-L0.1-H60,-5.567927722547224e-06,0.0,unidentifiable_c,-0.01067552902875746,0.3134043619735711,96,63,96,0,0,33,63,0.004537938386420363
385,2025-08-06,V3,V3-2025-08-01-L0.1-H60,-5.567927722547224e-06,0.0,unidentifiable_c,-0.10577862181226261,0.19803094059492815,96,62,96,0,0,34,62,0.0044406772501686415
386,2025-08-07,V3,V3-2025-08-01-L0.1-H60,-5.567927722547224e-06,0.0,unidentifiable_c,0.10421866521975041,0.2431965223444877,96,57,96,0,0,39,57,0.004185335148005969
387,2025-08-08,V3,V3-2025-08-01-L0.1-H60,-5.567927722547224e-06,0.0,unidentifiable_c,-0.10480195333695061,0.15347967328084666,96,56,96,0,0,40,56,0.004029994773680362
388,2025-08-11,V3,V3-2025-08-01-L0.1-H60,-5.567927722547224e-06,0.0,unidentifiable_c,0.09728703201302223,0.2260196335706711,96,59,96,0,0,37,59,0.002920708238440308
389,2025-08-12,V3,V3-2025-08-01-L0.1-H60,-5.567927722547224e-06,0.0,unidentifiable_c,0.09553716766142159,0.14473972150072512,96,57,96,0,0,39,57,0.00341070201003976
390,2025-08-13,V3,V3-2025-08-01-L0.1-H60,-5.567927722547224e-06,0.0,unidentifiable_c,0.10008138903960934,-0.01642563150899421,96,57,96,0,0,39,57,0.0035423154164784965
391,2025-08-14,V3,V3-2025-08-01-L0.1-H60,-5.567927722547224e-06,0.0,unidentifiable_c,-0.011652197504069452,0.05381476704223793,96,57,96,0,0,39,57,0.0057413305258868326
392,2025-08-15,V3,V3-2025-08-01-L0.1-H60,-5.567927722547224e-06,0.0,unidentifiable_c,0.012384698860553444,0.12936653263267886,96,60,96,0,0,36,60,0.005218569765423148
393,2025-08-18,V3,V3-2025-08-01-L0.1-H60,-5.567927722547224e-06,0.0,unidentifiable_c,0.0551953336950624,0.06867595675726164,96,60,96,0,0,36,60,0.004506460130594524
394,2025-08-19,V3,V3-2025-08-01-L0.1-H60,-5.567927722547224e-06,0.0,unidentifiable_c,0.12510851871947912,0.15298086999747978,96,61,96,0,0,35,61,0.003961311913949076
395,2025-08-20,V3,V3-2025-08-01-L0.1-H60,-5.567927722547224e-06,0.0,unidentifiable_c,0.4782148670645686,0.41193881421226963,96,59,96,0,0,37,59,0.007736281295860156
396,2025-08-21,V3,V3-2025-08-01-L0.1-H60,-5.567927722547224e-06,0.0,unidentifiable_c,0.24980674059892352,0.2875714694923946,94,59,94,0,0,35,59,0.003537294799420162
397,2025-08-22,V3,V3-2025-08-01-L0.1-H60,-5.567927722547224e-06,0.0,unidentifiable_c,0.4476142162275073,0.4505994829576122,93,53,93,0,0,40,53,0.0033824768810982973
398,2025-08-25,V3,V3-2025-08-01-L0.1-H60,-5.567927722547224e-06,0.0,unidentifiable_c,0.15454626838948402,0.2624058837302554,93,62,93,0,0,31,62,0.0028760001685010188
399,2025-08-26,V3,V3-2025-08-01-L0.1-H60,-5.567927722547224e-06,0.0,unidentifiable_c,0.02646892065291993,0.1214248894690454,93,63,93,0,0,30,63,0.003933222307041009
400,2025-08-27,V3,V3-2025-08-01-L0.1-H60,-5.567927722547224e-06,0.0,unidentifiable_c,-0.41716152905016257,-0.2696497902987749,93,45,93,0,0,48,45,0.005169880829177952
401,2025-08-28,V3,V3-2025-08-01-L0.1-H60,-5.567927722547224e-06,0.0,unidentifiable_c,-0.2427113485124287,-0.04905762391906992,93,46,93,0,0,47,46,0.0058161170913254975
402,2025-08-29,V3,V3-2025-08-01-L0.1-H60,-5.567927722547224e-06,0.0,unidentifiable_c,-0.3480349735907612,-0.06769239231780035,93,45,93,0,0,48,45,0.0071150310611314905
403,2025-09-01,V3,V3-2025-09-01-L0.1-H60,6.02503127123705e-05,0.0,unidentifiable_c,-0.24993285786756583,0.00011913574445887292,93,42,93,0,0,42,51,0.006225883661872797
404,2025-09-02,V3,V3-2025-09-01-L0.1-H60,6.02503127123705e-05,0.0,unidentifiable_c,-0.10202620035212316,0.007065363897531922,93,38,93,0,0,38,55,0.0030433499956938745
405,2025-09-03,V3,V3-2025-09-01-L0.1-H60,6.02503127123705e-05,0.0,unidentifiable_c,0.6200799737399658,0.4551766704530386,93,34,93,0,0,34,59,0.005880325612215391
406,2025-09-04,V3,V3-2025-09-01-L0.1-H60,6.02503127123705e-05,0.0,unidentifiable_c,0.2981409089552684,0.22963020769520892,93,27,93,0,0,27,66,0.007502688388069445
407,2025-09-05,V3,V3-2025-09-01-L0.1-H60,6.02503127123705e-05,0.0,unidentifiable_c,0.4217271940556831,0.4132347965906986,93,21,93,0,0,21,72,0.00514769140570995
408,2025-09-08,V3,V3-2025-09-01-L0.1-H60,6.02503127123705e-05,0.0,unidentifiable_c,0.5401808361433558,0.42215090054658566,93,32,93,0,0,32,61,0.0070645859439432525
409,2025-09-09,V3,V3-2025-09-01-L0.1-H60,6.02503127123705e-05,0.0,unidentifiable_c,0.5466861627525289,0.36720104818851385,93,29,93,0,0,29,64,0.006497647873144732
410,2025-09-10,V3,V3-2025-09-01-L0.1-H60,6.02503127123705e-05,0.0,unidentifiable_c,0.4528065411357464,0.37376129894319965,93,26,93,0,0,26,67,0.0039038395974140354
411,2025-09-11,V3,V3-2025-09-01-L0.1-H60,6.02503127123705e-05,0.0,unidentifiable_c,0.20670824505386287,0.22734944571412796,93,35,93,0,0,35,58,0.0032787633994216104
412,2025-09-12,V3,V3-2025-09-01-L0.1-H60,6.02503127123705e-05,0.0,unidentifiable_c,0.4299334546865208,0.4735522758481851,93,32,93,0,0,32,61,0.0049749894086120955
413,2025-09-15,V3,V3-2025-09-01-L0.1-H60,6.02503127123705e-05,0.0,unidentifiable_c,0.39656829100892244,0.433604405647575,94,29,94,0,0,29,65,0.006261065887922719
414,2025-09-16,V3,V3-2025-09-01-L0.1-H60,6.02503127123705e-05,0.0,unidentifiable_c,0.47244157063902037,0.522638269639194,94,35,94,0,0,35,59,0.008548646626877763
415,2025-09-17,V3,V3-2025-09-01-L0.1-H60,6.02503127123705e-05,0.0,unidentifiable_c,0.5371221389991345,0.5490616430819111,93,35,93,0,0,35,58,0.007453234336244587
416,2025-09-18,V3,V3-2025-09-01-L0.1-H60,6.02503127123705e-05,0.0,unidentifiable_c,0.4756348661633493,0.45547022652023494,93,32,93,0,0,32,61,0.006906782413518852
417,2025-09-19,V3,V3-2025-09-01-L0.1-H60,6.02503127123705e-05,0.0,unidentifiable_c,0.3130315418817701,0.4040809880583477,93,35,93,0,0,35,58,0.005331707489567812
418,2025-09-22,V3,V3-2025-09-01-L0.1-H60,6.02503127123705e-05,0.0,unidentifiable_c,0.5068783384560293,0.5176360046424091,93,41,93,0,0,41,52,0.0069165041067030366
419,2025-09-23,V3,V3-2025-09-01-L0.1-H60,6.02503127123705e-05,0.0,unidentifiable_c,0.3274971872447328,0.36455683016419105,92,34,92,0,0,34,58,0.006035454014358196
420,2025-09-24,V3,V3-2025-09-01-L0.1-H60,6.02503127123705e-05,0.0,unidentifiable_c,0.07095849452090686,0.2667793387983887,92,42,92,0,0,42,50,0.004726734256176957
421,2025-09-25,V3,V3-2025-09-01-L0.1-H60,6.02503127123705e-05,0.0,unidentifiable_c,0.21683645947320562,0.3704736475026601,92,37,92,0,0,37,55,0.00603935760095232
422,2025-09-26,V3,V3-2025-09-01-L0.1-H60,6.02503127123705e-05,0.0,unidentifiable_c,-0.09843872817224852,-0.06401337522173478,92,50,92,0,0,50,42,0.004130379352158961
423,2025-09-29,V3,V3-2025-09-01-L0.1-H60,6.02503127123705e-05,0.0,unidentifiable_c,-0.3740116825670823,-0.3535943504437844,92,49,92,0,0,49,43,0.003148207502205136
424,2025-09-30,V3,V3-2025-09-01-L0.1-H60,6.02503127123705e-05,0.0,unidentifiable_c,-0.3888126286890871,-0.3075709855196108,93,47,93,0,0,47,46,0.003772730909263819
425,2025-10-09,V3,V3-2025-10-09-L0.1-H60,0.0009079768276019429,0.007985270442574523,,-0.44040762734624445,-0.3663794341532124,93,32,93,0,0,46,47,0.0029392557005402907
426,2025-10-10,V3,V3-2025-10-09-L0.1-H60,0.0009079768276019429,0.007985270442574523,,-0.48175226045179187,-0.4120749488627428,93,34,93,0,0,51,42,0.0037380271292116046
427,2025-10-13,V3,V3-2025-10-09-L0.1-H60,0.0009079768276019429,0.007985270442574523,,-0.1749127152278356,0.020916070056835902,93,58,93,0,0,30,63,0.0030212138742655797
428,2025-10-14,V3,V3-2025-10-09-L0.1-H60,0.0009079768276019429,0.007985270442574523,,-0.2644149839251526,-0.10206495757621874,94,46,94,0,0,38,56,0.00253161638976109
429,2025-10-15,V3,V3-2025-10-09-L0.1-H60,0.0009079768276019429,0.007985270442574523,,-0.4225047863309612,-0.3685760299030579,94,35,94,0,0,46,48,0.0021574391204199767
430,2025-10-16,V3,V3-2025-10-09-L0.1-H60,0.0009079768276019429,0.007985270442574523,,0.4987103998844055,0.4624449518845782,94,72,94,0,0,34,60,0.003920732194380418
431,2025-10-17,V3,V3-2025-10-09-L0.1-H60,0.0009079768276019429,0.007985270442574523,,0.25991041433370665,0.4487956212858251,95,69,95,0,0,30,65,0.007545638037745742
432,2025-10-20,V3,V3-2025-10-09-L0.1-H60,0.0009079768276019429,0.007985270442574523,,0.10755879059350504,0.2998399355006092,95,58,95,0,0,34,61,0.004248470317176291
433,2025-10-21,V3,V3-2025-10-09-L0.1-H60,0.0009079768276019429,0.007985270442574523,,0.31517357222844344,0.4466431104616829,95,65,95,0,0,34,61,0.0068136088205071246
434,2025-10-22,V3,V3-2025-10-09-L0.1-H60,0.0009079768276019429,0.007985270442574523,,0.2610442329227324,0.3703216377028845,95,66,95,0,0,30,65,0.006697895647753154
435,2025-10-23,V3,V3-2025-10-09-L0.1-H60,0.0009079768276019429,0.007985270442574523,,-0.015215565509518476,0.0003585009597289264,95,49,95,0,0,41,54,0.003482034713312703
436,2025-10-24,V3,V3-2025-10-09-L0.1-H60,0.0009079768276019429,0.007985270442574523,,-0.11187010078387458,-0.04420970337940703,95,48,95,0,0,40,55,0.0036342312718548545
437,2025-10-27,V3,V3-2025-10-09-L0.1-H60,0.0009079768276019429,0.007985270442574523,,-0.15261758118701008,-0.10103584018812334,95,41,95,0,0,52,43,0.0025937442213986883
438,2025-10-28,V3,V3-2025-10-09-L0.1-H60,0.0009079768276019429,0.007985270442574523,,-0.005809070548712206,-0.008578597566403744,95,38,95,0,0,49,46,0.003001206771886043
439,2025-10-29,V3,V3-2025-10-09-L0.1-H60,0.0009079768276019429,0.007985270442574523,,-0.08548432250839866,0.0029513256063382746,95,42,95,0,0,45,50,0.0029339099444990373
440,2025-10-30,V3,V3-2025-10-09-L0.1-H60,0.0009079768276019429,0.007985270442574523,,0.3237821948488242,0.3222783160488449,95,61,95,0,0,40,55,0.003197251077501944
441,2025-10-31,V3,V3-2025-10-09-L0.1-H60,0.0009079768276019429,0.007985270442574523,,0.2196108622620381,0.26400042671170204,95,61,95,0,0,39,56,0.0038334143171593815
442,2025-11-03,V3,V3-2025-11-03-L0.1-H60,0.0016864423952503184,0.01035567223147261,,0.326553751399776,0.3885414517753025,95,57,95,0,0,45,50,0.0026066504458776485
443,2025-11-04,V3,V3-2025-11-03-L0.1-H60,0.0016864423952503184,0.01035567223147261,,0.26857502799552074,0.33834642448225777,95,58,95,0,0,38,57,0.0036109986659343964
444,2025-11-05,V3,V3-2025-11-03-L0.1-H60,0.0016864423952503184,0.01035567223147261,,0.34966405375139975,0.35372898070314446,95,58,95,0,0,38,57,0.002984052053371687
445,2025-11-06,V3,V3-2025-11-03-L0.1-H60,0.0016864423952503184,0.01035567223147261,,0.2892077267637178,0.2557764344430998,95,61,95,0,0,48,47,0.001327224306871191
446,2025-11-07,V3,V3-2025-11-03-L0.1-H60,0.0016864423952503184,0.01035567223147261,,0.16007867607162235,0.07792645774896631,96,55,96,0,0,47,49,0.0016523392764900998
447,2025-11-10,V3,V3-2025-11-03-L0.1-H60,0.0016864423952503184,0.01035567223147261,,-0.2709441128594683,-0.3049919818322248,96,44,96,0,0,41,55,0.0018757218975604525
448,2025-11-11,V3,V3-2025-11-03-L0.1-H60,0.0016864423952503184,0.01035567223147261,,-0.2431226261530114,-0.2969838944276559,96,50,96,0,0,38,58,0.002899438478460886
449,2025-11-12,V3,V3-2025-11-03-L0.1-H60,0.0016864423952503184,0.01035567223147261,,-0.25750135648399347,-0.39360082453474554,96,38,96,0,0,55,41,0.0032803001425658024
450,2025-11-13,V3,V3-2025-11-03-L0.1-H60,0.0016864423952503184,0.01035567223147261,,-0.36244214180517564,-0.44768282186695724,97,26,97,0,0,57,40,0.0034877394022961015
451,2025-11-14,V3,V3-2025-11-03-L0.1-H60,0.0016864423952503184,0.01035567223147261,,-0.45132021880917306,-0.4894479565932727,97,28,97,0,0,58,39,0.005248873558850623
452,2025-11-17,V3,V3-2025-11-03-L0.1-H60,0.0016864423952503184,0.01035567223147261,,-0.37236842105263157,-0.3539667383547744,96,31,96,0,0,56,40,0.0030619886108193017
453,2025-11-18,V3,V3-2025-11-03-L0.1-H60,0.0016864423952503184,0.01035567223147261,,-0.3917525773195876,-0.3390405410569171,96,34,96,0,0,51,45,0.0031761724650355397
454,2025-11-19,V3,V3-2025-11-03-L0.1-H60,0.0016864423952503184,0.01035567223147261,,-0.4537303309820944,-0.2788770740989498,96,38,96,0,0,42,54,0.002956162301857536
455,2025-11-20,V3,V3-2025-11-03-L0.1-H60,0.0016864423952503184,0.01035567223147261,,-0.34021975040694524,-0.10184521827577254,96,50,96,0,0,35,61,0.0027320542184497286
456,2025-11-21,V3,V3-2025-11-03-L0.1-H60,0.0016864423952503184,0.01035567223147261,,-0.37554259359739556,-0.3398087527490524,96,33,96,0,0,37,59,0.0037353044985646735
457,2025-11-24,V3,V3-2025-11-03-L0.1-H60,0.0016864423952503184,0.01035567223147261,,-0.2844411285946826,-0.34928275561206334,96,36,96,0,0,35,61,0.002685522704740728
458,2025-11-25,V3,V3-2025-11-03-L0.1-H60,0.0016864423952503184,0.01035567223147261,,-0.09206456863809008,-0.14843550104526435,96,41,96,0,0,49,47,0.0023429785962439695
459,2025-11-26,V3,V3-2025-11-03-L0.1-H60,0.0016864423952503184,0.01035567223147261,,-0.023412913727618015,-0.08405685586687742,96,49,96,0,0,50,46,0.0020241861224431683
460,2025-11-27,V3,V3-2025-11-03-L0.1-H60,0.0016864423952503184,0.01035567223147261,,0.05256375474769397,-0.041806338981467954,96,46,96,0,0,48,48,0.0022412750334088218
461,2025-11-28,V3,V3-2025-11-03-L0.1-H60,0.0016864423952503184,0.01035567223147261,,0.04612045577862181,0.06707021503912564,96,50,96,0,0,43,53,0.0014916431849807058
462,2025-12-01,V3,V3-2025-12-01-L0.1-H60,0.00233827003387324,0.012000158384296014,,-0.25097666847531197,-0.23844834631195574,96,35,96,0,0,39,57,0.0017170888746596304
463,2025-12-02,V3,V3-2025-12-01-L0.1-H60,0.00233827003387324,0.012000158384296014,,-0.2860689093868692,-0.23610606198370582,96,41,96,0,0,40,56,0.0012479634734745056
464,2025-12-03,V3,V3-2025-12-01-L0.1-H60,0.00233827003387324,0.012000158384296014,,-0.23965002712967987,-0.29144526768280854,96,50,96,0,0,41,55,0.0013740429869538073
465,2025-12-04,V3,V3-2025-12-01-L0.1-H60,0.00233827003387324,0.012000158384296014,,-0.2660200759631036,-0.23471151214153224,96,43,96,0,0,43,53,0.001343659715112953
466,2025-12-05,V3,V3-2025-12-01-L0.1-H60,0.00233827003387324,0.012000158384296014,,0.308776451437873,0.25182201616094524,96,67,96,0,0,51,45,0.0011540349894192442
467,2025-12-08,V3,V3-2025-12-01-L0.1-H60,0.00233827003387324,0.012000158384296014,,0.0702794357026587,0.023866815330009315,96,51,96,0,0,53,43,0.0020358625782568958
468,2025-12-09,V3,V3-2025-12-01-L0.1-H60,0.00233827003387324,0.012000158384296014,,-0.26428377645143786,-0.33488503566627964,96,34,96,0,0,46,50,0.0016713441048144123
469,2025-12-10,V3,V3-2025-12-01-L0.1-H60,0.00233827003387324,0.012000158384296014,,-0.20838307107976126,-0.28164881877941134,96,38,96,0,0,45,51,0.0016053816034729844
470,2025-12-11,V3,V3-2025-12-01-L0.1-H60,0.00233827003387324,0.012000158384296014,,-0.0906494960806271,-0.11382876438181296,95,42,95,0,0,45,50,0.001868926332164919
471,2025-12-12,V3,V3-2025-12-01-L0.1-H60,0.00233827003387324,0.012000158384296014,,-0.2789193729003359,-0.26936370808815313,95,43,95,0,0,38,57,0.001140924645504658
472,2025-12-15,V3,V3-2025-12-01-L0.1-H60,0.00233827003387324,0.012000158384296014,,-0.38684210526315793,-0.363256900269789,95,37,95,0,0,39,56,0.0012656280235592988
473,2025-12-16,V3,V3-2025-12-01-L0.1-H60,0.00233827003387324,0.012000158384296014,,-0.42925531914893617,-0.2867052892935767,95,32,95,0,0,35,60,0.0015172909975080088
474,2025-12-17,V3,V3-2025-12-01-L0.1-H60,0.00233827003387324,0.012000158384296014,,-0.27035274356103023,-0.12871210236485292,95,39,95,0,0,44,51,0.0015770435962555417
475,2025-12-18,V3,V3-2025-12-01-L0.1-H60,0.00233827003387324,0.012000158384296014,,-0.2858762597984323,-0.1858463313862175,95,44,95,0,0,33,62,0.002396872519571285
476,2025-12-19,V3,V3-2025-12-01-L0.1-H60,0.00233827003387324,0.012000158384296014,,-0.0019316909294512879,0.065808611851707,95,55,95,0,0,33,62,0.0015543670918101882
477,2025-12-22,V3,V3-2025-12-01-L0.1-H60,0.00233827003387324,0.012000158384296014,,0.13419788317740128,0.14809820751541783,94,53,94,0,0,35,59,0.0019079624505022018
478,2025-12-23,V3,V3-2025-12-01-L0.1-H60,0.00233827003387324,0.012000158384296014,,-0.06809233103348626,0.023799141484683276,94,44,94,0,0,37,57,0.0013606348139290128
479,2025-12-24,V3,V3-2025-12-01-L0.1-H60,0.00233827003387324,0.012000158384296014,,0.07254271574612578,0.09104880996711592,94,57,94,0,0,36,58,0.0016649962559627896
480,2025-12-25,V3,V3-2025-12-01-L0.1-H60,0.00233827003387324,0.012000158384296014,,0.19934978145432217,0.22758726782807168,94,58,94,0,0,42,52,0.0017878563471761821
481,2025-12-26,V3,V3-2025-12-01-L0.1-H60,0.00233827003387324,0.012000158384296014,,0.2103890474298306,0.251516035615477,94,63,94,0,0,34,60,0.002357488748579426
482,2025-12-29,V3,V3-2025-12-01-L0.1-H60,0.00233827003387324,0.012000158384296014,,-0.11502366073041217,0.013548549863728422,94,49,94,0,0,33,61,0.0023710461045339374
483,2025-12-30,V3,V3-2025-12-01-L0.1-H60,0.00233827003387324,0.012000158384296014,,0.1474623415092295,0.1183725640253705,94,56,94,0,0,35,59,0.002648371784312575
484,2025-12-31,V3,V3-2025-12-01-L0.1-H60,0.00233827003387324,0.012000158384296014,,0.10375320593866272,0.06684583951680279,94,53,94,0,0,41,53,0.0031263853041435005
485,2026-01-05,V3,V3-2026-01-05-L0.1-H60,0.0021031973050478917,0.010454039619025279,,-0.06882924538525449,-0.03321959755345661,94,49,94,0,0,37,57,0.0034906836841630427
486,2026-01-06,V3,V3-2026-01-05-L0.1-H60,0.0021031973050478917,0.010454039619025279,,-0.16587075100242027,-0.05324608731315194,94,44,94,0,0,38,56,0.0055685624371398556
487,2026-01-07,V3,V3-2026-01-05-L0.1-H60,0.0021031973050478917,0.010454039619025279,,-0.0029535274356103027,0.0585343829771021,95,57,95,0,0,35,60,0.003991478649662105
488,2026-01-08,V3,V3-2026-01-05-L0.1-H60,0.0021031973050478917,0.010454039619025279,,0.24013157894736845,0.2768002640641389,95,62,95,0,0,38,57,0.005439816561449596
489,2026-01-09,V3,V3-2026-01-05-L0.1-H60,0.0021031973050478917,0.010454039619025279,,0.16321388577827547,0.2593232575450809,95,64,95,0,0,29,66,0.004191845746166322
490,2026-01-12,V3,V3-2026-01-05-L0.1-H60,0.0021031973050478917,0.010454039619025279,,0.13265677491601344,0.2229914268966829,95,63,95,0,0,31,64,0.006094962015262885
491,2026-01-13,V3,V3-2026-01-05-L0.1-H60,0.0021031973050478917,0.010454039619025279,,0.1583986562150056,0.17737365421973375,95,56,95,0,0,31,64,0.008040207324663673
492,2026-01-14,V3,V3-2026-01-05-L0.1-H60,0.0021031973050478917,0.010454039619025279,,0.07418812989921614,0.26318165437119456,95,58,95,0,0,32,63,0.006003873741181782
493,2026-01-15,V3,V3-2026-01-05-L0.1-H60,0.0021031973050478917,0.010454039619025279,,0.25491321388577826,0.323375361244603,95,60,95,0,0,36,59,0.0029222495155117475
494,2026-01-16,V3,V3-2026-01-05-L0.1-H60,0.0021031973050478917,0.010454039619025279,,0.33955767077267646,0.39850832127809493,95,66,95,0,0,39,56,0.002938656652461134
495,2026-01-19,V3,V3-2026-01-05-L0.1-H60,0.0021031973050478917,0.010454039619025279,,0.504087346024636,0.4732090718019717,95,64,95,0,0,39,56,0.0043438468739356
496,2026-01-20,V3,V3-2026-01-05-L0.1-H60,0.0021031973050478917,0.010454039619025279,,0.39543673012318026,0.4075603664277129,95,71,95,0,0,34,61,0.0053079076330701394
497,2026-01-21,V3,V3-2026-01-05-L0.1-H60,0.0021031973050478917,0.010454039619025279,,0.16280795072788354,0.1894863571657008,95,61,95,0,0,39,56,0.0049799138241268795
498,2026-01-22,V3,V3-2026-01-05-L0.1-H60,0.0021031973050478917,0.010454039619025279,,0.07653975363941769,0.285965519940078,95,58,95,0,0,33,62,0.006566217074041302
499,2026-01-23,V3,V3-2026-01-05-L0.1-H60,0.0021031973050478917,0.010454039619025279,,-0.22698768197088467,-0.027393642680868663,95,48,95,0,0,42,53,0.0031207221805295816
500,2026-01-26,V3,V3-2026-01-05-L0.1-H60,0.0021031973050478917,0.010454039619025279,,-0.13296472564389697,0.08159662790347859,95,45,95,0,0,47,48,0.004452103240298743
501,2026-01-27,V3,V3-2026-01-05-L0.1-H60,0.0021031973050478917,0.010454039619025279,,-0.4208426651735722,-0.32477719911779035,95,32,95,0,0,58,37,0.005285587399967426
502,2026-01-28,V3,V3-2026-01-05-L0.1-H60,0.0021031973050478917,0.010454039619025279,,-0.4135638297872341,-0.3888040517804241,95,30,95,0,0,55,40,0.004932879080655356
503,2026-01-29,V3,V3-2026-01-05-L0.1-H60,0.0021031973050478917,0.010454039619025279,,-0.5411394176931691,-0.5174768654078725,95,28,95,0,0,58,37,0.005136292931081501
504,2026-01-30,V3,V3-2026-01-05-L0.1-H60,0.0021031973050478917,0.010454039619025279,,-0.2320130222463375,-0.1309479303112088,96,51,96,0,0,40,56,0.0023745592807481782
505,2026-02-02,V3,V3-2026-02-02-L0.1-H60,0.0027954296901284083,0.014766513426502996,,-0.2941942485078676,-0.27775780549026713,96,33,96,0,0,55,41,0.001849241372742274
506,2026-02-03,V3,V3-2026-02-02-L0.1-H60,0.0027954296901284083,0.014766513426502996,,-0.030100379815518177,0.11729049184200288,96,51,96,0,0,42,54,0.0017826985701976858
507,2026-02-04,V3,V3-2026-02-02-L0.1-H60,0.0027954296901284083,0.014766513426502996,,0.24525230602278894,0.3939821163911055,96,62,96,0,0,36,60,0.0033254921162656826
508,2026-02-05,V3,V3-2026-02-02-L0.1-H60,0.0027954296901284083,0.014766513426502996,,0.19376017362995118,0.30712914844780187,96,63,96,0,0,32,64,0.005092544543454765
509,2026-02-06,V3,V3-2026-02-02-L0.1-H60,0.0027954296901284083,0.014766513426502996,,0.2595360824742268,0.3274462610254187,96,63,96,0,0,29,67,0.00437061046597335
510,2026-02-09,V3,V3-2026-02-02-L0.1-H60,0.0027954296901284083,0.014766513426502996,,0.22121540965816602,0.268601930730967,96,64,96,0,0,33,63,0.00455209208168763
511,2026-02-10,V3,V3-2026-02-02-L0.1-H60,0.0027954296901284083,0.014766513426502996,,0.24415355398806296,0.3298086752968129,96,60,96,0,0,35,61,0.005024592074480969
512,2026-02-11,V3,V3-2026-02-02-L0.1-H60,0.0027954296901284083,0.014766513426502996,,0.05576741005680622,0.11323298622408945,97,51,97,0,0,38,59,0.0034031328997032534
513,2026-02-12,V3,V3-2026-02-02-L0.1-H60,0.0027954296901284083,0.014766513426502996,,0.09746475909951609,0.16452487290354578,97,53,97,0,0,47,50,0.005457386931620954
514,2026-02-13,V3,V3-2026-02-02-L0.1-H60,0.0027954296901284083,0.014766513426502996,,0.00156480117820324,0.10215439611758417,97,40,97,0,0,44,53,0.007592818295193639
515,2026-02-24,V3,V3-2026-02-02-L0.1-H60,0.0027954296901284083,0.014766513426502996,,0.13465179886387543,0.15455325120196284,97,50,97,0,0,40,57,0.003723488266855748
516,2026-02-25,V3,V3-2026-02-02-L0.1-H60,0.0027954296901284083,0.014766513426502996,,0.1023169577109194,0.08438885724658632,97,48,97,0,0,43,54,0.003471145778248802
517,2026-02-26,V3,V3-2026-02-02-L0.1-H60,0.0027954296901284083,0.014766513426502996,,0.12450031559015359,0.07641209840846885,97,53,97,0,0,41,56,0.0038416993206422468
518,2026-02-27,V3,V3-2026-02-02-L0.1-H60,0.0027954296901284083,0.014766513426502996,,-0.07233589312013464,-0.16886534052695035,97,48,97,0,0,44,53,0.004770342463790103
519,2026-03-02,V3,V3-2026-03-02-L0.1-H60,0.0024029715844640087,0.012964115102268449,,-0.10695876288659792,-0.15087432749934157,97,48,97,0,0,36,61,0.007578019091032008
520,2026-03-03,V3,V3-2026-03-02-L0.1-H60,0.0024029715844640087,0.012964115102268449,,-0.2818351567431096,-0.2395569265277462,97,41,97,0,0,39,58,0.004922314022327697
521,2026-03-04,V3,V3-2026-03-02-L0.1-H60,0.0024029715844640087,0.012964115102268449,,-0.14088470439722278,-0.09318991966535622,97,50,97,0,0,46,51,0.00544799368904009
522,2026-03-05,V3,V3-2026-03-02-L0.1-H60,0.0024029715844640087,0.012964115102268449,,-0.0005259835893120134,-0.006882947901064618,97,62,97,0,0,44,53,0.004620585952500462
523,2026-03-06,V3,V3-2026-03-02-L0.1-H60,0.0024029715844640087,0.012964115102268449,,0.0353197980223017,0.024403100643715803,97,57,97,0,0,46,51,0.003384281884327177
524,2026-03-09,V3,V3-2026-03-02-L0.1-H60,0.0024029715844640087,0.012964115102268449,,0.1336787292236482,0.05220888778819133,97,58,97,0,0,48,49,0.0033740921074580325
525,2026-03-10,V3,V3-2026-03-02-L0.1-H60,0.0024029715844640087,0.012964115102268449,,-0.028482011361245528,0.10297841787086172,97,48,97,0,0,43,54,0.003344366724940274
526,2026-03-11,V3,V3-2026-03-02-L0.1-H60,0.0024029715844640087,0.012964115102268449,,0.08177729854828529,0.14826130062252002,97,54,97,0,0,43,54,0.003398235642486717
527,2026-03-12,V3,V3-2026-03-02-L0.1-H60,0.0024029715844640087,0.012964115102268449,,0.3010204081632653,0.23318770209671444,97,59,97,0,0,42,55,0.002743050474270957
528,2026-03-13,V3,V3-2026-03-02-L0.1-H60,0.0024029715844640087,0.012964115102268449,,0.31849621291815694,0.26195733535406185,97,59,97,0,0,42,55,0.0018000556055280533
529,2026-03-16,V3,V3-2026-03-02-L0.1-H60,0.0024029715844640087,0.012964115102268449,,0.48759993688196923,0.4018965351639868,97,65,97,0,0,44,53,0.001827060230165801
530,2026-03-17,V3,V3-2026-03-02-L0.1-H60,0.0024029715844640087,0.012964115102268449,,0.34124500315590145,0.2675082639570964,97,63,97,0,0,47,50,0.0018996723268235314
531,2026-03-18,V3,V3-2026-03-02-L0.1-H60,0.0024029715844640087,0.012964115102268449,,0.10129128971176099,0.06199440908626252,97,54,97,0,0,48,49,0.003483536020397412
532,2026-03-19,V3,V3-2026-03-02-L0.1-H60,0.0024029715844640087,0.012964115102268449,,-0.06459078476751524,-0.10319647865675267,97,45,97,0,0,47,50,0.0032794431143623043
533,2026-03-20,V3,V3-2026-03-02-L0.1-H60,0.0024029715844640087,0.012964115102268449,,-0.259678098043341,-0.12363797956627025,97,44,97,0,0,45,52,0.0033476298820885736
534,2026-03-23,V3,V3-2026-03-02-L0.1-H60,0.0024029715844640087,0.012964115102268449,,-0.08920681674731747,-0.1082338106065823,97,48,97,0,0,56,41,0.0031059629179091175
535,2026-03-24,V3,V3-2026-03-02-L0.1-H60,0.0024029715844640087,0.012964115102268449,,-0.08161950347149169,-0.14490509047400912,97,48,97,0,0,58,39,0.002768046075123888
536,2026-03-25,V3,V3-2026-03-02-L0.1-H60,0.0024029715844640087,0.012964115102268449,,-0.09274405638544077,-0.09510360946302167,97,46,97,0,0,56,41,0.002913828553626736
537,2026-03-26,V3,V3-2026-03-02-L0.1-H60,0.0024029715844640087,0.012964115102268449,,0.0857221754681254,-0.07194641888363652,97,56,97,0,0,52,45,0.003426726018591368
538,2026-03-27,V3,V3-2026-03-02-L0.1-H60,0.0024029715844640087,0.012964115102268449,,0.0587786661056175,-0.03479634965444101,97,58,97,0,0,43,54,0.00274464931573832
539,2026-03-30,V3,V3-2026-03-02-L0.1-H60,0.0024029715844640087,0.012964115102268449,,-0.40345571218177984,-0.30174166092956983,97,36,97,0,0,42,55,0.00351807102339957
540,2026-03-31,V3,V3-2026-03-02-L0.1-H60,0.0024029715844640087,0.012964115102268449,,-0.21262886597938144,-0.1118555880136224,97,47,97,0,0,36,61,0.002484786411891395
541,2026-04-01,V3,V3-2026-04-01-L0.1-H60,0.0017378929983365755,0.009814734626491068,,-0.3174705449189985,-0.1684867684442706,97,43,97,0,0,40,57,0.0038182574742015984
542,2026-04-02,V3,V3-2026-04-01-L0.1-H60,0.0017378929983365755,0.009814734626491068,,-0.36650536503261094,-0.22199412842913646,97,37,97,0,0,43,54,0.005592167834652886
543,2026-04-03,V3,V3-2026-04-01-L0.1-H60,0.0017378929983365755,0.009814734626491068,,-0.3394566589522407,-0.20459956471190052,97,39,97,0,0,44,53,0.006870165860158767
544,2026-04-07,V3,V3-2026-04-01-L0.1-H60,0.0017378929983365755,0.009814734626491068,,-0.10044971596886175,0.03286044559542108,97,47,97,0,0,40,57,0.0033926474335126055
545,2026-04-08,V3,V3-2026-04-01-L0.1-H60,0.0017378929983365755,0.009814734626491068,,-0.1792552072375342,-0.024048584128772463,97,44,97,0,0,42,55,0.003567233826270907
546,2026-04-09,V3,V3-2026-04-01-L0.1-H60,0.0017378929983365755,0.009814734626491068,,-0.133231643172733,-0.028291658822594067,97,47,97,0,0,41,56,0.0019191488602901493
547,2026-04-10,V3,V3-2026-04-01-L0.1-H60,0.0017378929983365755,0.009814734626491068,,0.01101935619608668,0.14126433672331976,97,52,97,0,0,42,55,0.0018178787858023967
548,2026-04-13,V3,V3-2026-04-01-L0.1-H60,0.0017378929983365755,0.009814734626491068,,0.004576057227014517,0.04755739928838452,97,56,97,0,0,41,56,0.0017590816504262433
549,2026-04-14,V3,V3-2026-04-01-L0.1-H60,0.0017378929983365755,0.009814734626491068,,0.07847675152535241,0.14641521589603854,97,59,97,0,0,37,60,0.002882940052464094
550,2026-04-15,V3,V3-2026-04-01-L0.1-H60,0.0017378929983365755,0.009814734626491068,,-0.07896328634546601,-0.08082529592826303,97,52,97,0,0,34,63,0.003203184165278698
551,2026-04-16,V3,V3-2026-04-01-L0.1-H60,0.0017378929983365755,0.009814734626491068,,0.003458342099726488,0.020567156761269925,97,56,97,0,0,38,59,0.0024454344258799535
552,2026-04-17,V3,V3-2026-04-01-L0.1-H60,0.0017378929983365755,0.009814734626491068,,0.08054123711340205,0.07230230817083173,97,53,97,0,0,39,58,0.002743949184412621
553,2026-04-20,V3,V3-2026-04-01-L0.1-H60,0.0017378929983365755,0.009814734626491068,,0.19633652430044182,0.12879687214013663,97,59,97,0,0,40,57,0.0031538421091022
554,2026-04-21,V3,V3-2026-04-01-L0.1-H60,0.0017378929983365755,0.009814734626491068,,0.149629181569535,0.09045388988024156,97,58,97,0,0,43,54,0.002575956750486376
555,2026-04-22,V3,V3-2026-04-01-L0.1-H60,0.0017378929983365755,0.009814734626491068,,0.3153553988062941,0.3122738255960419,96,66,96,0,0,34,62,0.00512050728334477
556,2026-04-23,V3,V3-2026-04-01-L0.1-H60,0.0017378929983365755,0.009814734626491068,,0.4409522517634292,0.40850702937589656,96,63,96,0,0,38,58,0.006230928415406327
557,2026-04-24,V3,V3-2026-04-01-L0.1-H60,0.0017378929983365755,0.009814734626491068,,0.4887004883342376,0.4893028307294164,96,66,96,0,0,40,56,0.004719123760011862
558,2026-04-27,V3,V3-2026-04-01-L0.1-H60,0.0017378929983365755,0.009814734626491068,,0.4774552360282148,0.471169615953592,96,65,96,0,0,41,55,0.004286826196378384
559,2026-04-28,V3,V3-2026-04-01-L0.1-H60,0.0017378929983365755,0.009814734626491068,,0.565002712967987,0.532512359205833,96,72,96,0,0,37,59,0.00894648268177838
560,2026-04-29,V3,V3-2026-04-01-L0.1-H60,0.0017378929983365755,0.009814734626491068,,0.4166841994529771,0.4106006693060702,97,67,97,0,0,35,62,0.009246569763560622
561,2026-04-30,V3,V3-2026-04-01-L0.1-H60,0.0017378929983365755,0.009814734626491068,,0.3408708627238199,0.3489953999403012,96,65,96,0,0,36,60,0.006902486111429517
562,2026-05-06,V3,V3-2026-05-06-L0.1-H60,0.0005668470274259762,0.0041326317378508,,0.2429869777536625,0.39459037286613935,96,63,96,0,0,33,63,0.006491651868786038
563,2026-05-07,V3,V3-2026-05-06-L0.1-H60,0.0005668470274259762,0.0041326317378508,,0.40978024959305476,0.4790450655334936,96,64,96,0,0,37,59,0.0061894986361262505
564,2026-05-08,V3,V3-2026-05-06-L0.1-H60,0.0005668470274259762,0.0041326317378508,,0.324755832881172,0.41526093158525124,96,62,96,0,0,38,58,0.0034860070837998518
565,2026-05-11,V3,V3-2026-05-06-L0.1-H60,0.0005668470274259762,0.0041326317378508,,0.3598887683125339,0.4061523575124475,96,65,96,0,0,39,57,0.004442084825162022
566,2026-05-12,V3,V3-2026-05-06-L0.1-H60,0.0005668470274259762,0.0041326317378508,,0.2379001627780792,0.3356822776250323,96,61,96,0,0,38,58,0.004204201759611029
567,2026-05-13,V3,V3-2026-05-06-L0.1-H60,0.0005668470274259762,0.0041326317378508,,-0.14229517091698318,0.04016477941872756,96,51,96,0,0,38,58,0.004738479954375604
568,2026-05-14,V3,V3-2026-05-06-L0.1-H60,0.0005668470274259762,0.0041326317378508,,0.249755832881172,0.29749305813101345,96,64,96,0,0,36,60,0.003753914764100868
569,2026-05-15,V3,V3-2026-05-06-L0.1-H60,0.0005668470274259762,0.0041326317378508,,0.3105127509495388,0.401533981895258,96,69,96,0,0,33,63,0.005976554736841398
570,2026-05-18,V3,V3-2026-05-06-L0.1-H60,0.0005668470274259762,0.0041326317378508,,0.06743081931633206,0.2276614596860573,96,62,96,0,0,31,65,0.007573298884954668
571,2026-05-19,V3,V3-2026-05-06-L0.1-H60,0.0005668470274259762,0.0041326317378508,,0.07327726532826913,0.17190911190026148,96,61,96,0,0,35,61,0.006214815971377849
572,2026-05-20,V3,V3-2026-05-06-L0.1-H60,0.0005668470274259762,0.0041326317378508,,0.47523060227889313,0.4476284325838745,96,75,96,0,0,30,66,0.008110142773146494
573,2026-05-21,V3,V3-2026-05-06-L0.1-H60,0.0005668470274259762,0.0041326317378508,,0.04712425393380358,0.09733986537909024,96,50,96,0,0,47,49,0.004356976892155351
574,2026-05-22,V3,V3-2026-05-06-L0.1-H60,0.0005668470274259762,0.0041326317378508,,-0.46173358654367874,-0.5097951779629571,96,25,96,0,0,55,41,0.005437319875880155
575,2026-05-25,V3,V3-2026-05-06-L0.1-H60,0.0005668470274259762,0.0041326317378508,,-0.5259359739555073,-0.47458657459895603,96,32,96,0,0,46,50,0.0038970834450029568
576,2026-05-26,V3,V3-2026-05-06-L0.1-H60,0.0005668470274259762,0.0041326317378508,,-0.4919967444384156,-0.3911229754340564,96,37,96,0,0,43,53,0.002651397118877345
577,2026-05-27,V3,V3-2026-05-06-L0.1-H60,0.0005668470274259762,0.0041326317378508,,-0.19654096581660338,-0.14601851446365094,96,39,96,0,0,51,45,0.0026519668196060622
578,2026-05-28,V3,V3-2026-05-06-L0.1-H60,0.0005668470274259762,0.0041326317378508,,-0.1633884970157352,-0.08769971735702783,96,45,96,0,0,42,54,0.003025078336880755
579,2026-05-29,V3,V3-2026-05-06-L0.1-H60,0.0005668470274259762,0.0041326317378508,,0.09209169831795985,0.1211485377562416,96,50,96,0,0,46,50,0.003186704036144764
580,2026-06-01,V3,V3-2026-06-01-L0.1-H60,0.0015186365583120722,0.008840771084056011,,0.26323928377645145,0.3232543959412402,96,60,96,0,0,39,57,0.004118992176949989
581,2026-06-02,V3,V3-2026-06-01-L0.1-H60,0.0015186365583120722,0.008840771084056011,,0.013912265937302755,0.05728408121839948,97,50,97,0,0,50,47,0.003875110188642885
582,2026-06-03,V3,V3-2026-06-01-L0.1-H60,0.0015186365583120722,0.008840771084056011,,-0.18615874184725437,-0.10413007563550078,97,45,97,0,0,43,54,0.0033702225590840733
583,2026-06-04,V3,V3-2026-06-01-L0.1-H60,0.0015186365583120722,0.008840771084056011,,-0.08881232905533346,-0.0693849565439283,97,46,97,0,0,52,45,0.0036185992856478167
584,2026-06-05,V3,V3-2026-06-01-L0.1-H60,0.0015186365583120722,0.008840771084056011,,0.133428887018725,0.21100968193145614,97,58,97,0,0,39,58,0.005652119086837512
585,2026-06-08,V3,V3-2026-06-01-L0.1-H60,0.0015186365583120722,0.008840771084056011,,-0.2432937092362718,-0.1331638264399324,97,42,97,0,0,41,56,0.003753827670816016
586,2026-06-09,V3,V3-2026-06-01-L0.1-H60,0.0015186365583120722,0.008840771084056011,,0.11221859877971807,0.22509484950372177,97,53,97,0,0,41,56,0.008312993111110306
587,2026-06-10,V3,V3-2026-06-01-L0.1-H60,0.0015186365583120722,0.008840771084056011,,-0.07785872080791079,-0.021877173364415536,97,48,97,0,0,40,57,0.010082161462613192
588,2026-06-11,V3,V3-2026-06-01-L0.1-H60,0.0015186365583120722,0.008840771084056011,,0.08647170208289502,0.1516434305960392,97,56,97,0,0,37,60,0.019033898427983337
589,2026-06-12,V3,V3-2026-06-01-L0.1-H60,0.0015186365583120722,0.008840771084056011,,0.03888333683989059,0.11050217015681936,97,47,97,0,0,34,63,0.011011885813750247
590,2026-06-15,V3,V3-2026-06-01-L0.1-H60,0.0015186365583120722,0.008840771084056011,,0.18126709446665262,0.27095353200454164,97,58,97,0,0,35,62,0.01500512072031148
591,2026-06-16,V3,V3-2026-06-01-L0.1-H60,0.0015186365583120722,0.008840771084056011,,0.3778534609720176,0.37587805034547717,97,62,97,0,0,32,65,0.013369533420197883
592,2026-06-17,V3,V3-2026-06-01-L0.1-H60,0.0015186365583120722,0.008840771084056011,,0.5035898379970544,0.5145860421126692,97,72,97,0,0,34,63,0.011965337110640469
593,2026-06-18,V3,V3-2026-06-01-L0.1-H60,0.0015186365583120722,0.008840771084056011,,0.3992872922364822,0.523688806800948,97,74,97,0,0,36,61,0.01291565832453406
594,2026-06-22,V3,V3-2026-06-01-L0.1-H60,0.0015186365583120722,0.008840771084056011,,0.5636045655375552,0.6143541568574763,97,80,97,0,0,32,65,0.014491267965171875
595,2026-06-23,V3,V3-2026-06-01-L0.1-H60,0.0015186365583120722,0.008840771084056011,,0.267252261729434,0.35616379371645895,97,66,97,0,0,40,57,0.00893982411104898
596,2026-06-24,V3,V3-2026-06-01-L0.1-H60,0.0015186365583120722,0.008840771084056011,,-0.3054649694929518,-0.28802175843010025,97,36,97,0,0,56,41,0.005576567623255192
597,2026-06-25,V3,V3-2026-06-01-L0.1-H60,0.0015186365583120722,0.008840771084056011,,-0.4248369450873132,-0.4555155809869675,97,32,97,0,0,54,43,0.005561645196888734
598,2026-06-26,V3,V3-2026-06-01-L0.1-H60,0.0015186365583120722,0.008840771084056011,,-0.4287555228276877,-0.5461781406023634,97,30,97,0,0,55,42,0.005180319335600515
599,2026-06-29,V3,V3-2026-06-01-L0.1-H60,0.0015186365583120722,0.008840771084056011,,-0.6272880286135072,-0.6436994050384567,97,22,97,0,0,57,40,0.007180790513667018
600,2026-06-30,V3,V3-2026-06-01-L0.1-H60,0.0015186365583120722,0.008840771084056011,,-0.6610430254576057,-0.6755242649670936,97,23,97,0,0,55,42,0.006845146083997376
601,2026-07-01,V3,V3-2026-07-01-L0.1-H60,0.0028572734113388345,0.01577109665591004,,0.1404507679360404,0.18320550123803353,97,59,97,0,0,43,54,0.004227613245782027
602,2026-07-02,V3,V3-2026-07-01-L0.1-H60,0.0028572734113388345,0.01577109665591004,,-0.18945928887018723,-0.13997851640027414,97,43,97,0,0,50,47,0.005652500800433096
603,2026-07-03,V3,V3-2026-07-01-L0.1-H60,0.0028572734113388345,0.01577109665591004,,-0.36868819692825583,-0.35426873759929794,97,32,97,0,0,53,44,0.009126400710684174
604,2026-07-06,V3,V3-2026-07-01-L0.1-H60,0.0028572734113388345,0.01577109665591004,,-0.44858510414475056,-0.2708953659157195,97,37,97,0,0,45,52,0.006167975512672198
605,2026-07-07,V3,V3-2026-07-01-L0.1-H60,0.0028572734113388345,0.01577109665591004,,-0.5968467283820744,-0.5134747597101051,97,27,97,0,0,57,40,0.007576620330290776
606,2026-07-08,V3,V3-2026-07-01-L0.1-H60,0.0028572734113388345,0.01577109665591004,,-0.6868819692825584,-0.7254220645320613,97,20,97,0,0,59,38,0.015555794325577629
607,2026-07-09,V3,V3-2026-07-01-L0.1-H60,0.0028572734113388345,0.01577109665591004,,-0.8167078687144961,-0.7904054875495257,97,17,97,0,0,57,40,0.01717107812596766
608,2026-07-10,V3,V3-2026-07-01-L0.1-H60,0.0028572734113388345,0.01577109665591004,,-0.7824926362297495,-0.7587277822944032,97,22,97,0,0,59,38,0.018708192504191118
609,2026-07-13,V3,V3-2026-07-01-L0.1-H60,0.0028572734113388345,0.01577109665591004,,-0.6035530191458026,-0.6369149790493003,97,22,97,0,0,61,36,0.012251382815638196
610,2026-07-14,V3,V3-2026-07-01-L0.1-H60,0.0028572734113388345,0.01577109665591004,,-0.42953134862192294,-0.5111483124351479,97,24,97,0,0,66,31,0.008017771986134377
611,2026-07-15,V3,V3-2026-07-01-L0.1-H60,0.0028572734113388345,0.01577109665591004,,-0.24522669892699347,-0.2710251836305489,97,40,97,0,0,63,34,0.0074201617773291635
612,2026-07-16,V3,V3-2026-07-01-L0.1-H60,0.0028572734113388345,0.01577109665591004,,0.05320324005891015,0.04785405049015373,97,51,97,0,0,44,53,0.004682700753059665
613,2026-07-17,V3,V3-2026-07-01-L0.1-H60,0.0028572734113388345,0.01577109665591004,,-0.45387123921733635,-0.37494609506363413,97,26,97,0,0,34,63,0.0052035123834589065
614,2026-07-20,V3,V3-2026-07-01-L0.1-H60,0.0028572734113388345,0.01577109665591004,,0.49990795287187034,0.4773525585320495,97,70,97,0,0,67,30,0.005511304531963413
615,2026-07-21,V3,V3-2026-07-01-L0.1-H60,0.0028572734113388345,0.01577109665591004,,0.3921339154218388,0.41609062894558324,97,69,97,0,0,64,33,0.005060819199577489
616,2026-07-22,V3,V3-2026-07-01-L0.1-H60,0.0028572734113388345,0.01577109665591004,,0.6517462655165158,0.6177686547585117,97,74,97,0,0,59,38,0.004587646905659946
617,2026-07-23,V3,V3-2026-07-01-L0.1-H60,0.0028572734113388345,0.01577109665591004,,0.5837497370082053,0.6038692382875647,97,79,97,0,0,63,34,0.0050404073696914695
618,2026-07-24,V3,V3-2026-07-01-L0.1-H60,0.0028572734113388345,0.01577109665591004,,0.679136860929939,0.6496533181611487,97,79,97,0,0,63,34,0.008618779489632813
619,2026-07-27,V3,V3-2026-07-01-L0.1-H60,0.0028572734113388345,0.01577109665591004,,0.06047496318114875,0.20196507820955534,97,51,97,0,0,51,46,0.0030200450148101976
620,2026-07-28,V3,V3-2026-07-01-L0.1-H60,0.0028572734113388345,0.01577109665591004,,-0.5540316642120765,-0.38467996614490013,97,24,97,0,0,40,57,0.004102483050717494
621,2026-07-29,V3,V3-2026-07-01-L0.1-H60,0.0028572734113388345,0.01577109665591004,,-0.738533557752998,-0.6394544750868006,97,21,97,0,0,41,56,0.008139171014851515
622,2026-07-30,V3,V3-2026-07-01-L0.1-H60,0.0028572734113388345,0.01577109665591004,,-0.8333158005470229,-0.8138338114662547,97,10,97,0,0,40,57,0.007900389299930723
623,2026-07-31,V3,V3-2026-07-01-L0.1-H60,0.0028572734113388345,0.01577109665591004,,-0.811763622974963,-0.7930590356583276,97,12,97,0,0,38,59,0.011791722048430407
624,2026-08-03,V3,V3-2026-08-03-L0.1-H60,0.0014807090842395866,0.005668293086745481,,-0.7595203029665474,-0.7775838636562813,97,10,97,0,0,35,62,0.004407616264765824
625,2026-08-04,V3,V3-2026-08-03-L0.1-H60,0.0014807090842395866,0.005668293086745481,,-0.557621502209131,-0.6674395135031164,97,18,97,0,0,39,58,0.002303833250128626
626,2026-08-05,V3,V3-2026-08-03-L0.1-H60,0.0014807090842395866,0.005668293086745481,,-0.43793393646118234,-0.4938514491292405,97,26,97,0,0,40,57,0.001411965673499106
627,2026-08-06,V3,V3-2026-08-03-L0.1-H60,0.0014807090842395866,0.005668293086745481,,-0.19446928255838417,-0.20459579938433797,97,36,97,0,0,45,52,0.001226467475309407
628,2026-08-07,V3,V3-2026-08-03-L0.1-H60,0.0014807090842395866,0.005668293086745481,,-0.673009152114454,-0.6729176799921721,97,15,97,0,0,39,58,0.003259324061780017
629,2026-08-10,V3,V3-2026-08-03-L0.1-H60,0.0014807090842395866,0.005668293086745481,,-0.4933068588260046,-0.5625937183827839,97,19,97,0,0,35,62,0.003101906923543591
630,2026-08-11,V3,V3-2026-08-03-L0.1-H60,0.0014807090842395866,0.005668293086745481,,0.24104512939196293,0.18185087235832123,97,49,97,0,0,42,55,0.0016169835723700075
631,2026-08-12,V3,V3-2026-08-03-L0.1-H60,0.0014807090842395866,0.005668293086745481,,0.13893856511676836,0.11159015017481101,97,49,97,0,0,47,50,0.0020158000240789995
632,2026-08-13,V3,V3-2026-08-03-L0.1-H60,0.0014807090842395866,0.005668293086745481,,0.24738323164317272,0.21794900889294608,97,58,97,0,0,45,52,0.0019095494120097234
633,2026-08-14,V3,V3-2026-08-03-L0.1-H60,0.0014807090842395866,0.005668293086745481,,-0.09363822848727119,-0.0661232595081801,97,47,97,0,0,55,42,0.003789486455116161
634,2026-08-17,V3,V3-2026-08-03-L0.1-H60,0.0014807090842395866,0.005668293086745481,,-0.6682884494003787,-0.5943298015045865,97,23,97,0,0,53,44,0.003694975763052225
635,2026-08-18,V3,V3-2026-08-03-L0.1-H60,0.0014807090842395866,0.005668293086745481,,-0.20249053229539235,-0.19527412747633047,97,41,97,0,0,50,47,0.0015070899545078392
636,2026-08-19,V3,V3-2026-08-03-L0.1-H60,0.0014807090842395866,0.005668293086745481,,-0.12728802861350724,-0.15965272136000785,97,47,97,0,0,40,57,0.00147141982395363
637,2026-08-20,V3,V3-2026-08-03-L0.1-H60,0.0014807090842395866,0.005668293086745481,,-0.08911476961918786,-0.09777874826287943,97,47,97,0,0,53,44,0.001626123084934999
260,2025-02-05,V4,V4-2025-02-05-L0.1-H60,0.00024481468942462177,0.0,unidentifiable_c,-0.3040695190916104,-0.11322761905401431,98,38,98,0,0,38,60,0.003734748416548433
261,2025-02-06,V4,V4-2025-02-05-L0.1-H60,0.00024481468942462177,0.0,unidentifiable_c,-0.06978048951539377,0.009122481176133495,98,38,98,0,0,38,60,0.002832454789228827
262,2025-02-07,V4,V4-2025-02-05-L0.1-H60,0.00024481468942462177,0.0,unidentifiable_c,-0.07592652806202142,0.10238023314348577,98,33,98,0,0,33,65,0.0020023139772643913
263,2025-02-10,V4,V4-2025-02-05-L0.1-H60,0.00024481468942462177,0.0,unidentifiable_c,-0.2366543618384561,-0.015645955171460835,98,40,98,0,0,40,58,0.0020152123271038967
264,2025-02-11,V4,V4-2025-02-05-L0.1-H60,0.00024481468942462177,0.0,unidentifiable_c,-0.10656746297394308,0.07579583178668857,98,38,98,0,0,38,60,0.002138250892073747
265,2025-02-12,V4,V4-2025-02-05-L0.1-H60,0.00024481468942462177,0.0,unidentifiable_c,0.4036302431000516,0.36263557103104843,98,39,98,0,0,39,59,0.002830900296872366
266,2025-02-13,V4,V4-2025-02-05-L0.1-H60,0.00024481468942462177,0.0,unidentifiable_c,0.5648298682172025,0.49022258588645456,98,39,98,0,0,39,59,0.0040396744936736515
267,2025-02-14,V4,V4-2025-02-05-L0.1-H60,0.00024481468942462177,0.0,unidentifiable_c,0.4788160109404586,0.4453212381908636,97,36,97,0,0,36,61,0.0037629981845175966
268,2025-02-17,V4,V4-2025-02-05-L0.1-H60,0.00024481468942462177,0.0,unidentifiable_c,0.5528876499053229,0.48693018163016366,97,39,97,0,0,39,58,0.00631997706692587
269,2025-02-18,V4,V4-2025-02-05-L0.1-H60,0.00024481468942462177,0.0,unidentifiable_c,0.3483194824321481,0.29294730976951205,97,31,97,0,0,31,66,0.006606355714345855
270,2025-02-19,V4,V4-2025-02-05-L0.1-H60,0.00024481468942462177,0.0,unidentifiable_c,0.15569114243635596,0.2085650343089476,97,33,97,0,0,33,64,0.007198149786020101
271,2025-02-20,V4,V4-2025-02-05-L0.1-H60,0.00024481468942462177,0.0,unidentifiable_c,-0.332053439932674,-0.17694365904494222,97,43,97,0,0,43,54,0.00420566260209757
272,2025-02-21,V4,V4-2025-02-05-L0.1-H60,0.00024481468942462177,0.0,unidentifiable_c,-0.4489401430675362,-0.32803851233596293,97,47,97,0,0,47,50,0.002984170091911224
273,2025-02-24,V4,V4-2025-02-05-L0.1-H60,0.00024481468942462177,0.0,unidentifiable_c,-0.27673311592678307,-0.16030039078339633,97,50,97,0,0,50,47,0.002624104097077326
274,2025-02-25,V4,V4-2025-02-05-L0.1-H60,0.00024481468942462177,0.0,unidentifiable_c,-0.33465705869976853,-0.20218897362697824,97,44,97,0,0,44,53,0.0028938352758384922
275,2025-02-26,V4,V4-2025-02-05-L0.1-H60,0.00024481468942462177,0.0,unidentifiable_c,-0.03404428781822007,0.08200409266381524,97,39,97,0,0,39,58,0.0020540154601889093
276,2025-02-27,V4,V4-2025-02-05-L0.1-H60,0.00024481468942462177,0.0,unidentifiable_c,0.39509257311171886,0.41632340523563577,97,31,97,0,0,31,66,0.0032331674162941917
277,2025-02-28,V4,V4-2025-02-05-L0.1-H60,0.00024481468942462177,0.0,unidentifiable_c,0.3865190406059331,0.45489794892924884,97,34,97,0,0,34,63,0.0030289582648453774
278,2025-03-03,V4,V4-2025-03-03-L0.1-H60,0.0003012358948034905,0.0,unidentifiable_c,0.24927677256469596,0.31438777337446094,97,37,97,0,0,37,60,0.0021943128101153007
279,2025-03-04,V4,V4-2025-03-03-L0.1-H60,0.0003012358948034905,0.0,unidentifiable_c,0.16931411739953714,0.15176392061481128,97,42,97,0,0,42,55,0.0016498789722026676
280,2025-03-05,V4,V4-2025-03-03-L0.1-H60,0.0003012358948034905,0.0,unidentifiable_c,-0.3368530401851462,-0.23985068932072182,97,50,97,0,0,50,47,0.0017503514491650927
281,2025-03-06,V4,V4-2025-03-03-L0.1-H60,0.0003012358948034905,0.0,unidentifiable_c,-0.3557884494003787,-0.29584747618174884,97,50,97,0,0,50,47,0.0014225236233608698
282,2025-03-07,V4,V4-2025-03-03-L0.1-H60,0.0003012358948034905,0.0,unidentifiable_c,-0.4346596886177151,-0.43284029320443135,97,51,97,0,0,51,46,0.0010990168318122597
283,2025-03-10,V4,V4-2025-03-03-L0.1-H60,0.0003012358948034905,0.0,unidentifiable_c,-0.4441405428150641,-0.42439087224602856,97,47,97,0,0,47,50,0.001074629582514092
284,2025-03-11,V4,V4-2025-03-03-L0.1-H60,0.0003012358948034905,0.0,unidentifiable_c,-0.3538817588891226,-0.2742206114967069,97,49,97,0,0,49,48,0.000847738546064403
285,2025-03-12,V4,V4-2025-03-03-L0.1-H60,0.0003012358948034905,0.0,unidentifiable_c,-0.12354039553965915,-0.014463600078648818,97,42,97,0,0,42,55,0.0012938800175292333
286,2025-03-13,V4,V4-2025-03-03-L0.1-H60,0.0003012358948034905,0.0,unidentifiable_c,-0.3244135282979171,-0.2201772974941248,97,47,97,0,0,47,50,0.001425820717478824
287,2025-03-14,V4,V4-2025-03-03-L0.1-H60,0.0003012358948034905,0.0,unidentifiable_c,-0.24671260256679992,-0.24104957013714126,97,49,97,0,0,49,48,0.0014951692184711814
288,2025-03-17,V4,V4-2025-03-03-L0.1-H60,0.0003012358948034905,0.0,unidentifiable_c,-0.26220281927203865,-0.33486798001932383,97,50,97,0,0,50,47,0.001793842772138078
289,2025-03-18,V4,V4-2025-03-03-L0.1-H60,0.0003012358948034905,0.0,unidentifiable_c,-0.40198295813170626,-0.37923922148734174,97,42,97,0,0,42,55,0.001547503064891458
290,2025-03-19,V4,V4-2025-03-03-L0.1-H60,0.0003012358948034905,0.0,unidentifiable_c,-0.2838075952030296,-0.25260507077053757,97,43,97,0,0,43,54,0.0012636251070323966
291,2025-03-20,V4,V4-2025-03-03-L0.1-H60,0.0003012358948034905,0.0,unidentifiable_c,-0.13851777824531872,-0.1582373247116389,97,47,97,0,0,47,50,0.0010869044453684724
292,2025-03-21,V4,V4-2025-03-03-L0.1-H60,0.0003012358948034905,0.0,unidentifiable_c,-0.0471018304228908,-0.01598869157401751,97,39,97,0,0,39,58,0.0012793556134839065
293,2025-03-24,V4,V4-2025-03-03-L0.1-H60,0.0003012358948034905,0.0,unidentifiable_c,-0.027850831054071108,0.01052593420620725,97,45,97,0,0,45,52,0.0009202515733820324
294,2025-03-25,V4,V4-2025-03-03-L0.1-H60,0.0003012358948034905,0.0,unidentifiable_c,-0.0390805806858826,-0.06661313176847984,97,43,97,0,0,43,54,0.0006975080308771161
295,2025-03-26,V4,V4-2025-03-03-L0.1-H60,0.0003012358948034905,0.0,unidentifiable_c,0.09282295392383756,0.11821723231088284,97,56,97,0,0,56,41,0.0010644866564768647
296,2025-03-27,V4,V4-2025-03-03-L0.1-H60,0.0003012358948034905,0.0,unidentifiable_c,0.2998763938565116,0.29620392845283156,97,52,97,0,0,52,45,0.003007557004766013
297,2025-03-28,V4,V4-2025-03-03-L0.1-H60,0.0003012358948034905,0.0,unidentifiable_c,0.2518672417420576,0.23721338388065666,97,48,97,0,0,48,49,0.0053523542936927985
298,2025-03-31,V4,V4-2025-03-03-L0.1-H60,0.0003012358948034905,0.0,unidentifiable_c,0.1376630549126867,0.08150735657068837,97,46,97,0,0,46,51,0.0058462974316624925
299,2025-04-01,V4,V4-2025-04-01-L0.1-H60,0.00025490273713441134,0.0,unidentifiable_c,0.3232169156322322,0.3184755416394837,97,45,97,0,0,45,52,0.004487444466161946
300,2025-04-02,V4,V4-2025-04-01-L0.1-H60,0.00025490273713441134,0.0,unidentifiable_c,0.09651798863875446,0.122863946189602,97,48,97,0,0,48,49,0.0025638418694413833
301,2025-04-03,V4,V4-2025-04-01-L0.1-H60,0.00025490273713441134,0.0,unidentifiable_c,-0.10363191668419945,-0.06858203788787642,97,43,97,0,0,43,54,0.0025151923011948246
302,2025-04-07,V4,V4-2025-04-01-L0.1-H60,0.00025490273713441134,0.0,unidentifiable_c,-0.523541750345874,-0.43685749603028445,98,44,98,0,0,44,54,0.0027120750041517505
303,2025-04-08,V4,V4-2025-04-01-L0.1-H60,0.00025490273713441134,0.0,unidentifiable_c,-0.48655075901025824,-0.35983724946740164,98,39,98,0,0,39,59,0.0017805069331191551
304,2025-04-09,V4,V4-2025-04-01-L0.1-H60,0.00025490273713441134,0.0,unidentifiable_c,-0.17130488559059984,-0.17321793629489826,98,40,98,0,0,40,58,0.002551942769006897
305,2025-04-10,V4,V4-2025-04-01-L0.1-H60,0.00025490273713441134,0.0,unidentifiable_c,0.1705270674342839,0.0009321881340177503,98,54,98,0,0,54,44,0.0014866452232690324
306,2025-04-11,V4,V4-2025-04-01-L0.1-H60,0.00025490273713441134,0.0,unidentifiable_c,-0.14499933056634084,-0.15426623593465186,98,40,98,0,0,40,58,0.0012488569415031678
307,2025-04-14,V4,V4-2025-04-01-L0.1-H60,0.00025490273713441134,0.0,unidentifiable_c,-0.004392759915587603,-0.07585236877925036,98,38,98,0,0,38,60,0.0010330977518615814
308,2025-04-15,V4,V4-2025-04-01-L0.1-H60,0.00025490273713441134,0.0,unidentifiable_c,-0.6127230648585582,-0.4994441740572674,98,41,98,0,0,41,57,0.00138150762132045
309,2025-04-16,V4,V4-2025-04-01-L0.1-H60,0.00025490273713441134,0.0,unidentifiable_c,-0.47467946878845246,-0.3669912269152039,98,46,98,0,0,46,52,0.001356474190799563
310,2025-04-17,V4,V4-2025-04-01-L0.1-H60,0.00025490273713441134,0.0,unidentifiable_c,-0.5462769925214697,-0.3807547501215139,98,46,98,0,0,46,52,0.0014371957735139901
311,2025-04-18,V4,V4-2025-04-01-L0.1-H60,0.00025490273713441134,0.0,unidentifiable_c,-0.09363783001485504,-0.11446720534785902,98,48,98,0,0,48,50,0.0012990532202203386
312,2025-04-21,V4,V4-2025-04-01-L0.1-H60,0.00025490273713441134,0.0,unidentifiable_c,-0.28033968976531565,-0.16832494210152849,98,42,98,0,0,42,56,0.0015625252433943962
313,2025-04-22,V4,V4-2025-04-01-L0.1-H60,0.00025490273713441134,0.0,unidentifiable_c,-0.1754489987185127,-0.1363123711222143,98,46,98,0,0,46,52,0.0012744118676301516
314,2025-04-23,V4,V4-2025-04-01-L0.1-H60,0.00025490273713441134,0.0,unidentifiable_c,-0.34636497523095455,-0.2694993859150435,98,42,98,0,0,42,56,0.0016339432356649328
315,2025-04-24,V4,V4-2025-04-01-L0.1-H60,0.00025490273713441134,0.0,unidentifiable_c,-0.2389878163074039,-0.15180162803255967,98,43,98,0,0,43,55,0.001280819979436704
316,2025-04-25,V4,V4-2025-04-01-L0.1-H60,0.00025490273713441134,0.0,unidentifiable_c,-0.42459307996863216,-0.2843926907073406,98,47,98,0,0,47,51,0.0011955161880284452
317,2025-04-28,V4,V4-2025-04-01-L0.1-H60,0.00025490273713441134,0.0,unidentifiable_c,-0.32435654674240827,-0.2347794822626493,98,51,98,0,0,51,47,0.0008632196156899899
318,2025-04-29,V4,V4-2025-04-01-L0.1-H60,0.00025490273713441134,0.0,unidentifiable_c,-0.1972024048607259,-0.11036405720307026,98,45,98,0,0,45,53,0.0016683376105182254
319,2025-04-30,V4,V4-2025-04-01-L0.1-H60,0.00025490273713441134,0.0,unidentifiable_c,-0.20345045234588677,-0.24063096520424848,98,41,98,0,0,41,57,0.0013923680561523575
320,2025-05-06,V4,V4-2025-05-06-L0.1-H60,-7.721913213872369e-05,0.0,unidentifiable_c,-0.31874605512308013,-0.2993914259404299,98,58,98,0,0,40,58,0.0015997090046592916
321,2025-05-07,V4,V4-2025-05-06-L0.1-H60,-7.721913213872369e-05,0.0,unidentifiable_c,-0.04652245152981529,-0.09885292948312796,98,53,98,0,0,45,53,0.0023119643252621142
322,2025-05-08,V4,V4-2025-05-06-L0.1-H60,-7.721913213872369e-05,0.0,unidentifiable_c,-0.13958010570676252,-0.03964087576786234,98,57,98,0,0,41,57,0.0032018999947076663
323,2025-05-09,V4,V4-2025-05-06-L0.1-H60,-7.721913213872369e-05,0.0,unidentifiable_c,-0.30274340289067825,-0.09493751094254603,98,56,98,0,0,42,56,0.00500849151758517
324,2025-05-12,V4,V4-2025-05-06-L0.1-H60,-7.721913213872369e-05,0.0,unidentifiable_c,-0.07843849817340243,-0.1271369172562839,98,51,98,0,0,47,51,0.002115323005994093
325,2025-05-13,V4,V4-2025-05-06-L0.1-H60,-7.721913213872369e-05,0.0,unidentifiable_c,-0.07430713616280626,-0.09805250743675671,98,48,98,0,0,50,48,0.0014014383377035265
326,2025-05-14,V4,V4-2025-05-06-L0.1-H60,-7.721913213872369e-05,0.0,unidentifiable_c,0.08088671269820015,0.031415528307416965,98,50,98,0,0,48,50,0.0008111587680914239
327,2025-05-15,V4,V4-2025-05-06-L0.1-H60,-7.721913213872369e-05,0.0,unidentifiable_c,0.14562413531485693,0.06562562336466198,98,48,98,0,0,50,48,0.00106406923696273
328,2025-05-16,V4,V4-2025-05-06-L0.1-H60,-7.721913213872369e-05,0.0,unidentifiable_c,-0.06205331242150093,-0.08733834206883205,98,48,98,0,0,50,48,0.0012873252568591494
329,2025-05-19,V4,V4-2025-05-06-L0.1-H60,-7.721913213872369e-05,0.0,unidentifiable_c,-0.12751754872520704,-0.15405797652359213,98,51,98,0,0,47,51,0.000951494559147611
330,2025-05-20,V4,V4-2025-05-06-L0.1-H60,-7.721913213872369e-05,0.0,unidentifiable_c,-0.14299740514762604,-0.132266415188429,98,47,98,0,0,51,47,0.0007380976586878956
331,2025-05-21,V4,V4-2025-05-06-L0.1-H60,-7.721913213872369e-05,0.0,unidentifiable_c,-0.2065999783231005,-0.15574271367655726,98,48,98,0,0,50,48,0.0005421739321623513
332,2025-05-22,V4,V4-2025-05-06-L0.1-H60,-7.721913213872369e-05,0.0,unidentifiable_c,-0.03797920292765653,-0.048084925030506986,98,47,98,0,0,51,47,0.000864895673427955
333,2025-05-23,V4,V4-2025-05-06-L0.1-H60,-7.721913213872369e-05,0.0,unidentifiable_c,0.018367984494641342,0.03614948241343566,98,52,98,0,0,46,52,0.0010186402139796774
334,2025-05-26,V4,V4-2025-05-06-L0.1-H60,-7.721913213872369e-05,0.0,unidentifiable_c,-0.11928032693864797,-0.0947960170603963,98,51,98,0,0,47,51,0.0006976832810770398
335,2025-05-27,V4,V4-2025-05-06-L0.1-H60,-7.721913213872369e-05,0.0,unidentifiable_c,-0.24898469228366132,-0.2111615135592217,98,50,98,0,0,48,50,0.0012967503977721
336,2025-05-28,V4,V4-2025-05-06-L0.1-H60,-7.721913213872369e-05,0.0,unidentifiable_c,-0.25562802440563853,-0.20676287239817204,98,55,98,0,0,43,55,0.001000644062137285
337,2025-05-29,V4,V4-2025-05-06-L0.1-H60,-7.721913213872369e-05,0.0,unidentifiable_c,-0.1982990009499582,-0.17143456707850827,98,55,98,0,0,43,55,0.001451783127299796
338,2025-05-30,V4,V4-2025-05-06-L0.1-H60,-7.721913213872369e-05,0.0,unidentifiable_c,-0.2554367576458887,-0.21820445113873205,98,58,98,0,0,40,58,0.0010850865526798022
339,2025-06-03,V4,V4-2025-06-03-L0.1-H60,-7.606142728535395e-05,0.0,unidentifiable_c,-0.09586927554526964,-0.09323621679529613,98,58,98,0,0,40,58,0.0008599417902153258
340,2025-06-04,V4,V4-2025-06-03-L0.1-H60,-7.606142728535395e-05,0.0,unidentifiable_c,0.27535400289450357,0.1880170838486651,98,52,98,0,0,46,52,0.0009124120724676771
341,2025-06-05,V4,V4-2025-06-03-L0.1-H60,-7.606142728535395e-05,0.0,unidentifiable_c,0.3278376017698551,0.2649571474972972,98,53,98,0,0,45,53,0.0012457300741545228
342,2025-06-06,V4,V4-2025-06-03-L0.1-H60,-7.606142728535395e-05,0.0,unidentifiable_c,0.35430892131923053,0.34775488246882336,98,55,98,0,0,43,55,0.0011739137970308907
343,2025-06-09,V4,V4-2025-06-03-L0.1-H60,-7.606142728535395e-05,0.0,unidentifiable_c,0.12638269928402474,0.10846796668830462,98,59,98,0,0,39,59,0.0012211617344039547
344,2025-06-10,V4,V4-2025-06-03-L0.1-H60,-7.606142728535395e-05,0.0,unidentifiable_c,-0.05794745264553806,-0.04599328701563735,98,62,98,0,0,36,62,0.0013296909623169734
345,2025-06-11,V4,V4-2025-06-03-L0.1-H60,-7.606142728535395e-05,0.0,unidentifiable_c,-0.10746004118610891,-0.07102718329161423,98,60,98,0,0,38,60,0.0012527745098896868
346,2025-06-12,V4,V4-2025-06-03-L0.1-H60,-7.606142728535395e-05,0.0,unidentifiable_c,0.028862154046248298,0.009171149901110525,98,56,98,0,0,42,56,0.0011288737156822611
347,2025-06-13,V4,V4-2025-06-03-L0.1-H60,-7.606142728535395e-05,0.0,unidentifiable_c,-0.024641534214435535,-0.004823042542695569,98,57,98,0,0,41,57,0.00123782034636518
348,2025-06-16,V4,V4-2025-06-03-L0.1-H60,-7.606142728535395e-05,0.0,unidentifiable_c,-0.26468131770046344,-0.2891180789671552,98,57,98,0,0,41,57,0.0008286787833275919
349,2025-06-17,V4,V4-2025-06-03-L0.1-H60,-7.606142728535395e-05,0.0,unidentifiable_c,-0.2574641852992368,-0.22561657905128488,98,58,98,0,0,40,58,0.0007829807461835939
350,2025-06-18,V4,V4-2025-06-03-L0.1-H60,-7.606142728535395e-05,0.0,unidentifiable_c,-0.25561527328832184,-0.17313557768921894,98,53,98,0,0,45,53,0.0012398912208724674
351,2025-06-19,V4,V4-2025-06-03-L0.1-H60,-7.606142728535395e-05,0.0,unidentifiable_c,-0.04603790907178241,-0.05370544440186911,98,54,98,0,0,44,54,0.0016589412177234171
352,2025-06-20,V4,V4-2025-06-03-L0.1-H60,-7.606142728535395e-05,0.0,unidentifiable_c,-0.08953197023889217,-0.11070235274617847,98,52,98,0,0,46,52,0.0016639773440359077
353,2025-06-23,V4,V4-2025-06-03-L0.1-H60,-7.606142728535395e-05,0.0,unidentifiable_c,0.19252274480551354,0.20120413719354738,98,62,98,0,0,36,62,0.0017941049174036155
354,2025-06-24,V4,V4-2025-06-03-L0.1-H60,-7.606142728535395e-05,0.0,unidentifiable_c,0.15877053726832813,0.1570993427107765,98,58,98,0,0,40,58,0.0012632327922282686
355,2025-06-25,V4,V4-2025-06-03-L0.1-H60,-7.606142728535395e-05,0.0,unidentifiable_c,0.18971749899584947,0.204977813008802,98,52,98,0,0,46,52,0.0012881495730652482
356,2025-06-26,V4,V4-2025-06-03-L0.1-H60,-7.606142728535395e-05,0.0,unidentifiable_c,-0.04814184342903047,0.019095073738785176,98,53,98,0,0,45,53,0.0009946346589017878
357,2025-06-27,V4,V4-2025-06-03-L0.1-H60,-7.606142728535395e-05,0.0,unidentifiable_c,-0.13490044565155018,-0.09292642631632465,98,55,98,0,0,43,55,0.0013857616465488985
358,2025-06-30,V4,V4-2025-06-03-L0.1-H60,-7.606142728535395e-05,0.0,unidentifiable_c,-0.10638894733150991,-0.037356270865314865,98,56,98,0,0,42,56,0.0013356763114024284
359,2025-07-01,V4,V4-2025-07-01-L0.1-H60,-6.212691946105443e-05,0.0,unidentifiable_c,-0.07885928504485204,0.03231688274568122,98,57,98,0,0,41,57,0.0014760995073845337
360,2025-07-02,V4,V4-2025-07-01-L0.1-H60,-6.212691946105443e-05,0.0,unidentifiable_c,-0.17839450681865995,-0.13055821735313958,98,55,98,0,0,43,55,0.0009098242298555396
361,2025-07-03,V4,V4-2025-07-01-L0.1-H60,-6.212691946105443e-05,0.0,unidentifiable_c,0.11156590096207178,0.10580271222935202,98,49,98,0,0,49,49,0.0008058571768848232
362,2025-07-04,V4,V4-2025-07-01-L0.1-H60,-6.212691946105443e-05,0.0,unidentifiable_c,0.0532167881210591,0.042142534789046074,98,47,98,0,0,51,47,0.0007432346111580034
363,2025-07-07,V4,V4-2025-07-01-L0.1-H60,-6.212691946105443e-05,0.0,unidentifiable_c,-0.09941408615929971,-0.1645599584981731,98,51,98,0,0,47,51,0.0006860948751069212
364,2025-07-08,V4,V4-2025-07-01-L0.1-H60,-6.212691946105443e-05,0.0,unidentifiable_c,-0.08200881102206581,-0.16092106476496915,98,51,98,0,0,47,51,0.0007552984171227299
365,2025-07-09,V4,V4-2025-07-01-L0.1-H60,-6.212691946105443e-05,0.0,unidentifiable_c,0.13092209704875388,0.07335268503037164,98,53,98,0,0,45,53,0.0009604996230970862
366,2025-07-10,V4,V4-2025-07-01-L0.1-H60,-6.212691946105443e-05,0.0,unidentifiable_c,-0.12777257107154014,-0.05267298264351776,98,60,98,0,0,38,60,0.0009149387159440603
367,2025-07-11,V4,V4-2025-07-01-L0.1-H60,-6.212691946105443e-05,0.0,unidentifiable_c,0.029831238962314065,0.017544975048365736,98,55,98,0,0,43,55,0.0011114432743711963
368,2025-07-14,V4,V4-2025-07-01-L0.1-H60,-6.212691946105443e-05,0.0,unidentifiable_c,-0.002492843435406027,0.09231874233521126,98,67,98,0,0,31,67,0.0030100669070938523
369,2025-07-15,V4,V4-2025-07-01-L0.1-H60,-6.212691946105443e-05,0.0,unidentifiable_c,-0.04886865711607979,-0.033015282153914124,98,64,98,0,0,34,64,0.003965316629896743
370,2025-07-16,V4,V4-2025-07-01-L0.1-H60,-6.212691946105443e-05,0.0,unidentifiable_c,-0.043908472479901046,-0.02110313517295329,98,70,98,0,0,28,70,0.006480799036527906
371,2025-07-17,V4,V4-2025-07-01-L0.1-H60,-6.212691946105443e-05,0.0,unidentifiable_c,-0.13433939648961737,-0.08337035052986785,98,66,98,0,0,32,66,0.004345820964906264
372,2025-07-18,V4,V4-2025-07-01-L0.1-H60,-6.212691946105443e-05,0.0,unidentifiable_c,0.14621068671142307,0.06994028004974694,98,69,98,0,0,29,69,0.003678965191252507
373,2025-07-21,V4,V4-2025-07-01-L0.1-H60,-6.212691946105443e-05,0.0,unidentifiable_c,0.0898379970544919,0.05001802351942046,98,62,98,0,0,36,62,0.005299789967305089
374,2025-07-22,V4,V4-2025-07-01-L0.1-H60,-6.212691946105443e-05,0.0,unidentifiable_c,-0.09687661381328537,0.06869613110664227,98,68,98,0,0,30,68,0.005698897463168645
375,2025-07-23,V4,V4-2025-07-01-L0.1-H60,-6.212691946105443e-05,0.0,unidentifiable_c,-0.24814311854076207,0.023995016400927913,98,68,98,0,0,30,68,0.009856504020675037
376,2025-07-24,V4,V4-2025-07-01-L0.1-H60,-6.212691946105443e-05,0.0,unidentifiable_c,-0.06139025432103487,0.13355012027622606,98,69,98,0,0,29,69,0.005272628521347234
377,2025-07-25,V4,V4-2025-07-01-L0.1-H60,-6.212691946105443e-05,0.0,unidentifiable_c,-0.08963397917742542,0.14385317528484598,98,74,98,0,0,24,74,0.008831393811105407
378,2025-07-28,V4,V4-2025-07-01-L0.1-H60,-6.212691946105443e-05,0.0,unidentifiable_c,-0.21546200485817565,0.07652150264534884,98,59,98,0,0,39,59,0.0032072345358716116
379,2025-07-29,V4,V4-2025-07-01-L0.1-H60,-6.212691946105443e-05,0.0,unidentifiable_c,-0.07759692443050321,0.06955586374841541,98,64,98,0,0,34,64,0.002142210979467275
380,2025-07-30,V4,V4-2025-07-01-L0.1-H60,-6.212691946105443e-05,0.0,unidentifiable_c,-0.1662299408985712,-0.009526437224796408,98,61,98,0,0,37,61,0.001480051561749645
381,2025-07-31,V4,V4-2025-07-01-L0.1-H60,-6.212691946105443e-05,0.0,unidentifiable_c,0.012642732819463303,0.20443982760923776,98,67,98,0,0,31,67,0.002360983353555362
382,2025-08-01,V4,V4-2025-08-01-L0.1-H60,-5.567927722547224e-06,0.0,unidentifiable_c,0.07276425096749102,0.25662962838247766,98,66,98,0,0,32,66,0.0018895981319588411
383,2025-08-04,V4,V4-2025-08-01-L0.1-H60,-5.567927722547224e-06,0.0,unidentifiable_c,0.09124061995932392,0.30438296710796,98,66,98,0,0,32,66,0.003711488217696584
384,2025-08-05,V4,V4-2025-08-01-L0.1-H60,-5.567927722547224e-06,0.0,unidentifiable_c,-0.01067552902875746,0.3134043619735711,96,63,96,0,0,33,63,0.004537938386420363
385,2025-08-06,V4,V4-2025-08-01-L0.1-H60,-5.567927722547224e-06,0.0,unidentifiable_c,-0.10577862181226261,0.19803094059492815,96,62,96,0,0,34,62,0.0044406772501686415
386,2025-08-07,V4,V4-2025-08-01-L0.1-H60,-5.567927722547224e-06,0.0,unidentifiable_c,0.10421866521975041,0.2431965223444877,96,57,96,0,0,39,57,0.004185335148005969
387,2025-08-08,V4,V4-2025-08-01-L0.1-H60,-5.567927722547224e-06,0.0,unidentifiable_c,-0.10480195333695061,0.15347967328084666,96,56,96,0,0,40,56,0.004029994773680362
388,2025-08-11,V4,V4-2025-08-01-L0.1-H60,-5.567927722547224e-06,0.0,unidentifiable_c,0.09728703201302223,0.2260196335706711,96,59,96,0,0,37,59,0.002920708238440308
389,2025-08-12,V4,V4-2025-08-01-L0.1-H60,-5.567927722547224e-06,0.0,unidentifiable_c,0.09553716766142159,0.14473972150072512,96,57,96,0,0,39,57,0.00341070201003976
390,2025-08-13,V4,V4-2025-08-01-L0.1-H60,-5.567927722547224e-06,0.0,unidentifiable_c,0.10008138903960934,-0.01642563150899421,96,57,96,0,0,39,57,0.0035423154164784965
391,2025-08-14,V4,V4-2025-08-01-L0.1-H60,-5.567927722547224e-06,0.0,unidentifiable_c,-0.011652197504069452,0.05381476704223793,96,57,96,0,0,39,57,0.0057413305258868326
392,2025-08-15,V4,V4-2025-08-01-L0.1-H60,-5.567927722547224e-06,0.0,unidentifiable_c,0.012384698860553444,0.12936653263267886,96,60,96,0,0,36,60,0.005218569765423148
393,2025-08-18,V4,V4-2025-08-01-L0.1-H60,-5.567927722547224e-06,0.0,unidentifiable_c,0.0551953336950624,0.06867595675726164,96,60,96,0,0,36,60,0.004506460130594524
394,2025-08-19,V4,V4-2025-08-01-L0.1-H60,-5.567927722547224e-06,0.0,unidentifiable_c,0.12510851871947912,0.15298086999747978,96,61,96,0,0,35,61,0.003961311913949076
395,2025-08-20,V4,V4-2025-08-01-L0.1-H60,-5.567927722547224e-06,0.0,unidentifiable_c,0.4782148670645686,0.41193881421226963,96,59,96,0,0,37,59,0.007736281295860156
396,2025-08-21,V4,V4-2025-08-01-L0.1-H60,-5.567927722547224e-06,0.0,unidentifiable_c,0.24980674059892352,0.2875714694923946,94,59,94,0,0,35,59,0.003537294799420162
397,2025-08-22,V4,V4-2025-08-01-L0.1-H60,-5.567927722547224e-06,0.0,unidentifiable_c,0.4476142162275073,0.4505994829576122,93,53,93,0,0,40,53,0.0033824768810982973
398,2025-08-25,V4,V4-2025-08-01-L0.1-H60,-5.567927722547224e-06,0.0,unidentifiable_c,0.15454626838948402,0.2624058837302554,93,62,93,0,0,31,62,0.0028760001685010188
399,2025-08-26,V4,V4-2025-08-01-L0.1-H60,-5.567927722547224e-06,0.0,unidentifiable_c,0.02646892065291993,0.1214248894690454,93,63,93,0,0,30,63,0.003933222307041009
400,2025-08-27,V4,V4-2025-08-01-L0.1-H60,-5.567927722547224e-06,0.0,unidentifiable_c,-0.41716152905016257,-0.2696497902987749,93,45,93,0,0,48,45,0.005169880829177952
401,2025-08-28,V4,V4-2025-08-01-L0.1-H60,-5.567927722547224e-06,0.0,unidentifiable_c,-0.2427113485124287,-0.04905762391906992,93,46,93,0,0,47,46,0.0058161170913254975
402,2025-08-29,V4,V4-2025-08-01-L0.1-H60,-5.567927722547224e-06,0.0,unidentifiable_c,-0.3480349735907612,-0.06769239231780035,93,45,93,0,0,48,45,0.0071150310611314905
403,2025-09-01,V4,V4-2025-09-01-L0.1-H60,6.02503127123705e-05,0.0,unidentifiable_c,-0.24993285786756583,0.00011913574445887292,93,42,93,0,0,42,51,0.006225883661872797
404,2025-09-02,V4,V4-2025-09-01-L0.1-H60,6.02503127123705e-05,0.0,unidentifiable_c,-0.10202620035212316,0.007065363897531922,93,38,93,0,0,38,55,0.0030433499956938745
405,2025-09-03,V4,V4-2025-09-01-L0.1-H60,6.02503127123705e-05,0.0,unidentifiable_c,0.6200799737399658,0.4551766704530386,93,34,93,0,0,34,59,0.005880325612215391
406,2025-09-04,V4,V4-2025-09-01-L0.1-H60,6.02503127123705e-05,0.0,unidentifiable_c,0.2981409089552684,0.22963020769520892,93,27,93,0,0,27,66,0.007502688388069445
407,2025-09-05,V4,V4-2025-09-01-L0.1-H60,6.02503127123705e-05,0.0,unidentifiable_c,0.4217271940556831,0.4132347965906986,93,21,93,0,0,21,72,0.00514769140570995
408,2025-09-08,V4,V4-2025-09-01-L0.1-H60,6.02503127123705e-05,0.0,unidentifiable_c,0.5401808361433558,0.42215090054658566,93,32,93,0,0,32,61,0.0070645859439432525
409,2025-09-09,V4,V4-2025-09-01-L0.1-H60,6.02503127123705e-05,0.0,unidentifiable_c,0.5466861627525289,0.36720104818851385,93,29,93,0,0,29,64,0.006497647873144732
410,2025-09-10,V4,V4-2025-09-01-L0.1-H60,6.02503127123705e-05,0.0,unidentifiable_c,0.4528065411357464,0.37376129894319965,93,26,93,0,0,26,67,0.0039038395974140354
411,2025-09-11,V4,V4-2025-09-01-L0.1-H60,6.02503127123705e-05,0.0,unidentifiable_c,0.20670824505386287,0.22734944571412796,93,35,93,0,0,35,58,0.0032787633994216104
412,2025-09-12,V4,V4-2025-09-01-L0.1-H60,6.02503127123705e-05,0.0,unidentifiable_c,0.4299334546865208,0.4735522758481851,93,32,93,0,0,32,61,0.0049749894086120955
413,2025-09-15,V4,V4-2025-09-01-L0.1-H60,6.02503127123705e-05,0.0,unidentifiable_c,0.39656829100892244,0.433604405647575,94,29,94,0,0,29,65,0.006261065887922719
414,2025-09-16,V4,V4-2025-09-01-L0.1-H60,6.02503127123705e-05,0.0,unidentifiable_c,0.47244157063902037,0.522638269639194,94,35,94,0,0,35,59,0.008548646626877763
415,2025-09-17,V4,V4-2025-09-01-L0.1-H60,6.02503127123705e-05,0.0,unidentifiable_c,0.5371221389991345,0.5490616430819111,93,35,93,0,0,35,58,0.007453234336244587
416,2025-09-18,V4,V4-2025-09-01-L0.1-H60,6.02503127123705e-05,0.0,unidentifiable_c,0.4756348661633493,0.45547022652023494,93,32,93,0,0,32,61,0.006906782413518852
417,2025-09-19,V4,V4-2025-09-01-L0.1-H60,6.02503127123705e-05,0.0,unidentifiable_c,0.3130315418817701,0.4040809880583477,93,35,93,0,0,35,58,0.005331707489567812
418,2025-09-22,V4,V4-2025-09-01-L0.1-H60,6.02503127123705e-05,0.0,unidentifiable_c,0.5068783384560293,0.5176360046424091,93,41,93,0,0,41,52,0.0069165041067030366
419,2025-09-23,V4,V4-2025-09-01-L0.1-H60,6.02503127123705e-05,0.0,unidentifiable_c,0.3274971872447328,0.36455683016419105,92,34,92,0,0,34,58,0.006035454014358196
420,2025-09-24,V4,V4-2025-09-01-L0.1-H60,6.02503127123705e-05,0.0,unidentifiable_c,0.07095849452090686,0.2667793387983887,92,42,92,0,0,42,50,0.004726734256176957
421,2025-09-25,V4,V4-2025-09-01-L0.1-H60,6.02503127123705e-05,0.0,unidentifiable_c,0.21683645947320562,0.3704736475026601,92,37,92,0,0,37,55,0.00603935760095232
422,2025-09-26,V4,V4-2025-09-01-L0.1-H60,6.02503127123705e-05,0.0,unidentifiable_c,-0.09843872817224852,-0.06401337522173478,92,50,92,0,0,50,42,0.004130379352158961
423,2025-09-29,V4,V4-2025-09-01-L0.1-H60,6.02503127123705e-05,0.0,unidentifiable_c,-0.3740116825670823,-0.3535943504437844,92,49,92,0,0,49,43,0.003148207502205136
424,2025-09-30,V4,V4-2025-09-01-L0.1-H60,6.02503127123705e-05,0.0,unidentifiable_c,-0.3888126286890871,-0.3075709855196108,93,47,93,0,0,47,46,0.003772730909263819
425,2025-10-09,V4,V4-2025-10-09-L0.1-H60,0.0009079768276019429,0.007985270442574523,,-0.44040762734624445,-0.36635928971129406,93,32,93,0,0,46,47,0.0029392718221551606
426,2025-10-10,V4,V4-2025-10-09-L0.1-H60,0.0009079768276019429,0.007985270442574523,,-0.4818865447166601,-0.41205472300851353,93,34,93,0,0,51,42,0.003738045678741428
427,2025-10-13,V4,V4-2025-10-09-L0.1-H60,0.0009079768276019429,0.007985270442574523,,-0.1749127152278356,0.020922476789574363,93,58,93,0,0,30,63,0.003021214077324284
428,2025-10-14,V4,V4-2025-10-09-L0.1-H60,0.0009079768276019429,0.007985270442574523,,-0.2644149839251526,-0.10204877658563205,94,46,94,0,0,38,56,0.0025316198013694367
429,2025-10-15,V4,V4-2025-10-09-L0.1-H60,0.0009079768276019429,0.007985270442574523,,-0.4215222338619369,-0.3685662430180204,94,35,94,0,0,46,48,0.0021574574880450655
430,2025-10-16,V4,V4-2025-10-09-L0.1-H60,0.0009079768276019429,0.007985270442574523,,0.4987103998844055,0.46242625502046886,94,72,94,0,0,34,60,0.003920712693392441
431,2025-10-17,V4,V4-2025-10-09-L0.1-H60,0.0009079768276019429,0.007985270442574523,,0.25991041433370665,0.4487753720873685,95,69,95,0,0,30,65,0.00754561007303647
432,2025-10-20,V4,V4-2025-10-09-L0.1-H60,0.0009079768276019429,0.007985270442574523,,0.10755879059350504,0.2998217369943268,95,58,95,0,0,34,61,0.00424845926027604
433,2025-10-21,V4,V4-2025-10-09-L0.1-H60,0.0009079768276019429,0.007985270442574523,,0.31517357222844344,0.446633531226742,95,65,95,0,0,34,61,0.0068135715715890895
434,2025-10-22,V4,V4-2025-10-09-L0.1-H60,0.0009079768276019429,0.007985270442574523,,0.2610442329227324,0.370316643069773,95,66,95,0,0,30,65,0.0066978644370656315
435,2025-10-23,V4,V4-2025-10-09-L0.1-H60,0.0009079768276019429,0.007985270442574523,,-0.015215565509518476,0.00035669612082412104,95,49,95,0,0,41,54,0.0034820401420922486
436,2025-10-24,V4,V4-2025-10-09-L0.1-H60,0.0009079768276019429,0.007985270442574523,,-0.11187010078387458,-0.044197809188811506,95,48,95,0,0,40,55,0.003634233167556052
437,2025-10-27,V4,V4-2025-10-09-L0.1-H60,0.0009079768276019429,0.007985270442574523,,-0.15261758118701008,-0.10101577624248612,95,41,95,0,0,52,43,0.0025937464861627117
438,2025-10-28,V4,V4-2025-10-09-L0.1-H60,0.0009079768276019429,0.007985270442574523,,-0.005599104143337067,-0.008558483223765295,95,38,95,0,0,49,46,0.0030012037278348037
439,2025-10-29,V4,V4-2025-10-09-L0.1-H60,0.0009079768276019429,0.007985270442574523,,-0.08544232922732364,0.002964878408911254,95,42,95,0,0,45,50,0.002933908812684196
440,2025-10-30,V4,V4-2025-10-09-L0.1-H60,0.0009079768276019429,0.007985270442574523,,0.3235582306830907,0.32229458042962605,95,61,95,0,0,40,55,0.003197225340975144
441,2025-10-31,V4,V4-2025-10-09-L0.1-H60,0.0009079768276019429,0.007985270442574523,,0.2196108622620381,0.2640249243911127,95,61,95,0,0,39,56,0.0038333885356609445
442,2025-11-03,V4,V4-2025-11-03-L0.1-H60,0.0016864423952503184,0.01035567223147261,,0.32635778275475924,0.38854178987214166,95,57,95,0,0,45,50,0.002606620109465425
443,2025-11-04,V4,V4-2025-11-03-L0.1-H60,0.0016864423952503184,0.01035567223147261,,0.26854703247480405,0.3383538066356835,95,58,95,0,0,38,57,0.0036109660185449977
444,2025-11-05,V4,V4-2025-11-03-L0.1-H60,0.0016864423952503184,0.01035567223147261,,0.34928611422172445,0.3537426720699756,95,58,95,0,0,38,57,0.002984022970470573
445,2025-11-06,V4,V4-2025-11-03-L0.1-H60,0.0016864423952503184,0.01035567223147261,,0.2892077267637178,0.25573899355556123,95,61,95,0,0,48,47,0.0013272345098301248
446,2025-11-07,V4,V4-2025-11-03-L0.1-H60,0.0016864423952503184,0.01035567223147261,,0.16007867607162235,0.07791030578295077,96,55,96,0,0,47,49,0.0016523480034686148
447,2025-11-10,V4,V4-2025-11-03-L0.1-H60,0.0016864423952503184,0.01035567223147261,,-0.2719343461747152,-0.3050176763416019,96,44,96,0,0,41,55,0.0018757521884411876
448,2025-11-11,V4,V4-2025-11-03-L0.1-H60,0.0016864423952503184,0.01035567223147261,,-0.2431226261530114,-0.2969923269946843,96,50,96,0,0,38,58,0.002899467283500594
449,2025-11-12,V4,V4-2025-11-03-L0.1-H60,0.0016864423952503184,0.01035567223147261,,-0.25750135648399347,-0.39363495318520714,96,38,96,0,0,55,41,0.0032803458907186074
450,2025-11-13,V4,V4-2025-11-03-L0.1-H60,0.0016864423952503184,0.01035567223147261,,-0.36244214180517564,-0.44771457982266455,97,26,97,0,0,57,40,0.0034877928809276485
451,2025-11-14,V4,V4-2025-11-03-L0.1-H60,0.0016864423952503184,0.01035567223147261,,-0.45132021880917306,-0.48947572357898805,97,28,97,0,0,58,39,0.005248939970730528
452,2025-11-17,V4,V4-2025-11-03-L0.1-H60,0.0016864423952503184,0.01035567223147261,,-0.37236842105263157,-0.3539766852531376,96,31,96,0,0,56,40,0.0030620220828667943
453,2025-11-18,V4,V4-2025-11-03-L0.1-H60,0.0016864423952503184,0.01035567223147261,,-0.3917525773195876,-0.3390548714459643,96,34,96,0,0,51,45,0.0031762044230886047
454,2025-11-19,V4,V4-2025-11-03-L0.1-H60,0.0016864423952503184,0.01035567223147261,,-0.4537303309820944,-0.2788908138644244,96,38,96,0,0,42,54,0.002956190957572898
455,2025-11-20,V4,V4-2025-11-03-L0.1-H60,0.0016864423952503184,0.01035567223147261,,-0.34049104720564294,-0.10182737914080087,96,50,96,0,0,35,61,0.002732056338550656
456,2025-11-21,V4,V4-2025-11-03-L0.1-H60,0.0016864423952503184,0.01035567223147261,,-0.37554259359739556,-0.33979254727703784,96,33,96,0,0,37,59,0.0037353163207669514
457,2025-11-24,V4,V4-2025-11-03-L0.1-H60,0.0016864423952503184,0.01035567223147261,,-0.2844411285946826,-0.3492849245495899,96,36,96,0,0,35,61,0.00268553803308273
458,2025-11-25,V4,V4-2025-11-03-L0.1-H60,0.0016864423952503184,0.01035567223147261,,-0.09206456863809008,-0.14845293072344373,96,41,96,0,0,49,47,0.002342995542933523
459,2025-11-26,V4,V4-2025-11-03-L0.1-H60,0.0016864423952503184,0.01035567223147261,,-0.023643516006511125,-0.08407000327117306,96,49,96,0,0,50,46,0.002024197302115196
460,2025-11-27,V4,V4-2025-11-03-L0.1-H60,0.0016864423952503184,0.01035567223147261,,0.05256375474769397,-0.041818651494926834,96,46,96,0,0,48,48,0.0022412837321576467
461,2025-11-28,V4,V4-2025-11-03-L0.1-H60,0.0016864423952503184,0.01035567223147261,,0.04612045577862181,0.0670672715591888,96,50,96,0,0,43,53,0.001491645033327612
462,2025-12-01,V4,V4-2025-12-01-L0.1-H60,0.00233827003387324,0.012000158384296014,,-0.25097666847531197,-0.2384564655909225,96,35,96,0,0,39,57,0.0017170956317034613
463,2025-12-02,V4,V4-2025-12-01-L0.1-H60,0.00233827003387324,0.012000158384296014,,-0.2860689093868692,-0.23611129394688532,96,41,96,0,0,40,56,0.0012479677916171644
464,2025-12-03,V4,V4-2025-12-01-L0.1-H60,0.00233827003387324,0.012000158384296014,,-0.2405995659251221,-0.2914510950494543,96,50,96,0,0,41,55,0.0013740474661407553
465,2025-12-04,V4,V4-2025-12-01-L0.1-H60,0.00233827003387324,0.012000158384296014,,-0.2660200759631036,-0.2347143487964712,96,43,96,0,0,43,53,0.0013436624413957147
466,2025-12-05,V4,V4-2025-12-01-L0.1-H60,0.00233827003387324,0.012000158384296014,,0.308776451437873,0.25182318638207757,96,67,96,0,0,51,45,0.0011540342803014385
467,2025-12-08,V4,V4-2025-12-01-L0.1-H60,0.00233827003387324,0.012000158384296014,,0.0702794357026587,0.023867509079416267,96,51,96,0,0,53,43,0.002035862387204664
468,2025-12-09,V4,V4-2025-12-01-L0.1-H60,0.00233827003387324,0.012000158384296014,,-0.26428377645143786,-0.33488499039931585,96,34,96,0,0,46,50,0.001671344120449775
469,2025-12-10,V4,V4-2025-12-01-L0.1-H60,0.00233827003387324,0.012000158384296014,,-0.20838307107976126,-0.2816496073073324,96,38,96,0,0,45,51,0.0016053815480370928
470,2025-12-11,V4,V4-2025-12-01-L0.1-H60,0.00233827003387324,0.012000158384296014,,-0.0906494960806271,-0.11383092570114953,95,42,95,0,0,45,50,0.0018689265461167804
471,2025-12-12,V4,V4-2025-12-01-L0.1-H60,0.00233827003387324,0.012000158384296014,,-0.2789193729003359,-0.26936482730539246,95,43,95,0,0,38,57,0.0011409236688080377
472,2025-12-15,V4,V4-2025-12-01-L0.1-H60,0.00233827003387324,0.012000158384296014,,-0.38684210526315793,-0.36325308400158085,95,37,95,0,0,39,56,0.0012656241661681885
473,2025-12-16,V4,V4-2025-12-01-L0.1-H60,0.00233827003387324,0.012000158384296014,,-0.42925531914893617,-0.2867012719258856,95,32,95,0,0,35,60,0.0015172865493549008
474,2025-12-17,V4,V4-2025-12-01-L0.1-H60,0.00233827003387324,0.012000158384296014,,-0.2702547592385218,-0.1287090737907209,95,39,95,0,0,44,51,0.0015770406688287964
475,2025-12-18,V4,V4-2025-12-01-L0.1-H60,0.00233827003387324,0.012000158384296014,,-0.2858622620380739,-0.18584311238325174,95,44,95,0,0,33,62,0.002396868446523051
476,2025-12-19,V4,V4-2025-12-01-L0.1-H60,0.00233827003387324,0.012000158384296014,,-0.0019316909294512879,0.06580795263906628,95,55,95,0,0,33,62,0.0015543668877201155
477,2025-12-22,V4,V4-2025-12-01-L0.1-H60,0.00233827003387324,0.012000158384296014,,0.13419788317740128,0.14809763670139503,94,53,94,0,0,35,59,0.001907962777049218
478,2025-12-23,V4,V4-2025-12-01-L0.1-H60,0.00233827003387324,0.012000158384296014,,-0.06809233103348626,0.023803132076790474,94,44,94,0,0,37,57,0.0013606324559619536
479,2025-12-24,V4,V4-2025-12-01-L0.1-H60,0.00233827003387324,0.012000158384296014,,0.07254271574612578,0.0910499573723012,94,57,94,0,0,36,58,0.001664995375189281
480,2025-12-25,V4,V4-2025-12-01-L0.1-H60,0.00233827003387324,0.012000158384296014,,0.19934978145432217,0.2275878260114347,94,58,94,0,0,42,52,0.001787856477916195
481,2025-12-26,V4,V4-2025-12-01-L0.1-H60,0.00233827003387324,0.012000158384296014,,0.2103890474298306,0.25151612954025304,94,63,94,0,0,34,60,0.0023574891922520727
482,2025-12-29,V4,V4-2025-12-01-L0.1-H60,0.00233827003387324,0.012000158384296014,,-0.11502366073041217,0.013548856457734203,94,49,94,0,0,33,61,0.0023710452583612187
483,2025-12-30,V4,V4-2025-12-01-L0.1-H60,0.00233827003387324,0.012000158384296014,,0.1474623415092295,0.11837109320638742,94,56,94,0,0,35,59,0.002648372630494468
484,2025-12-31,V4,V4-2025-12-01-L0.1-H60,0.00233827003387324,0.012000158384296014,,0.10375320593866272,0.06684452839473427,94,53,94,0,0,41,53,0.003126386012137915
485,2026-01-05,V4,V4-2026-01-05-L0.1-H60,0.0021031973050478917,0.010454039619025279,,-0.06882924538525449,-0.033220053713510514,94,49,94,0,0,37,57,0.003490683831340016
486,2026-01-06,V4,V4-2026-01-05-L0.1-H60,0.0021031973050478917,0.010454039619025279,,-0.16587075100242027,-0.053246215182874396,94,44,94,0,0,38,56,0.0055685624950818835
487,2026-01-07,V4,V4-2026-01-05-L0.1-H60,0.0021031973050478917,0.010454039619025279,,-0.0029535274356103027,0.05853456407188349,95,57,95,0,0,35,60,0.003991478537521042
488,2026-01-08,V4,V4-2026-01-05-L0.1-H60,0.0021031973050478917,0.010454039619025279,,0.24013157894736845,0.27680067576496037,95,62,95,0,0,38,57,0.005439816004843765
489,2026-01-09,V4,V4-2026-01-05-L0.1-H60,0.0021031973050478917,0.010454039619025279,,0.16321388577827547,0.2593230187458449,95,64,95,0,0,29,66,0.00419184559797463
490,2026-01-12,V4,V4-2026-01-05-L0.1-H60,0.0021031973050478917,0.010454039619025279,,0.13265677491601344,0.22299141839743056,95,63,95,0,0,31,64,0.00609496143883571
491,2026-01-13,V4,V4-2026-01-05-L0.1-H60,0.0021031973050478917,0.010454039619025279,,0.1583986562150056,0.17737330107698654,95,56,95,0,0,31,64,0.008040206934445553
492,2026-01-14,V4,V4-2026-01-05-L0.1-H60,0.0021031973050478917,0.010454039619025279,,0.07477603583426651,0.26318101821520523,95,58,95,0,0,32,63,0.006003873020283127
493,2026-01-15,V4,V4-2026-01-05-L0.1-H60,0.0021031973050478917,0.010454039619025279,,0.25491321388577826,0.3233789868805008,95,60,95,0,0,36,59,0.0029222460409695688
494,2026-01-16,V4,V4-2026-01-05-L0.1-H60,0.0021031973050478917,0.010454039619025279,,0.33955767077267646,0.398512686705825,95,66,95,0,0,39,56,0.0029386521363723894
495,2026-01-19,V4,V4-2026-01-05-L0.1-H60,0.0021031973050478917,0.010454039619025279,,0.504087346024636,0.4732080998513171,95,64,95,0,0,39,56,0.0043438443938286254
496,2026-01-20,V4,V4-2026-01-05-L0.1-H60,0.0021031973050478917,0.010454039619025279,,0.39543673012318026,0.4075601050475883,95,71,95,0,0,34,61,0.0053079038573890895
497,2026-01-21,V4,V4-2026-01-05-L0.1-H60,0.0021031973050478917,0.010454039619025279,,0.16280795072788354,0.18948728248963037,95,61,95,0,0,39,56,0.0049799116572347545
498,2026-01-22,V4,V4-2026-01-05-L0.1-H60,0.0021031973050478917,0.010454039619025279,,0.07653975363941769,0.28596501819056025,95,58,95,0,0,33,62,0.0065662144382260925
499,2026-01-23,V4,V4-2026-01-05-L0.1-H60,0.0021031973050478917,0.010454039619025279,,-0.22698768197088467,-0.027399311230687298,95,48,95,0,0,42,53,0.0031207269356870342
500,2026-01-26,V4,V4-2026-01-05-L0.1-H60,0.0021031973050478917,0.010454039619025279,,-0.13296472564389697,0.0815930763532529,95,45,95,0,0,47,48,0.0044521057158567485
501,2026-01-27,V4,V4-2026-01-05-L0.1-H60,0.0021031973050478917,0.010454039619025279,,-0.4208426651735722,-0.3247692020546536,95,32,95,0,0,58,37,0.005285588510463315
502,2026-01-28,V4,V4-2026-01-05-L0.1-H60,0.0021031973050478917,0.010454039619025279,,-0.4135638297872341,-0.38879810461613795,95,30,95,0,0,55,40,0.004932882556668039
503,2026-01-29,V4,V4-2026-01-05-L0.1-H60,0.0021031973050478917,0.010454039619025279,,-0.5411394176931691,-0.5174680488784446,95,28,95,0,0,58,37,0.005136297637686547
504,2026-01-30,V4,V4-2026-01-05-L0.1-H60,0.0021031973050478917,0.010454039619025279,,-0.2320130222463375,-0.13093505572879782,96,51,96,0,0,40,56,0.0023745562173213587
505,2026-02-02,V4,V4-2026-02-02-L0.1-H60,0.0027954296901284083,0.014766513426502996,,-0.2941942485078676,-0.27773922579328636,96,33,96,0,0,55,41,0.001849245080247009
506,2026-02-03,V4,V4-2026-02-02-L0.1-H60,0.0027954296901284083,0.014766513426502996,,-0.030100379815518177,0.11728308116630204,96,51,96,0,0,42,54,0.0017827048290335733
507,2026-02-04,V4,V4-2026-02-02-L0.1-H60,0.0027954296901284083,0.014766513426502996,,0.24525230602278894,0.39397214031213734,96,62,96,0,0,36,60,0.0033254871761326126
508,2026-02-05,V4,V4-2026-02-02-L0.1-H60,0.0027954296901284083,0.014766513426502996,,0.19376017362995118,0.3071287851440708,96,63,96,0,0,32,64,0.005092531234011536
509,2026-02-06,V4,V4-2026-02-02-L0.1-H60,0.0027954296901284083,0.014766513426502996,,0.2595360824742268,0.32744549444273335,96,63,96,0,0,29,67,0.00437059930859942
510,2026-02-09,V4,V4-2026-02-02-L0.1-H60,0.0027954296901284083,0.014766513426502996,,0.22162235485621268,0.26859686387590165,96,64,96,0,0,33,63,0.00455208895182906
511,2026-02-10,V4,V4-2026-02-02-L0.1-H60,0.0027954296901284083,0.014766513426502996,,0.24415355398806296,0.32979922872172956,96,60,96,0,0,35,61,0.005024588691467118
512,2026-02-11,V4,V4-2026-02-02-L0.1-H60,0.0027954296901284083,0.014766513426502996,,0.05576741005680622,0.1132283360175406,97,51,97,0,0,38,59,0.003403137307004703
513,2026-02-12,V4,V4-2026-02-02-L0.1-H60,0.0027954296901284083,0.014766513426502996,,0.09746475909951609,0.16452141398175243,97,53,97,0,0,47,50,0.005457386319809657
514,2026-02-13,V4,V4-2026-02-02-L0.1-H60,0.0027954296901284083,0.014766513426502996,,0.0015516515884704395,0.10215390495450305,97,40,97,0,0,44,53,0.007592817434083002
515,2026-02-24,V4,V4-2026-02-02-L0.1-H60,0.0027954296901284083,0.014766513426502996,,0.13467809804334105,0.15454980984873817,97,50,97,0,0,40,57,0.003723489525098206
516,2026-02-25,V4,V4-2026-02-02-L0.1-H60,0.0027954296901284083,0.014766513426502996,,0.1023169577109194,0.08438690242993774,97,48,97,0,0,43,54,0.0034711486450478726
517,2026-02-26,V4,V4-2026-02-02-L0.1-H60,0.0027954296901284083,0.014766513426502996,,0.12450031559015359,0.07640574191983593,97,53,97,0,0,41,56,0.003841706159161116
518,2026-02-27,V4,V4-2026-02-02-L0.1-H60,0.0027954296901284083,0.014766513426502996,,-0.07233589312013464,-0.16887038081385927,97,48,97,0,0,44,53,0.004770358525083689
519,2026-03-02,V4,V4-2026-03-02-L0.1-H60,0.0024029715844640087,0.012964115102268449,,-0.10695876288659792,-0.15088163637201868,97,48,97,0,0,36,61,0.0075780355589543675
520,2026-03-03,V4,V4-2026-03-02-L0.1-H60,0.0024029715844640087,0.012964115102268449,,-0.2818351567431096,-0.23956210777072828,97,41,97,0,0,39,58,0.00492232760929502
521,2026-03-04,V4,V4-2026-03-02-L0.1-H60,0.0024029715844640087,0.012964115102268449,,-0.14088470439722278,-0.0931947322150311,97,50,97,0,0,46,51,0.005448002980508995
522,2026-03-05,V4,V4-2026-03-02-L0.1-H60,0.0024029715844640087,0.012964115102268449,,-0.0005259835893120134,-0.006883916448833926,97,62,97,0,0,44,53,0.004620589239364292
523,2026-03-06,V4,V4-2026-03-02-L0.1-H60,0.0024029715844640087,0.012964115102268449,,0.0353197980223017,0.024404435092979456,97,57,97,0,0,46,51,0.0033842826544166773
524,2026-03-09,V4,V4-2026-03-02-L0.1-H60,0.0024029715844640087,0.012964115102268449,,0.1336787292236482,0.052209006554083975,97,58,97,0,0,48,49,0.0033740931311668004
525,2026-03-10,V4,V4-2026-03-02-L0.1-H60,0.0024029715844640087,0.012964115102268449,,-0.028482011361245528,0.10297984553646702,97,48,97,0,0,43,54,0.003344365729385319
526,2026-03-11,V4,V4-2026-03-02-L0.1-H60,0.0024029715844640087,0.012964115102268449,,0.08177729854828529,0.14825878286292607,97,54,97,0,0,43,54,0.003398236830327089
527,2026-03-12,V4,V4-2026-03-02-L0.1-H60,0.0024029715844640087,0.012964115102268449,,0.3022038712392173,0.23319020775857544,97,59,97,0,0,42,55,0.0027430464629604654
528,2026-03-13,V4,V4-2026-03-02-L0.1-H60,0.0024029715844640087,0.012964115102268449,,0.31849621291815694,0.26196135677723104,97,59,97,0,0,42,55,0.0018000514790273059
529,2026-03-16,V4,V4-2026-03-02-L0.1-H60,0.0024029715844640087,0.012964115102268449,,0.48759993688196923,0.40190133137360595,97,65,97,0,0,44,53,0.0018270530932896847
530,2026-03-17,V4,V4-2026-03-02-L0.1-H60,0.0024029715844640087,0.012964115102268449,,0.34124500315590145,0.2675091997948993,97,63,97,0,0,47,50,0.001899670112484755
531,2026-03-18,V4,V4-2026-03-02-L0.1-H60,0.0024029715844640087,0.012964115102268449,,0.10129128971176099,0.061996408004567516,97,54,97,0,0,48,49,0.0034835352234455098
532,2026-03-19,V4,V4-2026-03-02-L0.1-H60,0.0024029715844640087,0.012964115102268449,,-0.06459078476751524,-0.1031973536613188,97,45,97,0,0,47,50,0.0032794469614270626
533,2026-03-20,V4,V4-2026-03-02-L0.1-H60,0.0024029715844640087,0.012964115102268449,,-0.259678098043341,-0.12363961252224122,97,44,97,0,0,45,52,0.003347634032794117
534,2026-03-23,V4,V4-2026-03-02-L0.1-H60,0.0024029715844640087,0.012964115102268449,,-0.08920681674731747,-0.10823666123226607,97,48,97,0,0,56,41,0.003105967137768842
535,2026-03-24,V4,V4-2026-03-02-L0.1-H60,0.0024029715844640087,0.012964115102268449,,-0.08161950347149169,-0.14490560723030613,97,48,97,0,0,58,39,0.002768048060556868
536,2026-03-25,V4,V4-2026-03-02-L0.1-H60,0.0024029715844640087,0.012964115102268449,,-0.09274405638544077,-0.0951034388768852,97,46,97,0,0,56,41,0.0029138291860728157
537,2026-03-26,V4,V4-2026-03-02-L0.1-H60,0.0024029715844640087,0.012964115102268449,,0.0857221754681254,-0.07194641613163565,97,56,97,0,0,52,45,0.003426726077416722
538,2026-03-27,V4,V4-2026-03-02-L0.1-H60,0.0024029715844640087,0.012964115102268449,,0.0587786661056175,-0.0347967211125042,97,58,97,0,0,43,54,0.00274464918924335
539,2026-03-30,V4,V4-2026-03-02-L0.1-H60,0.0024029715844640087,0.012964115102268449,,-0.40345571218177984,-0.301743791901162,97,36,97,0,0,42,55,0.00351807082987968
540,2026-03-31,V4,V4-2026-03-02-L0.1-H60,0.0024029715844640087,0.012964115102268449,,-0.21262886597938144,-0.11185605566110043,97,47,97,0,0,36,61,0.002484785490343799
541,2026-04-01,V4,V4-2026-04-01-L0.1-H60,0.0017378929983365755,0.009814734626491068,,-0.3174705449189985,-0.16848468626250848,97,43,97,0,0,40,57,0.0038182554344657876
542,2026-04-02,V4,V4-2026-04-01-L0.1-H60,0.0017378929983365755,0.009814734626491068,,-0.36650536503261094,-0.22199172659032335,97,37,97,0,0,43,54,0.005592164307555606
543,2026-04-03,V4,V4-2026-04-01-L0.1-H60,0.0017378929983365755,0.009814734626491068,,-0.3394566589522407,-0.2045960685744538,97,39,97,0,0,44,53,0.00687016082646043
544,2026-04-07,V4,V4-2026-04-01-L0.1-H60,0.0017378929983365755,0.009814734626491068,,-0.10044971596886175,0.032866102929952075,97,47,97,0,0,40,57,0.0033926437703314756
545,2026-04-08,V4,V4-2026-04-01-L0.1-H60,0.0017378929983365755,0.009814734626491068,,-0.1792552072375342,-0.024044793308009276,97,44,97,0,0,42,55,0.0035672308378605134
546,2026-04-09,V4,V4-2026-04-01-L0.1-H60,0.0017378929983365755,0.009814734626491068,,-0.133231643172733,-0.02829044789872021,97,47,97,0,0,41,56,0.0019191476794163315
547,2026-04-10,V4,V4-2026-04-01-L0.1-H60,0.0017378929983365755,0.009814734626491068,,0.01101935619608668,0.1412672471613902,97,52,97,0,0,42,55,0.001817877934587333
548,2026-04-13,V4,V4-2026-04-01-L0.1-H60,0.0017378929983365755,0.009814734626491068,,0.004576057227014517,0.047556086474627175,97,56,97,0,0,41,56,0.001759081838990768
549,2026-04-14,V4,V4-2026-04-01-L0.1-H60,0.0017378929983365755,0.009814734626491068,,0.07925257731958764,0.14641567728195265,97,59,97,0,0,37,60,0.0028829402432801817
550,2026-04-15,V4,V4-2026-04-01-L0.1-H60,0.0017378929983365755,0.009814734626491068,,-0.07896328634546601,-0.08082223354366967,97,52,97,0,0,34,63,0.0032031814738114816
551,2026-04-16,V4,V4-2026-04-01-L0.1-H60,0.0017378929983365755,0.009814734626491068,,0.003458342099726488,0.020570396750436544,97,56,97,0,0,38,59,0.0024454325235269193
552,2026-04-17,V4,V4-2026-04-01-L0.1-H60,0.0017378929983365755,0.009814734626491068,,0.08054123711340205,0.07230368763313279,97,53,97,0,0,39,58,0.002743948458596077
553,2026-04-20,V4,V4-2026-04-01-L0.1-H60,0.0017378929983365755,0.009814734626491068,,0.19633652430044182,0.12879669401916682,97,59,97,0,0,40,57,0.0031538425010386242
554,2026-04-21,V4,V4-2026-04-01-L0.1-H60,0.0017378929983365755,0.009814734626491068,,0.14907689880075742,0.09045119639119639,97,58,97,0,0,43,54,0.0025759580547304864
555,2026-04-22,V4,V4-2026-04-01-L0.1-H60,0.0017378929983365755,0.009814734626491068,,0.3153553988062941,0.3122736445282578,96,66,96,0,0,34,62,0.005120509035488713
556,2026-04-23,V4,V4-2026-04-01-L0.1-H60,0.0017378929983365755,0.009814734626491068,,0.4409522517634292,0.4085073152277963,96,63,96,0,0,38,58,0.00623093055931028
557,2026-04-24,V4,V4-2026-04-01-L0.1-H60,0.0017378929983365755,0.009814734626491068,,0.4887004883342376,0.4893017268320376,96,66,96,0,0,40,56,0.004719126475338165
558,2026-04-27,V4,V4-2026-04-01-L0.1-H60,0.0017378929983365755,0.009814734626491068,,0.4774552360282148,0.4711702522357989,96,65,96,0,0,41,55,0.004286826922872016
559,2026-04-28,V4,V4-2026-04-01-L0.1-H60,0.0017378929983365755,0.009814734626491068,,0.565002712967987,0.5325125323132343,96,72,96,0,0,37,59,0.008946484220820663
560,2026-04-29,V4,V4-2026-04-01-L0.1-H60,0.0017378929983365755,0.009814734626491068,,0.4166841994529771,0.4106011803008595,97,67,97,0,0,35,62,0.009246570044234495
561,2026-04-30,V4,V4-2026-04-01-L0.1-H60,0.0017378929983365755,0.009814734626491068,,0.3408708627238199,0.34899584859935456,96,65,96,0,0,36,60,0.0069024859689551035
562,2026-05-06,V4,V4-2026-05-06-L0.1-H60,0.0005668470274259762,0.0041326317378508,,0.2429869777536625,0.3945903225731559,96,63,96,0,0,33,63,0.006491651879167052
563,2026-05-07,V4,V4-2026-05-06-L0.1-H60,0.0005668470274259762,0.0041326317378508,,0.40978024959305476,0.47904481301045543,96,64,96,0,0,37,59,0.006189498641380152
564,2026-05-08,V4,V4-2026-05-06-L0.1-H60,0.0005668470274259762,0.0041326317378508,,0.324755832881172,0.41526021211806874,96,62,96,0,0,38,58,0.0034860071778926617
565,2026-05-11,V4,V4-2026-05-06-L0.1-H60,0.0005668470274259762,0.0041326317378508,,0.3598887683125339,0.40615175268711035,96,65,96,0,0,39,57,0.004442084887677454
566,2026-05-12,V4,V4-2026-05-06-L0.1-H60,0.0005668470274259762,0.0041326317378508,,0.2379001627780792,0.33568104298072526,96,61,96,0,0,38,58,0.004204201997816535
567,2026-05-13,V4,V4-2026-05-06-L0.1-H60,0.0005668470274259762,0.0041326317378508,,-0.14229517091698318,0.04016379087229031,96,51,96,0,0,38,58,0.004738480272602958
568,2026-05-14,V4,V4-2026-05-06-L0.1-H60,0.0005668470274259762,0.0041326317378508,,0.249755832881172,0.29749175883977375,96,64,96,0,0,36,60,0.003753915038746765
569,2026-05-15,V4,V4-2026-05-06-L0.1-H60,0.0005668470274259762,0.0041326317378508,,0.3105127509495388,0.4015327609007755,96,69,96,0,0,33,63,0.005976554952590266
570,2026-05-18,V4,V4-2026-05-06-L0.1-H60,0.0005668470274259762,0.0041326317378508,,0.06743081931633206,0.22766073646083235,96,62,96,0,0,31,65,0.00757329905924269
571,2026-05-19,V4,V4-2026-05-06-L0.1-H60,0.0005668470274259762,0.0041326317378508,,0.07327726532826913,0.17190811993740746,96,61,96,0,0,35,61,0.006214816244075196
572,2026-05-20,V4,V4-2026-05-06-L0.1-H60,0.0005668470274259762,0.0041326317378508,,0.4744845360824742,0.4476272175128424,96,75,96,0,0,30,66,0.008110143063037386
573,2026-05-21,V4,V4-2026-05-06-L0.1-H60,0.0005668470274259762,0.0041326317378508,,0.04712425393380358,0.09733798360481027,96,50,96,0,0,47,49,0.004356977372407941
574,2026-05-22,V4,V4-2026-05-06-L0.1-H60,0.0005668470274259762,0.0041326317378508,,-0.46173358654367874,-0.5097951779731202,96,25,96,0,0,55,41,0.005437320179565286
575,2026-05-25,V4,V4-2026-05-06-L0.1-H60,0.0005668470274259762,0.0041326317378508,,-0.5259359739555073,-0.4745862140081088,96,32,96,0,0,46,50,0.0038970836214356082
576,2026-05-26,V4,V4-2026-05-06-L0.1-H60,0.0005668470274259762,0.0041326317378508,,-0.4919967444384156,-0.39112216850829506,96,37,96,0,0,43,53,0.0026513971605468087
577,2026-05-27,V4,V4-2026-05-06-L0.1-H60,0.0005668470274259762,0.0041326317378508,,-0.19654096581660338,-0.1460171984186422,96,39,96,0,0,51,45,0.0026519666110948123
578,2026-05-28,V4,V4-2026-05-06-L0.1-H60,0.0005668470274259762,0.0041326317378508,,-0.1633884970157352,-0.08769679300275883,96,45,96,0,0,42,54,0.003025077670203246
579,2026-05-29,V4,V4-2026-05-06-L0.1-H60,0.0005668470274259762,0.0041326317378508,,0.09209169831795985,0.12115046408502918,96,50,96,0,0,46,50,0.0031867034833354224
580,2026-06-01,V4,V4-2026-06-01-L0.1-H60,0.0015186365583120722,0.008840771084056011,,0.26323928377645145,0.32325482505826664,96,60,96,0,0,39,57,0.004118992253174481
581,2026-06-02,V4,V4-2026-06-01-L0.1-H60,0.0015186365583120722,0.008840771084056011,,0.013912265937302755,0.057284197652970596,97,50,97,0,0,50,47,0.0038751100876652884
582,2026-06-03,V4,V4-2026-06-01-L0.1-H60,0.0015186365583120722,0.008840771084056011,,-0.18615874184725437,-0.10412641643922523,97,45,97,0,0,43,54,0.0033702205610055594
583,2026-06-04,V4,V4-2026-06-01-L0.1-H60,0.0015186365583120722,0.008840771084056011,,-0.08881232905533346,-0.06938467303150819,97,46,97,0,0,52,45,0.003618598931951877
584,2026-06-05,V4,V4-2026-06-01-L0.1-H60,0.0015186365583120722,0.008840771084056011,,0.133428887018725,0.2110039130954356,97,58,97,0,0,39,58,0.005652123093675537
585,2026-06-08,V4,V4-2026-06-01-L0.1-H60,0.0015186365583120722,0.008840771084056011,,-0.2432937092362718,-0.13316742976536466,97,42,97,0,0,41,56,0.0037538298906547984
586,2026-06-09,V4,V4-2026-06-01-L0.1-H60,0.0015186365583120722,0.008840771084056011,,0.11221859877971807,0.22508946658497314,97,53,97,0,0,41,56,0.008312997210768959
587,2026-06-10,V4,V4-2026-06-01-L0.1-H60,0.0015186365583120722,0.008840771084056011,,-0.07785872080791079,-0.021882074286688685,97,48,97,0,0,40,57,0.010082165858336042
588,2026-06-11,V4,V4-2026-06-01-L0.1-H60,0.0015186365583120722,0.008840771084056011,,0.08647170208289502,0.1516386754421743,97,56,97,0,0,37,60,0.019033903762986207
589,2026-06-12,V4,V4-2026-06-01-L0.1-H60,0.0015186365583120722,0.008840771084056011,,0.03888333683989059,0.1104992204044667,97,47,97,0,0,34,63,0.011011888287406266
590,2026-06-15,V4,V4-2026-06-01-L0.1-H60,0.0015186365583120722,0.008840771084056011,,0.18126709446665262,0.2709528565647588,97,58,97,0,0,35,62,0.015005121276475271
591,2026-06-16,V4,V4-2026-06-01-L0.1-H60,0.0015186365583120722,0.008840771084056011,,0.3778534609720176,0.3758777731407824,97,62,97,0,0,32,65,0.013369533774518433
592,2026-06-17,V4,V4-2026-06-01-L0.1-H60,0.0015186365583120722,0.008840771084056011,,0.5035898379970544,0.5145857086124613,97,72,97,0,0,34,63,0.01196533786288406
593,2026-06-18,V4,V4-2026-06-01-L0.1-H60,0.0015186365583120722,0.008840771084056011,,0.3992872922364822,0.5236889213601479,97,74,97,0,0,36,61,0.012915659178236878
594,2026-06-22,V4,V4-2026-06-01-L0.1-H60,0.0015186365583120722,0.008840771084056011,,0.5636045655375552,0.6143539713473699,97,80,97,0,0,32,65,0.014491269138504854
595,2026-06-23,V4,V4-2026-06-01-L0.1-H60,0.0015186365583120722,0.008840771084056011,,0.267252261729434,0.3561622434910469,97,66,97,0,0,40,57,0.008939825533942385
596,2026-06-24,V4,V4-2026-06-01-L0.1-H60,0.0015186365583120722,0.008840771084056011,,-0.3054649694929518,-0.2880227435342598,97,36,97,0,0,56,41,0.005576568227655435
597,2026-06-25,V4,V4-2026-06-01-L0.1-H60,0.0015186365583120722,0.008840771084056011,,-0.4248369450873132,-0.45551569145351645,97,32,97,0,0,54,43,0.005561645086079355
598,2026-06-26,V4,V4-2026-06-01-L0.1-H60,0.0015186365583120722,0.008840771084056011,,-0.4287555228276877,-0.5461777207021647,97,30,97,0,0,55,42,0.005180318858629985
599,2026-06-29,V4,V4-2026-06-01-L0.1-H60,0.0015186365583120722,0.008840771084056011,,-0.6272880286135072,-0.6436991698253187,97,22,97,0,0,57,40,0.007180789780742132
600,2026-06-30,V4,V4-2026-06-01-L0.1-H60,0.0015186365583120722,0.008840771084056011,,-0.6610430254576057,-0.6755240479583229,97,23,97,0,0,55,42,0.006845145382420029
601,2026-07-01,V4,V4-2026-07-01-L0.1-H60,0.0028572734113388345,0.01577109665591004,,0.1404507679360404,0.18320403454570583,97,59,97,0,0,43,54,0.004227614880783961
602,2026-07-02,V4,V4-2026-07-01-L0.1-H60,0.0028572734113388345,0.01577109665591004,,-0.18945928887018723,-0.13998064182390732,97,43,97,0,0,50,47,0.005652504014123218
603,2026-07-03,V4,V4-2026-07-01-L0.1-H60,0.0028572734113388345,0.01577109665591004,,-0.36868819692825583,-0.35426937678140513,97,32,97,0,0,53,44,0.009126403472268264
604,2026-07-06,V4,V4-2026-07-01-L0.1-H60,0.0028572734113388345,0.01577109665591004,,-0.44858510414475056,-0.27089622137755054,97,37,97,0,0,45,52,0.006167977703506478
605,2026-07-07,V4,V4-2026-07-01-L0.1-H60,0.0028572734113388345,0.01577109665591004,,-0.5968467283820744,-0.5134745067091638,97,27,97,0,0,57,40,0.007576621803864854
606,2026-07-08,V4,V4-2026-07-01-L0.1-H60,0.0028572734113388345,0.01577109665591004,,-0.6868819692825584,-0.7254219647597676,97,20,97,0,0,59,38,0.01555579787347033
607,2026-07-09,V4,V4-2026-07-01-L0.1-H60,0.0028572734113388345,0.01577109665591004,,-0.8167078687144961,-0.7904041933184153,97,17,97,0,0,57,40,0.017171078244662293
608,2026-07-10,V4,V4-2026-07-01-L0.1-H60,0.0028572734113388345,0.01577109665591004,,-0.7824926362297495,-0.7587267936443346,97,22,97,0,0,59,38,0.018708194247615873
609,2026-07-13,V4,V4-2026-07-01-L0.1-H60,0.0028572734113388345,0.01577109665591004,,-0.6035530191458026,-0.6369137622711144,97,22,97,0,0,61,36,0.012251382778051791
610,2026-07-14,V4,V4-2026-07-01-L0.1-H60,0.0028572734113388345,0.01577109665591004,,-0.42953134862192294,-0.5111477836990984,97,24,97,0,0,66,31,0.008017772952279394
611,2026-07-15,V4,V4-2026-07-01-L0.1-H60,0.0028572734113388345,0.01577109665591004,,-0.24522669892699347,-0.27102468982603317,97,40,97,0,0,63,34,0.007420162062712975
612,2026-07-16,V4,V4-2026-07-01-L0.1-H60,0.0028572734113388345,0.01577109665591004,,0.05320324005891015,0.04785637511600141,97,51,97,0,0,44,53,0.004682698459411231
613,2026-07-17,V4,V4-2026-07-01-L0.1-H60,0.0028572734113388345,0.01577109665591004,,-0.45387123921733635,-0.3749448006530348,97,26,97,0,0,34,63,0.0052035107485672895
614,2026-07-20,V4,V4-2026-07-01-L0.1-H60,0.0028572734113388345,0.01577109665591004,,0.49990795287187034,0.47735298196616477,97,70,97,0,0,67,30,0.005511303877528841
615,2026-07-21,V4,V4-2026-07-01-L0.1-H60,0.0028572734113388345,0.01577109665591004,,0.3921339154218388,0.4160907527800672,97,69,97,0,0,64,33,0.005060819076881777
616,2026-07-22,V4,V4-2026-07-01-L0.1-H60,0.0028572734113388345,0.01577109665591004,,0.6517462655165158,0.6177686509076636,97,74,97,0,0,59,38,0.004587646908384914
617,2026-07-23,V4,V4-2026-07-01-L0.1-H60,0.0028572734113388345,0.01577109665591004,,0.5837497370082053,0.6038690660806421,97,79,97,0,0,63,34,0.005040407686691676
618,2026-07-24,V4,V4-2026-07-01-L0.1-H60,0.0028572734113388345,0.01577109665591004,,0.679136860929939,0.6496527843482015,97,79,97,0,0,63,34,0.008618780868806443
619,2026-07-27,V4,V4-2026-07-01-L0.1-H60,0.0028572734113388345,0.01577109665591004,,0.06047496318114875,0.20196413726074341,97,51,97,0,0,51,46,0.0030200459830318285
620,2026-07-28,V4,V4-2026-07-01-L0.1-H60,0.0028572734113388345,0.01577109665591004,,-0.5540316642120765,-0.38468052396765956,97,24,97,0,0,40,57,0.004102483357252899
621,2026-07-29,V4,V4-2026-07-01-L0.1-H60,0.0028572734113388345,0.01577109665591004,,-0.738533557752998,-0.6394555914025534,97,21,97,0,0,41,56,0.008139172249178718
622,2026-07-30,V4,V4-2026-07-01-L0.1-H60,0.0028572734113388345,0.01577109665591004,,-0.8333158005470229,-0.8138341932694035,97,10,97,0,0,40,57,0.007900388898455853
623,2026-07-31,V4,V4-2026-07-01-L0.1-H60,0.0028572734113388345,0.01577109665591004,,-0.811763622974963,-0.7930594702584923,97,12,97,0,0,38,59,0.011791720812111753
624,2026-08-03,V4,V4-2026-08-03-L0.1-H60,0.0014807090842395866,0.005668293086745481,,-0.7595203029665474,-0.7775841337413282,97,10,97,0,0,35,62,0.004407616908068316
625,2026-08-04,V4,V4-2026-08-03-L0.1-H60,0.0014807090842395866,0.005668293086745481,,-0.557621502209131,-0.6674395760567632,97,18,97,0,0,39,58,0.0023038335206475844
626,2026-08-05,V4,V4-2026-08-03-L0.1-H60,0.0014807090842395866,0.005668293086745481,,-0.43793393646118234,-0.4938514352637628,97,26,97,0,0,40,57,0.001411965870442586
627,2026-08-06,V4,V4-2026-08-03-L0.1-H60,0.0014807090842395866,0.005668293086745481,,-0.19322007153376813,-0.20459589880349133,97,36,97,0,0,45,52,0.0012264676067087247
628,2026-08-07,V4,V4-2026-08-03-L0.1-H60,0.0014807090842395866,0.005668293086745481,,-0.673009152114454,-0.6729181867394096,97,15,97,0,0,39,58,0.0032593248592344033
629,2026-08-10,V4,V4-2026-08-03-L0.1-H60,0.0014807090842395866,0.005668293086745481,,-0.4933068588260046,-0.5625939951476825,97,19,97,0,0,35,62,0.0031019076280487407
630,2026-08-11,V4,V4-2026-08-03-L0.1-H60,0.0014807090842395866,0.005668293086745481,,0.24104512939196293,0.1818499810450838,97,49,97,0,0,42,55,0.0016169837527129358
631,2026-08-12,V4,V4-2026-08-03-L0.1-H60,0.0014807090842395866,0.005668293086745481,,0.13893856511676836,0.11158878844732414,97,49,97,0,0,47,50,0.0020158003624253084
632,2026-08-13,V4,V4-2026-08-03-L0.1-H60,0.0014807090842395866,0.005668293086745481,,0.24738323164317272,0.21794819207094773,97,58,97,0,0,45,52,0.0019095494788977905
633,2026-08-14,V4,V4-2026-08-03-L0.1-H60,0.0014807090842395866,0.005668293086745481,,-0.09363822848727119,-0.06612276939275617,97,47,97,0,0,55,42,0.0037894864218125986
634,2026-08-17,V4,V4-2026-08-03-L0.1-H60,0.0014807090842395866,0.005668293086745481,,-0.6682884494003787,-0.5943291105276555,97,23,97,0,0,53,44,0.003694975870092002
635,2026-08-18,V4,V4-2026-08-03-L0.1-H60,0.0014807090842395866,0.005668293086745481,,-0.20249053229539235,-0.19527229856678308,97,41,97,0,0,50,47,0.0015070896757563579
636,2026-08-19,V4,V4-2026-08-03-L0.1-H60,0.0014807090842395866,0.005668293086745481,,-0.12760361876709445,-0.15965321227307525,97,47,97,0,0,40,57,0.0014714200614468764
637,2026-08-20,V4,V4-2026-08-03-L0.1-H60,0.0014807090842395866,0.005668293086745481,,-0.08911476961918786,-0.09778042384089428,97,47,97,0,0,53,44,0.001626123478821889
260,2025-02-05,V5,V5-2025-02-05-L0.1-H60,0.00024481468942462177,0.0,unidentifiable_c,-0.3040695190916104,-0.11322761905401431,98,38,98,0,0,38,60,0.003734748416548433
261,2025-02-06,V5,V5-2025-02-05-L0.1-H60,0.00024481468942462177,0.0,unidentifiable_c,-0.06978048951539377,0.009122481176133495,98,38,98,0,0,38,60,0.002832454789228827
262,2025-02-07,V5,V5-2025-02-05-L0.1-H60,0.00024481468942462177,0.0,unidentifiable_c,-0.07592652806202142,0.10238023314348577,98,33,98,0,0,33,65,0.0020023139772643913
263,2025-02-10,V5,V5-2025-02-05-L0.1-H60,0.00024481468942462177,0.0,unidentifiable_c,-0.2366543618384561,-0.015645955171460835,98,40,98,0,0,40,58,0.0020152123271038967
264,2025-02-11,V5,V5-2025-02-05-L0.1-H60,0.00024481468942462177,0.0,unidentifiable_c,-0.10656746297394308,0.07579583178668857,98,38,98,0,0,38,60,0.002138250892073747
265,2025-02-12,V5,V5-2025-02-05-L0.1-H60,0.00024481468942462177,0.0,unidentifiable_c,0.4036302431000516,0.36263557103104843,98,39,98,0,0,39,59,0.002830900296872366
266,2025-02-13,V5,V5-2025-02-05-L0.1-H60,0.00024481468942462177,0.0,unidentifiable_c,0.5648298682172025,0.49022258588645456,98,39,98,0,0,39,59,0.0040396744936736515
267,2025-02-14,V5,V5-2025-02-05-L0.1-H60,0.00024481468942462177,0.0,unidentifiable_c,0.4788160109404586,0.4453212381908636,97,36,97,0,0,36,61,0.0037629981845175966
268,2025-02-17,V5,V5-2025-02-05-L0.1-H60,0.00024481468942462177,0.0,unidentifiable_c,0.5528876499053229,0.48693018163016366,97,39,97,0,0,39,58,0.00631997706692587
269,2025-02-18,V5,V5-2025-02-05-L0.1-H60,0.00024481468942462177,0.0,unidentifiable_c,0.3483194824321481,0.29294730976951205,97,31,97,0,0,31,66,0.006606355714345855
270,2025-02-19,V5,V5-2025-02-05-L0.1-H60,0.00024481468942462177,0.0,unidentifiable_c,0.15569114243635596,0.2085650343089476,97,33,97,0,0,33,64,0.007198149786020101
271,2025-02-20,V5,V5-2025-02-05-L0.1-H60,0.00024481468942462177,0.0,unidentifiable_c,-0.332053439932674,-0.17694365904494222,97,43,97,0,0,43,54,0.00420566260209757
272,2025-02-21,V5,V5-2025-02-05-L0.1-H60,0.00024481468942462177,0.0,unidentifiable_c,-0.4489401430675362,-0.32803851233596293,97,47,97,0,0,47,50,0.002984170091911224
273,2025-02-24,V5,V5-2025-02-05-L0.1-H60,0.00024481468942462177,0.0,unidentifiable_c,-0.27673311592678307,-0.16030039078339633,97,50,97,0,0,50,47,0.002624104097077326
274,2025-02-25,V5,V5-2025-02-05-L0.1-H60,0.00024481468942462177,0.0,unidentifiable_c,-0.33465705869976853,-0.20218897362697824,97,44,97,0,0,44,53,0.0028938352758384922
275,2025-02-26,V5,V5-2025-02-05-L0.1-H60,0.00024481468942462177,0.0,unidentifiable_c,-0.03404428781822007,0.08200409266381524,97,39,97,0,0,39,58,0.0020540154601889093
276,2025-02-27,V5,V5-2025-02-05-L0.1-H60,0.00024481468942462177,0.0,unidentifiable_c,0.39509257311171886,0.41632340523563577,97,31,97,0,0,31,66,0.0032331674162941917
277,2025-02-28,V5,V5-2025-02-05-L0.1-H60,0.00024481468942462177,0.0,unidentifiable_c,0.3865190406059331,0.45489794892924884,97,34,97,0,0,34,63,0.0030289582648453774
278,2025-03-03,V5,V5-2025-03-03-L0.1-H60,0.0003012358948034905,0.0,unidentifiable_c,0.24927677256469596,0.31438777337446094,97,37,97,0,0,37,60,0.0021943128101153007
279,2025-03-04,V5,V5-2025-03-03-L0.1-H60,0.0003012358948034905,0.0,unidentifiable_c,0.16931411739953714,0.15176392061481128,97,42,97,0,0,42,55,0.0016498789722026676
280,2025-03-05,V5,V5-2025-03-03-L0.1-H60,0.0003012358948034905,0.0,unidentifiable_c,-0.3368530401851462,-0.23985068932072182,97,50,97,0,0,50,47,0.0017503514491650927
281,2025-03-06,V5,V5-2025-03-03-L0.1-H60,0.0003012358948034905,0.0,unidentifiable_c,-0.3557884494003787,-0.29584747618174884,97,50,97,0,0,50,47,0.0014225236233608698
282,2025-03-07,V5,V5-2025-03-03-L0.1-H60,0.0003012358948034905,0.0,unidentifiable_c,-0.4346596886177151,-0.43284029320443135,97,51,97,0,0,51,46,0.0010990168318122597
283,2025-03-10,V5,V5-2025-03-03-L0.1-H60,0.0003012358948034905,0.0,unidentifiable_c,-0.4441405428150641,-0.42439087224602856,97,47,97,0,0,47,50,0.001074629582514092
284,2025-03-11,V5,V5-2025-03-03-L0.1-H60,0.0003012358948034905,0.0,unidentifiable_c,-0.3538817588891226,-0.2742206114967069,97,49,97,0,0,49,48,0.000847738546064403
285,2025-03-12,V5,V5-2025-03-03-L0.1-H60,0.0003012358948034905,0.0,unidentifiable_c,-0.12354039553965915,-0.014463600078648818,97,42,97,0,0,42,55,0.0012938800175292333
286,2025-03-13,V5,V5-2025-03-03-L0.1-H60,0.0003012358948034905,0.0,unidentifiable_c,-0.3244135282979171,-0.2201772974941248,97,47,97,0,0,47,50,0.001425820717478824
287,2025-03-14,V5,V5-2025-03-03-L0.1-H60,0.0003012358948034905,0.0,unidentifiable_c,-0.24671260256679992,-0.24104957013714126,97,49,97,0,0,49,48,0.0014951692184711814
288,2025-03-17,V5,V5-2025-03-03-L0.1-H60,0.0003012358948034905,0.0,unidentifiable_c,-0.26220281927203865,-0.33486798001932383,97,50,97,0,0,50,47,0.001793842772138078
289,2025-03-18,V5,V5-2025-03-03-L0.1-H60,0.0003012358948034905,0.0,unidentifiable_c,-0.40198295813170626,-0.37923922148734174,97,42,97,0,0,42,55,0.001547503064891458
290,2025-03-19,V5,V5-2025-03-03-L0.1-H60,0.0003012358948034905,0.0,unidentifiable_c,-0.2838075952030296,-0.25260507077053757,97,43,97,0,0,43,54,0.0012636251070323966
291,2025-03-20,V5,V5-2025-03-03-L0.1-H60,0.0003012358948034905,0.0,unidentifiable_c,-0.13851777824531872,-0.1582373247116389,97,47,97,0,0,47,50,0.0010869044453684724
292,2025-03-21,V5,V5-2025-03-03-L0.1-H60,0.0003012358948034905,0.0,unidentifiable_c,-0.0471018304228908,-0.01598869157401751,97,39,97,0,0,39,58,0.0012793556134839065
293,2025-03-24,V5,V5-2025-03-03-L0.1-H60,0.0003012358948034905,0.0,unidentifiable_c,-0.027850831054071108,0.01052593420620725,97,45,97,0,0,45,52,0.0009202515733820324
294,2025-03-25,V5,V5-2025-03-03-L0.1-H60,0.0003012358948034905,0.0,unidentifiable_c,-0.0390805806858826,-0.06661313176847984,97,43,97,0,0,43,54,0.0006975080308771161
295,2025-03-26,V5,V5-2025-03-03-L0.1-H60,0.0003012358948034905,0.0,unidentifiable_c,0.09282295392383756,0.11821723231088284,97,56,97,0,0,56,41,0.0010644866564768647
296,2025-03-27,V5,V5-2025-03-03-L0.1-H60,0.0003012358948034905,0.0,unidentifiable_c,0.2998763938565116,0.29620392845283156,97,52,97,0,0,52,45,0.003007557004766013
297,2025-03-28,V5,V5-2025-03-03-L0.1-H60,0.0003012358948034905,0.0,unidentifiable_c,0.2518672417420576,0.23721338388065666,97,48,97,0,0,48,49,0.0053523542936927985
298,2025-03-31,V5,V5-2025-03-03-L0.1-H60,0.0003012358948034905,0.0,unidentifiable_c,0.1376630549126867,0.08150735657068837,97,46,97,0,0,46,51,0.0058462974316624925
299,2025-04-01,V5,V5-2025-04-01-L0.1-H60,0.00025490273713441134,0.0,unidentifiable_c,0.3232169156322322,0.3184755416394837,97,45,97,0,0,45,52,0.004487444466161946
300,2025-04-02,V5,V5-2025-04-01-L0.1-H60,0.00025490273713441134,0.0,unidentifiable_c,0.09651798863875446,0.122863946189602,97,48,97,0,0,48,49,0.0025638418694413833
301,2025-04-03,V5,V5-2025-04-01-L0.1-H60,0.00025490273713441134,0.0,unidentifiable_c,-0.10363191668419945,-0.06858203788787642,97,43,97,0,0,43,54,0.0025151923011948246
302,2025-04-07,V5,V5-2025-04-01-L0.1-H60,0.00025490273713441134,0.0,unidentifiable_c,-0.523541750345874,-0.43685749603028445,98,44,98,0,0,44,54,0.0027120750041517505
303,2025-04-08,V5,V5-2025-04-01-L0.1-H60,0.00025490273713441134,0.0,unidentifiable_c,-0.48655075901025824,-0.35983724946740164,98,39,98,0,0,39,59,0.0017805069331191551
304,2025-04-09,V5,V5-2025-04-01-L0.1-H60,0.00025490273713441134,0.0,unidentifiable_c,-0.17130488559059984,-0.17321793629489826,98,40,98,0,0,40,58,0.002551942769006897
305,2025-04-10,V5,V5-2025-04-01-L0.1-H60,0.00025490273713441134,0.0,unidentifiable_c,0.1705270674342839,0.0009321881340177503,98,54,98,0,0,54,44,0.0014866452232690324
306,2025-04-11,V5,V5-2025-04-01-L0.1-H60,0.00025490273713441134,0.0,unidentifiable_c,-0.14499933056634084,-0.15426623593465186,98,40,98,0,0,40,58,0.0012488569415031678
307,2025-04-14,V5,V5-2025-04-01-L0.1-H60,0.00025490273713441134,0.0,unidentifiable_c,-0.004392759915587603,-0.07585236877925036,98,38,98,0,0,38,60,0.0010330977518615814
308,2025-04-15,V5,V5-2025-04-01-L0.1-H60,0.00025490273713441134,0.0,unidentifiable_c,-0.6127230648585582,-0.4994441740572674,98,41,98,0,0,41,57,0.00138150762132045
309,2025-04-16,V5,V5-2025-04-01-L0.1-H60,0.00025490273713441134,0.0,unidentifiable_c,-0.47467946878845246,-0.3669912269152039,98,46,98,0,0,46,52,0.001356474190799563
310,2025-04-17,V5,V5-2025-04-01-L0.1-H60,0.00025490273713441134,0.0,unidentifiable_c,-0.5462769925214697,-0.3807547501215139,98,46,98,0,0,46,52,0.0014371957735139901
311,2025-04-18,V5,V5-2025-04-01-L0.1-H60,0.00025490273713441134,0.0,unidentifiable_c,-0.09363783001485504,-0.11446720534785902,98,48,98,0,0,48,50,0.0012990532202203386
312,2025-04-21,V5,V5-2025-04-01-L0.1-H60,0.00025490273713441134,0.0,unidentifiable_c,-0.28033968976531565,-0.16832494210152849,98,42,98,0,0,42,56,0.0015625252433943962
313,2025-04-22,V5,V5-2025-04-01-L0.1-H60,0.00025490273713441134,0.0,unidentifiable_c,-0.1754489987185127,-0.1363123711222143,98,46,98,0,0,46,52,0.0012744118676301516
314,2025-04-23,V5,V5-2025-04-01-L0.1-H60,0.00025490273713441134,0.0,unidentifiable_c,-0.34636497523095455,-0.2694993859150435,98,42,98,0,0,42,56,0.0016339432356649328
315,2025-04-24,V5,V5-2025-04-01-L0.1-H60,0.00025490273713441134,0.0,unidentifiable_c,-0.2389878163074039,-0.15180162803255967,98,43,98,0,0,43,55,0.001280819979436704
316,2025-04-25,V5,V5-2025-04-01-L0.1-H60,0.00025490273713441134,0.0,unidentifiable_c,-0.42459307996863216,-0.2843926907073406,98,47,98,0,0,47,51,0.0011955161880284452
317,2025-04-28,V5,V5-2025-04-01-L0.1-H60,0.00025490273713441134,0.0,unidentifiable_c,-0.32435654674240827,-0.2347794822626493,98,51,98,0,0,51,47,0.0008632196156899899
318,2025-04-29,V5,V5-2025-04-01-L0.1-H60,0.00025490273713441134,0.0,unidentifiable_c,-0.1972024048607259,-0.11036405720307026,98,45,98,0,0,45,53,0.0016683376105182254
319,2025-04-30,V5,V5-2025-04-01-L0.1-H60,0.00025490273713441134,0.0,unidentifiable_c,-0.20345045234588677,-0.24063096520424848,98,41,98,0,0,41,57,0.0013923680561523575
320,2025-05-06,V5,V5-2025-05-06-L0.1-H60,-7.721913213872369e-05,0.0,unidentifiable_c,-0.31874605512308013,-0.2993914259404299,98,58,98,0,0,40,58,0.0015997090046592916
321,2025-05-07,V5,V5-2025-05-06-L0.1-H60,-7.721913213872369e-05,0.0,unidentifiable_c,-0.04652245152981529,-0.09885292948312796,98,53,98,0,0,45,53,0.0023119643252621142
322,2025-05-08,V5,V5-2025-05-06-L0.1-H60,-7.721913213872369e-05,0.0,unidentifiable_c,-0.13958010570676252,-0.03964087576786234,98,57,98,0,0,41,57,0.0032018999947076663
323,2025-05-09,V5,V5-2025-05-06-L0.1-H60,-7.721913213872369e-05,0.0,unidentifiable_c,-0.30274340289067825,-0.09493751094254603,98,56,98,0,0,42,56,0.00500849151758517
324,2025-05-12,V5,V5-2025-05-06-L0.1-H60,-7.721913213872369e-05,0.0,unidentifiable_c,-0.07843849817340243,-0.1271369172562839,98,51,98,0,0,47,51,0.002115323005994093
325,2025-05-13,V5,V5-2025-05-06-L0.1-H60,-7.721913213872369e-05,0.0,unidentifiable_c,-0.07430713616280626,-0.09805250743675671,98,48,98,0,0,50,48,0.0014014383377035265
326,2025-05-14,V5,V5-2025-05-06-L0.1-H60,-7.721913213872369e-05,0.0,unidentifiable_c,0.08088671269820015,0.031415528307416965,98,50,98,0,0,48,50,0.0008111587680914239
327,2025-05-15,V5,V5-2025-05-06-L0.1-H60,-7.721913213872369e-05,0.0,unidentifiable_c,0.14562413531485693,0.06562562336466198,98,48,98,0,0,50,48,0.00106406923696273
328,2025-05-16,V5,V5-2025-05-06-L0.1-H60,-7.721913213872369e-05,0.0,unidentifiable_c,-0.06205331242150093,-0.08733834206883205,98,48,98,0,0,50,48,0.0012873252568591494
329,2025-05-19,V5,V5-2025-05-06-L0.1-H60,-7.721913213872369e-05,0.0,unidentifiable_c,-0.12751754872520704,-0.15405797652359213,98,51,98,0,0,47,51,0.000951494559147611
330,2025-05-20,V5,V5-2025-05-06-L0.1-H60,-7.721913213872369e-05,0.0,unidentifiable_c,-0.14299740514762604,-0.132266415188429,98,47,98,0,0,51,47,0.0007380976586878956
331,2025-05-21,V5,V5-2025-05-06-L0.1-H60,-7.721913213872369e-05,0.0,unidentifiable_c,-0.2065999783231005,-0.15574271367655726,98,48,98,0,0,50,48,0.0005421739321623513
332,2025-05-22,V5,V5-2025-05-06-L0.1-H60,-7.721913213872369e-05,0.0,unidentifiable_c,-0.03797920292765653,-0.048084925030506986,98,47,98,0,0,51,47,0.000864895673427955
333,2025-05-23,V5,V5-2025-05-06-L0.1-H60,-7.721913213872369e-05,0.0,unidentifiable_c,0.018367984494641342,0.03614948241343566,98,52,98,0,0,46,52,0.0010186402139796774
334,2025-05-26,V5,V5-2025-05-06-L0.1-H60,-7.721913213872369e-05,0.0,unidentifiable_c,-0.11928032693864797,-0.0947960170603963,98,51,98,0,0,47,51,0.0006976832810770398
335,2025-05-27,V5,V5-2025-05-06-L0.1-H60,-7.721913213872369e-05,0.0,unidentifiable_c,-0.24898469228366132,-0.2111615135592217,98,50,98,0,0,48,50,0.0012967503977721
336,2025-05-28,V5,V5-2025-05-06-L0.1-H60,-7.721913213872369e-05,0.0,unidentifiable_c,-0.25562802440563853,-0.20676287239817204,98,55,98,0,0,43,55,0.001000644062137285
337,2025-05-29,V5,V5-2025-05-06-L0.1-H60,-7.721913213872369e-05,0.0,unidentifiable_c,-0.1982990009499582,-0.17143456707850827,98,55,98,0,0,43,55,0.001451783127299796
338,2025-05-30,V5,V5-2025-05-06-L0.1-H60,-7.721913213872369e-05,0.0,unidentifiable_c,-0.2554367576458887,-0.21820445113873205,98,58,98,0,0,40,58,0.0010850865526798022
339,2025-06-03,V5,V5-2025-06-03-L0.1-H60,-7.606142728535395e-05,0.0,unidentifiable_c,-0.09586927554526964,-0.09323621679529613,98,58,98,0,0,40,58,0.0008599417902153258
340,2025-06-04,V5,V5-2025-06-03-L0.1-H60,-7.606142728535395e-05,0.0,unidentifiable_c,0.27535400289450357,0.1880170838486651,98,52,98,0,0,46,52,0.0009124120724676771
341,2025-06-05,V5,V5-2025-06-03-L0.1-H60,-7.606142728535395e-05,0.0,unidentifiable_c,0.3278376017698551,0.2649571474972972,98,53,98,0,0,45,53,0.0012457300741545228
342,2025-06-06,V5,V5-2025-06-03-L0.1-H60,-7.606142728535395e-05,0.0,unidentifiable_c,0.35430892131923053,0.34775488246882336,98,55,98,0,0,43,55,0.0011739137970308907
343,2025-06-09,V5,V5-2025-06-03-L0.1-H60,-7.606142728535395e-05,0.0,unidentifiable_c,0.12638269928402474,0.10846796668830462,98,59,98,0,0,39,59,0.0012211617344039547
344,2025-06-10,V5,V5-2025-06-03-L0.1-H60,-7.606142728535395e-05,0.0,unidentifiable_c,-0.05794745264553806,-0.04599328701563735,98,62,98,0,0,36,62,0.0013296909623169734
345,2025-06-11,V5,V5-2025-06-03-L0.1-H60,-7.606142728535395e-05,0.0,unidentifiable_c,-0.10746004118610891,-0.07102718329161423,98,60,98,0,0,38,60,0.0012527745098896868
346,2025-06-12,V5,V5-2025-06-03-L0.1-H60,-7.606142728535395e-05,0.0,unidentifiable_c,0.028862154046248298,0.009171149901110525,98,56,98,0,0,42,56,0.0011288737156822611
347,2025-06-13,V5,V5-2025-06-03-L0.1-H60,-7.606142728535395e-05,0.0,unidentifiable_c,-0.024641534214435535,-0.004823042542695569,98,57,98,0,0,41,57,0.00123782034636518
348,2025-06-16,V5,V5-2025-06-03-L0.1-H60,-7.606142728535395e-05,0.0,unidentifiable_c,-0.26468131770046344,-0.2891180789671552,98,57,98,0,0,41,57,0.0008286787833275919
349,2025-06-17,V5,V5-2025-06-03-L0.1-H60,-7.606142728535395e-05,0.0,unidentifiable_c,-0.2574641852992368,-0.22561657905128488,98,58,98,0,0,40,58,0.0007829807461835939
350,2025-06-18,V5,V5-2025-06-03-L0.1-H60,-7.606142728535395e-05,0.0,unidentifiable_c,-0.25561527328832184,-0.17313557768921894,98,53,98,0,0,45,53,0.0012398912208724674
351,2025-06-19,V5,V5-2025-06-03-L0.1-H60,-7.606142728535395e-05,0.0,unidentifiable_c,-0.04603790907178241,-0.05370544440186911,98,54,98,0,0,44,54,0.0016589412177234171
352,2025-06-20,V5,V5-2025-06-03-L0.1-H60,-7.606142728535395e-05,0.0,unidentifiable_c,-0.08953197023889217,-0.11070235274617847,98,52,98,0,0,46,52,0.0016639773440359077
353,2025-06-23,V5,V5-2025-06-03-L0.1-H60,-7.606142728535395e-05,0.0,unidentifiable_c,0.19252274480551354,0.20120413719354738,98,62,98,0,0,36,62,0.0017941049174036155
354,2025-06-24,V5,V5-2025-06-03-L0.1-H60,-7.606142728535395e-05,0.0,unidentifiable_c,0.15877053726832813,0.1570993427107765,98,58,98,0,0,40,58,0.0012632327922282686
355,2025-06-25,V5,V5-2025-06-03-L0.1-H60,-7.606142728535395e-05,0.0,unidentifiable_c,0.18971749899584947,0.204977813008802,98,52,98,0,0,46,52,0.0012881495730652482
356,2025-06-26,V5,V5-2025-06-03-L0.1-H60,-7.606142728535395e-05,0.0,unidentifiable_c,-0.04814184342903047,0.019095073738785176,98,53,98,0,0,45,53,0.0009946346589017878
357,2025-06-27,V5,V5-2025-06-03-L0.1-H60,-7.606142728535395e-05,0.0,unidentifiable_c,-0.13490044565155018,-0.09292642631632465,98,55,98,0,0,43,55,0.0013857616465488985
358,2025-06-30,V5,V5-2025-06-03-L0.1-H60,-7.606142728535395e-05,0.0,unidentifiable_c,-0.10638894733150991,-0.037356270865314865,98,56,98,0,0,42,56,0.0013356763114024284
359,2025-07-01,V5,V5-2025-07-01-L0.1-H60,-6.212691946105443e-05,0.0,unidentifiable_c,-0.07885928504485204,0.03231688274568122,98,57,98,0,0,41,57,0.0014760995073845337
360,2025-07-02,V5,V5-2025-07-01-L0.1-H60,-6.212691946105443e-05,0.0,unidentifiable_c,-0.17839450681865995,-0.13055821735313958,98,55,98,0,0,43,55,0.0009098242298555396
361,2025-07-03,V5,V5-2025-07-01-L0.1-H60,-6.212691946105443e-05,0.0,unidentifiable_c,0.11156590096207178,0.10580271222935202,98,49,98,0,0,49,49,0.0008058571768848232
362,2025-07-04,V5,V5-2025-07-01-L0.1-H60,-6.212691946105443e-05,0.0,unidentifiable_c,0.0532167881210591,0.042142534789046074,98,47,98,0,0,51,47,0.0007432346111580034
363,2025-07-07,V5,V5-2025-07-01-L0.1-H60,-6.212691946105443e-05,0.0,unidentifiable_c,-0.09941408615929971,-0.1645599584981731,98,51,98,0,0,47,51,0.0006860948751069212
364,2025-07-08,V5,V5-2025-07-01-L0.1-H60,-6.212691946105443e-05,0.0,unidentifiable_c,-0.08200881102206581,-0.16092106476496915,98,51,98,0,0,47,51,0.0007552984171227299
365,2025-07-09,V5,V5-2025-07-01-L0.1-H60,-6.212691946105443e-05,0.0,unidentifiable_c,0.13092209704875388,0.07335268503037164,98,53,98,0,0,45,53,0.0009604996230970862
366,2025-07-10,V5,V5-2025-07-01-L0.1-H60,-6.212691946105443e-05,0.0,unidentifiable_c,-0.12777257107154014,-0.05267298264351776,98,60,98,0,0,38,60,0.0009149387159440603
367,2025-07-11,V5,V5-2025-07-01-L0.1-H60,-6.212691946105443e-05,0.0,unidentifiable_c,0.029831238962314065,0.017544975048365736,98,55,98,0,0,43,55,0.0011114432743711963
368,2025-07-14,V5,V5-2025-07-01-L0.1-H60,-6.212691946105443e-05,0.0,unidentifiable_c,-0.002492843435406027,0.09231874233521126,98,67,98,0,0,31,67,0.0030100669070938523
369,2025-07-15,V5,V5-2025-07-01-L0.1-H60,-6.212691946105443e-05,0.0,unidentifiable_c,-0.04886865711607979,-0.033015282153914124,98,64,98,0,0,34,64,0.003965316629896743
370,2025-07-16,V5,V5-2025-07-01-L0.1-H60,-6.212691946105443e-05,0.0,unidentifiable_c,-0.043908472479901046,-0.02110313517295329,98,70,98,0,0,28,70,0.006480799036527906
371,2025-07-17,V5,V5-2025-07-01-L0.1-H60,-6.212691946105443e-05,0.0,unidentifiable_c,-0.13433939648961737,-0.08337035052986785,98,66,98,0,0,32,66,0.004345820964906264
372,2025-07-18,V5,V5-2025-07-01-L0.1-H60,-6.212691946105443e-05,0.0,unidentifiable_c,0.14621068671142307,0.06994028004974694,98,69,98,0,0,29,69,0.003678965191252507
373,2025-07-21,V5,V5-2025-07-01-L0.1-H60,-6.212691946105443e-05,0.0,unidentifiable_c,0.0898379970544919,0.05001802351942046,98,62,98,0,0,36,62,0.005299789967305089
374,2025-07-22,V5,V5-2025-07-01-L0.1-H60,-6.212691946105443e-05,0.0,unidentifiable_c,-0.09687661381328537,0.06869613110664227,98,68,98,0,0,30,68,0.005698897463168645
375,2025-07-23,V5,V5-2025-07-01-L0.1-H60,-6.212691946105443e-05,0.0,unidentifiable_c,-0.24814311854076207,0.023995016400927913,98,68,98,0,0,30,68,0.009856504020675037
376,2025-07-24,V5,V5-2025-07-01-L0.1-H60,-6.212691946105443e-05,0.0,unidentifiable_c,-0.06139025432103487,0.13355012027622606,98,69,98,0,0,29,69,0.005272628521347234
377,2025-07-25,V5,V5-2025-07-01-L0.1-H60,-6.212691946105443e-05,0.0,unidentifiable_c,-0.08963397917742542,0.14385317528484598,98,74,98,0,0,24,74,0.008831393811105407
378,2025-07-28,V5,V5-2025-07-01-L0.1-H60,-6.212691946105443e-05,0.0,unidentifiable_c,-0.21546200485817565,0.07652150264534884,98,59,98,0,0,39,59,0.0032072345358716116
379,2025-07-29,V5,V5-2025-07-01-L0.1-H60,-6.212691946105443e-05,0.0,unidentifiable_c,-0.07759692443050321,0.06955586374841541,98,64,98,0,0,34,64,0.002142210979467275
380,2025-07-30,V5,V5-2025-07-01-L0.1-H60,-6.212691946105443e-05,0.0,unidentifiable_c,-0.1662299408985712,-0.009526437224796408,98,61,98,0,0,37,61,0.001480051561749645
381,2025-07-31,V5,V5-2025-07-01-L0.1-H60,-6.212691946105443e-05,0.0,unidentifiable_c,0.012642732819463303,0.20443982760923776,98,67,98,0,0,31,67,0.002360983353555362
382,2025-08-01,V5,V5-2025-08-01-L0.1-H60,-5.567927722547224e-06,0.0,unidentifiable_c,0.07276425096749102,0.25662962838247766,98,66,98,0,0,32,66,0.0018895981319588411
383,2025-08-04,V5,V5-2025-08-01-L0.1-H60,-5.567927722547224e-06,0.0,unidentifiable_c,0.09124061995932392,0.30438296710796,98,66,98,0,0,32,66,0.003711488217696584
384,2025-08-05,V5,V5-2025-08-01-L0.1-H60,-5.567927722547224e-06,0.0,unidentifiable_c,-0.01067552902875746,0.3134043619735711,96,63,96,0,0,33,63,0.004537938386420363
385,2025-08-06,V5,V5-2025-08-01-L0.1-H60,-5.567927722547224e-06,0.0,unidentifiable_c,-0.10577862181226261,0.19803094059492815,96,62,96,0,0,34,62,0.0044406772501686415
386,2025-08-07,V5,V5-2025-08-01-L0.1-H60,-5.567927722547224e-06,0.0,unidentifiable_c,0.10421866521975041,0.2431965223444877,96,57,96,0,0,39,57,0.004185335148005969
387,2025-08-08,V5,V5-2025-08-01-L0.1-H60,-5.567927722547224e-06,0.0,unidentifiable_c,-0.10480195333695061,0.15347967328084666,96,56,96,0,0,40,56,0.004029994773680362
388,2025-08-11,V5,V5-2025-08-01-L0.1-H60,-5.567927722547224e-06,0.0,unidentifiable_c,0.09728703201302223,0.2260196335706711,96,59,96,0,0,37,59,0.002920708238440308
389,2025-08-12,V5,V5-2025-08-01-L0.1-H60,-5.567927722547224e-06,0.0,unidentifiable_c,0.09553716766142159,0.14473972150072512,96,57,96,0,0,39,57,0.00341070201003976
390,2025-08-13,V5,V5-2025-08-01-L0.1-H60,-5.567927722547224e-06,0.0,unidentifiable_c,0.10008138903960934,-0.01642563150899421,96,57,96,0,0,39,57,0.0035423154164784965
391,2025-08-14,V5,V5-2025-08-01-L0.1-H60,-5.567927722547224e-06,0.0,unidentifiable_c,-0.011652197504069452,0.05381476704223793,96,57,96,0,0,39,57,0.0057413305258868326
392,2025-08-15,V5,V5-2025-08-01-L0.1-H60,-5.567927722547224e-06,0.0,unidentifiable_c,0.012384698860553444,0.12936653263267886,96,60,96,0,0,36,60,0.005218569765423148
393,2025-08-18,V5,V5-2025-08-01-L0.1-H60,-5.567927722547224e-06,0.0,unidentifiable_c,0.0551953336950624,0.06867595675726164,96,60,96,0,0,36,60,0.004506460130594524
394,2025-08-19,V5,V5-2025-08-01-L0.1-H60,-5.567927722547224e-06,0.0,unidentifiable_c,0.12510851871947912,0.15298086999747978,96,61,96,0,0,35,61,0.003961311913949076
395,2025-08-20,V5,V5-2025-08-01-L0.1-H60,-5.567927722547224e-06,0.0,unidentifiable_c,0.4782148670645686,0.41193881421226963,96,59,96,0,0,37,59,0.007736281295860156
396,2025-08-21,V5,V5-2025-08-01-L0.1-H60,-5.567927722547224e-06,0.0,unidentifiable_c,0.24980674059892352,0.2875714694923946,94,59,94,0,0,35,59,0.003537294799420162
397,2025-08-22,V5,V5-2025-08-01-L0.1-H60,-5.567927722547224e-06,0.0,unidentifiable_c,0.4476142162275073,0.4505994829576122,93,53,93,0,0,40,53,0.0033824768810982973
398,2025-08-25,V5,V5-2025-08-01-L0.1-H60,-5.567927722547224e-06,0.0,unidentifiable_c,0.15454626838948402,0.2624058837302554,93,62,93,0,0,31,62,0.0028760001685010188
399,2025-08-26,V5,V5-2025-08-01-L0.1-H60,-5.567927722547224e-06,0.0,unidentifiable_c,0.02646892065291993,0.1214248894690454,93,63,93,0,0,30,63,0.003933222307041009
400,2025-08-27,V5,V5-2025-08-01-L0.1-H60,-5.567927722547224e-06,0.0,unidentifiable_c,-0.41716152905016257,-0.2696497902987749,93,45,93,0,0,48,45,0.005169880829177952
401,2025-08-28,V5,V5-2025-08-01-L0.1-H60,-5.567927722547224e-06,0.0,unidentifiable_c,-0.2427113485124287,-0.04905762391906992,93,46,93,0,0,47,46,0.0058161170913254975
402,2025-08-29,V5,V5-2025-08-01-L0.1-H60,-5.567927722547224e-06,0.0,unidentifiable_c,-0.3480349735907612,-0.06769239231780035,93,45,93,0,0,48,45,0.0071150310611314905
403,2025-09-01,V5,V5-2025-09-01-L0.1-H60,6.02503127123705e-05,0.0,unidentifiable_c,-0.24993285786756583,0.00011913574445887292,93,42,93,0,0,42,51,0.006225883661872797
404,2025-09-02,V5,V5-2025-09-01-L0.1-H60,6.02503127123705e-05,0.0,unidentifiable_c,-0.10202620035212316,0.007065363897531922,93,38,93,0,0,38,55,0.0030433499956938745
405,2025-09-03,V5,V5-2025-09-01-L0.1-H60,6.02503127123705e-05,0.0,unidentifiable_c,0.6200799737399658,0.4551766704530386,93,34,93,0,0,34,59,0.005880325612215391
406,2025-09-04,V5,V5-2025-09-01-L0.1-H60,6.02503127123705e-05,0.0,unidentifiable_c,0.2981409089552684,0.22963020769520892,93,27,93,0,0,27,66,0.007502688388069445
407,2025-09-05,V5,V5-2025-09-01-L0.1-H60,6.02503127123705e-05,0.0,unidentifiable_c,0.4217271940556831,0.4132347965906986,93,21,93,0,0,21,72,0.00514769140570995
408,2025-09-08,V5,V5-2025-09-01-L0.1-H60,6.02503127123705e-05,0.0,unidentifiable_c,0.5401808361433558,0.42215090054658566,93,32,93,0,0,32,61,0.0070645859439432525
409,2025-09-09,V5,V5-2025-09-01-L0.1-H60,6.02503127123705e-05,0.0,unidentifiable_c,0.5466861627525289,0.36720104818851385,93,29,93,0,0,29,64,0.006497647873144732
410,2025-09-10,V5,V5-2025-09-01-L0.1-H60,6.02503127123705e-05,0.0,unidentifiable_c,0.4528065411357464,0.37376129894319965,93,26,93,0,0,26,67,0.0039038395974140354
411,2025-09-11,V5,V5-2025-09-01-L0.1-H60,6.02503127123705e-05,0.0,unidentifiable_c,0.20670824505386287,0.22734944571412796,93,35,93,0,0,35,58,0.0032787633994216104
412,2025-09-12,V5,V5-2025-09-01-L0.1-H60,6.02503127123705e-05,0.0,unidentifiable_c,0.4299334546865208,0.4735522758481851,93,32,93,0,0,32,61,0.0049749894086120955
413,2025-09-15,V5,V5-2025-09-01-L0.1-H60,6.02503127123705e-05,0.0,unidentifiable_c,0.39656829100892244,0.433604405647575,94,29,94,0,0,29,65,0.006261065887922719
414,2025-09-16,V5,V5-2025-09-01-L0.1-H60,6.02503127123705e-05,0.0,unidentifiable_c,0.47244157063902037,0.522638269639194,94,35,94,0,0,35,59,0.008548646626877763
415,2025-09-17,V5,V5-2025-09-01-L0.1-H60,6.02503127123705e-05,0.0,unidentifiable_c,0.5371221389991345,0.5490616430819111,93,35,93,0,0,35,58,0.007453234336244587
416,2025-09-18,V5,V5-2025-09-01-L0.1-H60,6.02503127123705e-05,0.0,unidentifiable_c,0.4756348661633493,0.45547022652023494,93,32,93,0,0,32,61,0.006906782413518852
417,2025-09-19,V5,V5-2025-09-01-L0.1-H60,6.02503127123705e-05,0.0,unidentifiable_c,0.3130315418817701,0.4040809880583477,93,35,93,0,0,35,58,0.005331707489567812
418,2025-09-22,V5,V5-2025-09-01-L0.1-H60,6.02503127123705e-05,0.0,unidentifiable_c,0.5068783384560293,0.5176360046424091,93,41,93,0,0,41,52,0.0069165041067030366
419,2025-09-23,V5,V5-2025-09-01-L0.1-H60,6.02503127123705e-05,0.0,unidentifiable_c,0.3274971872447328,0.36455683016419105,92,34,92,0,0,34,58,0.006035454014358196
420,2025-09-24,V5,V5-2025-09-01-L0.1-H60,6.02503127123705e-05,0.0,unidentifiable_c,0.07095849452090686,0.2667793387983887,92,42,92,0,0,42,50,0.004726734256176957
421,2025-09-25,V5,V5-2025-09-01-L0.1-H60,6.02503127123705e-05,0.0,unidentifiable_c,0.21683645947320562,0.3704736475026601,92,37,92,0,0,37,55,0.00603935760095232
422,2025-09-26,V5,V5-2025-09-01-L0.1-H60,6.02503127123705e-05,0.0,unidentifiable_c,-0.09843872817224852,-0.06401337522173478,92,50,92,0,0,50,42,0.004130379352158961
423,2025-09-29,V5,V5-2025-09-01-L0.1-H60,6.02503127123705e-05,0.0,unidentifiable_c,-0.3740116825670823,-0.3535943504437844,92,49,92,0,0,49,43,0.003148207502205136
424,2025-09-30,V5,V5-2025-09-01-L0.1-H60,6.02503127123705e-05,0.0,unidentifiable_c,-0.3888126286890871,-0.3075709855196108,93,47,93,0,0,47,46,0.003772730909263819
425,2025-10-09,V5,V5-2025-10-09-L0.1-H60,0.0009079768276019429,0.007985270442574523,,-0.44040762734624445,-0.36635928971129406,93,32,93,0,0,46,47,0.0029392718221551606
426,2025-10-10,V5,V5-2025-10-09-L0.1-H60,0.0009079768276019429,0.007985270442574523,,-0.4818865447166601,-0.41205472300851353,93,34,93,0,0,51,42,0.003738045678741428
427,2025-10-13,V5,V5-2025-10-09-L0.1-H60,0.0009079768276019429,0.007985270442574523,,-0.1749127152278356,0.020922476789574363,93,58,93,0,0,30,63,0.003021214077324284
428,2025-10-14,V5,V5-2025-10-09-L0.1-H60,0.0009079768276019429,0.007985270442574523,,-0.2644149839251526,-0.10204877658563205,94,46,94,0,0,38,56,0.0025316198013694367
429,2025-10-15,V5,V5-2025-10-09-L0.1-H60,0.0009079768276019429,0.007985270442574523,,-0.4215222338619369,-0.3685662430180204,94,35,94,0,0,46,48,0.0021574574880450655
430,2025-10-16,V5,V5-2025-10-09-L0.1-H60,0.0009079768276019429,0.007985270442574523,,0.4987103998844055,0.46242625502046886,94,72,94,0,0,34,60,0.003920712693392441
431,2025-10-17,V5,V5-2025-10-09-L0.1-H60,0.0009079768276019429,0.007985270442574523,,0.25991041433370665,0.4487753720873685,95,69,95,0,0,30,65,0.00754561007303647
432,2025-10-20,V5,V5-2025-10-09-L0.1-H60,0.0009079768276019429,0.007985270442574523,,0.10755879059350504,0.2998217369943268,95,58,95,0,0,34,61,0.00424845926027604
433,2025-10-21,V5,V5-2025-10-09-L0.1-H60,0.0009079768276019429,0.007985270442574523,,0.31517357222844344,0.446633531226742,95,65,95,0,0,34,61,0.0068135715715890895
434,2025-10-22,V5,V5-2025-10-09-L0.1-H60,0.0009079768276019429,0.007985270442574523,,0.2610442329227324,0.370316643069773,95,66,95,0,0,30,65,0.0066978644370656315
435,2025-10-23,V5,V5-2025-10-09-L0.1-H60,0.0009079768276019429,0.007985270442574523,,-0.015215565509518476,0.00035669612082412104,95,49,95,0,0,41,54,0.0034820401420922486
436,2025-10-24,V5,V5-2025-10-09-L0.1-H60,0.0009079768276019429,0.007985270442574523,,-0.11187010078387458,-0.044197809188811506,95,48,95,0,0,40,55,0.003634233167556052
437,2025-10-27,V5,V5-2025-10-09-L0.1-H60,0.0009079768276019429,0.007985270442574523,,-0.15261758118701008,-0.10101577624248612,95,41,95,0,0,52,43,0.0025937464861627117
438,2025-10-28,V5,V5-2025-10-09-L0.1-H60,0.0009079768276019429,0.007985270442574523,,-0.005599104143337067,-0.008558483223765295,95,38,95,0,0,49,46,0.0030012037278348037
439,2025-10-29,V5,V5-2025-10-09-L0.1-H60,0.0009079768276019429,0.007985270442574523,,-0.08544232922732364,0.002964878408911254,95,42,95,0,0,45,50,0.002933908812684196
440,2025-10-30,V5,V5-2025-10-09-L0.1-H60,0.0009079768276019429,0.007985270442574523,,0.3235582306830907,0.32229458042962605,95,61,95,0,0,40,55,0.003197225340975144
441,2025-10-31,V5,V5-2025-10-09-L0.1-H60,0.0009079768276019429,0.007985270442574523,,0.2196108622620381,0.2640249243911127,95,61,95,0,0,39,56,0.0038333885356609445
442,2025-11-03,V5,V5-2025-11-03-L0.1-H60,0.0016864423952503184,0.01035567223147261,,0.32635778275475924,0.38855018389110757,95,57,95,0,0,45,50,0.002606615556259929
443,2025-11-04,V5,V5-2025-11-03-L0.1-H60,0.0016864423952503184,0.01035567223147261,,0.26854703247480405,0.33836434807136695,95,58,95,0,0,38,57,0.0036109598427235055
444,2025-11-05,V5,V5-2025-11-03-L0.1-H60,0.0016864423952503184,0.01035567223147261,,0.34928611422172445,0.3537523381530261,95,58,95,0,0,38,57,0.002984016469572274
445,2025-11-06,V5,V5-2025-11-03-L0.1-H60,0.0016864423952503184,0.01035567223147261,,0.28898376259798436,0.25574172497277836,95,61,95,0,0,48,47,0.0013272332981854686
446,2025-11-07,V5,V5-2025-11-03-L0.1-H60,0.0016864423952503184,0.01035567223147261,,0.16007867607162235,0.07790848119843952,96,55,96,0,0,47,49,0.0016523487980199206
447,2025-11-10,V5,V5-2025-11-03-L0.1-H60,0.0016864423952503184,0.01035567223147261,,-0.2719343461747152,-0.30502407207290333,96,44,96,0,0,41,55,0.001875754853019265
448,2025-11-11,V5,V5-2025-11-03-L0.1-H60,0.0016864423952503184,0.01035567223147261,,-0.2431226261530114,-0.29699907186579455,96,50,96,0,0,38,58,0.0028994705139120704
449,2025-11-12,V5,V5-2025-11-03-L0.1-H60,0.0016864423952503184,0.01035567223147261,,-0.25750135648399347,-0.39364790104541003,96,38,96,0,0,55,41,0.0032803523830926586
450,2025-11-13,V5,V5-2025-11-03-L0.1-H60,0.0016864423952503184,0.01035567223147261,,-0.36244214180517564,-0.44771849974956995,97,26,97,0,0,57,40,0.0034877951518359645
451,2025-11-14,V5,V5-2025-11-03-L0.1-H60,0.0016864423952503184,0.01035567223147261,,-0.45132021880917306,-0.4894793590896581,97,28,97,0,0,58,39,0.00524894199286552
452,2025-11-17,V5,V5-2025-11-03-L0.1-H60,0.0016864423952503184,0.01035567223147261,,-0.37236842105263157,-0.353982826967887,96,31,96,0,0,56,40,0.003062024117219649
453,2025-11-18,V5,V5-2025-11-03-L0.1-H60,0.0016864423952503184,0.01035567223147261,,-0.3917525773195876,-0.3390551909517362,96,34,96,0,0,51,45,0.0031762037417454396
454,2025-11-19,V5,V5-2025-11-03-L0.1-H60,0.0016864423952503184,0.01035567223147261,,-0.4537303309820944,-0.2788964934064162,96,38,96,0,0,42,54,0.0029561925544233036
455,2025-11-20,V5,V5-2025-11-03-L0.1-H60,0.0016864423952503184,0.01035567223147261,,-0.3408301682040152,-0.10182312600824663,96,50,96,0,0,35,61,0.002732053872062969
456,2025-11-21,V5,V5-2025-11-03-L0.1-H60,0.0016864423952503184,0.01035567223147261,,-0.3748372219207814,-0.3397867318524992,96,33,96,0,0,37,59,0.0037353113954060845
457,2025-11-24,V5,V5-2025-11-03-L0.1-H60,0.0016864423952503184,0.01035567223147261,,-0.2844411285946826,-0.34927478300543446,96,36,96,0,0,35,61,0.002685531227609533
458,2025-11-25,V5,V5-2025-11-03-L0.1-H60,0.0016864423952503184,0.01035567223147261,,-0.09206456863809008,-0.14844920947359957,96,41,96,0,0,49,47,0.002342993149383597
459,2025-11-26,V5,V5-2025-11-03-L0.1-H60,0.0016864423952503184,0.01035567223147261,,-0.023412913727618015,-0.08405914556636358,96,49,96,0,0,50,46,0.002024191463519925
460,2025-11-27,V5,V5-2025-11-03-L0.1-H60,0.0016864423952503184,0.01035567223147261,,0.05256375474769397,-0.04181655718392267,96,46,96,0,0,48,48,0.0022412825238533767
461,2025-11-28,V5,V5-2025-11-03-L0.1-H60,0.0016864423952503184,0.01035567223147261,,0.04612045577862181,0.06706443737766891,96,50,96,0,0,43,53,0.0014916458598909464
462,2025-12-01,V5,V5-2025-12-01-L0.1-H60,0.00233827003387324,0.012000158384296014,,-0.25097666847531197,-0.23846295316714364,96,35,96,0,0,39,57,0.0017170963799336475
463,2025-12-02,V5,V5-2025-12-01-L0.1-H60,0.00233827003387324,0.012000158384296014,,-0.28591969614758544,-0.23611044004969217,96,41,96,0,0,40,56,0.0012479670796957543
464,2025-12-03,V5,V5-2025-12-01-L0.1-H60,0.00233827003387324,0.012000158384296014,,-0.2405995659251221,-0.2914618044177342,96,50,96,0,0,41,55,0.0013740510766094526
465,2025-12-04,V5,V5-2025-12-01-L0.1-H60,0.00233827003387324,0.012000158384296014,,-0.2660200759631036,-0.23473120155925706,96,43,96,0,0,43,53,0.00134367030243675
466,2025-12-05,V5,V5-2025-12-01-L0.1-H60,0.00233827003387324,0.012000158384296014,,0.308776451437873,0.2518354341652325,96,67,96,0,0,51,45,0.0011540295560910272
467,2025-12-08,V5,V5-2025-12-01-L0.1-H60,0.00233827003387324,0.012000158384296014,,0.0702794357026587,0.023860412297693902,96,51,96,0,0,53,43,0.0020358657525893914
468,2025-12-09,V5,V5-2025-12-01-L0.1-H60,0.00233827003387324,0.012000158384296014,,-0.26428377645143786,-0.33489141918982884,96,34,96,0,0,46,50,0.0016713503584992824
469,2025-12-10,V5,V5-2025-12-01-L0.1-H60,0.00233827003387324,0.012000158384296014,,-0.20838307107976126,-0.28166234050985206,96,38,96,0,0,45,51,0.001605390267946278
470,2025-12-11,V5,V5-2025-12-01-L0.1-H60,0.00233827003387324,0.012000158384296014,,-0.0896276595744681,-0.11384066713610533,95,42,95,0,0,45,50,0.001868934371877065
471,2025-12-12,V5,V5-2025-12-01-L0.1-H60,0.00233827003387324,0.012000158384296014,,-0.2789193729003359,-0.269368619813222,95,43,95,0,0,38,57,0.00114092829417085
472,2025-12-15,V5,V5-2025-12-01-L0.1-H60,0.00233827003387324,0.012000158384296014,,-0.38622620380739076,-0.3632647498146977,95,37,95,0,0,39,56,0.001265632406785528
473,2025-12-16,V5,V5-2025-12-01-L0.1-H60,0.00233827003387324,0.012000158384296014,,-0.42925531914893617,-0.2867128881765624,95,32,95,0,0,35,60,0.0015172938951919207
474,2025-12-17,V5,V5-2025-12-01-L0.1-H60,0.00233827003387324,0.012000158384296014,,-0.27035274356103023,-0.12871551864328612,95,39,95,0,0,44,51,0.0015770455215494636
475,2025-12-18,V5,V5-2025-12-01-L0.1-H60,0.00233827003387324,0.012000158384296014,,-0.2858622620380739,-0.18585949863773454,95,44,95,0,0,33,62,0.002396879824430145
476,2025-12-19,V5,V5-2025-12-01-L0.1-H60,0.00233827003387324,0.012000158384296014,,-0.0019316909294512879,0.06580236700315333,95,55,95,0,0,33,62,0.0015543696800486533
477,2025-12-22,V5,V5-2025-12-01-L0.1-H60,0.00233827003387324,0.012000158384296014,,0.13419788317740128,0.14809391817204448,94,53,94,0,0,35,59,0.0019079651835606935
478,2025-12-23,V5,V5-2025-12-01-L0.1-H60,0.00233827003387324,0.012000158384296014,,-0.06809233103348626,0.023810002399939478,94,44,94,0,0,37,57,0.001360630226831212
479,2025-12-24,V5,V5-2025-12-01-L0.1-H60,0.00233827003387324,0.012000158384296014,,0.07300509337860782,0.09104513319259072,94,57,94,0,0,36,58,0.0016649986816056818
480,2025-12-25,V5,V5-2025-12-01-L0.1-H60,0.00233827003387324,0.012000158384296014,,0.19934978145432217,0.22759092464298794,94,58,94,0,0,42,52,0.0017878547629775123
481,2025-12-26,V5,V5-2025-12-01-L0.1-H60,0.00233827003387324,0.012000158384296014,,0.21115486038362893,0.25152767439582724,94,63,94,0,0,34,60,0.002357481798241418
482,2025-12-29,V5,V5-2025-12-01-L0.1-H60,0.00233827003387324,0.012000158384296014,,-0.11502366073041217,0.013574507377336037,94,49,94,0,0,33,61,0.002371032222277462
483,2025-12-30,V5,V5-2025-12-01-L0.1-H60,0.00233827003387324,0.012000158384296014,,0.1474623415092295,0.11837890606485958,94,56,94,0,0,35,59,0.0026483678803049
484,2025-12-31,V5,V5-2025-12-01-L0.1-H60,0.00233827003387324,0.012000158384296014,,0.10375320593866272,0.06684977498658773,94,53,94,0,0,41,53,0.003126382138374777
485,2026-01-05,V5,V5-2026-01-05-L0.1-H60,0.0021031973050478917,0.010454039619025279,,-0.06882924538525449,-0.03320972677496158,94,49,94,0,0,37,57,0.0034906767197426425
486,2026-01-06,V5,V5-2026-01-05-L0.1-H60,0.0021031973050478917,0.010454039619025279,,-0.16587075100242027,-0.053239631077125475,94,44,94,0,0,38,56,0.005568556886195662
487,2026-01-07,V5,V5-2026-01-05-L0.1-H60,0.0021031973050478917,0.010454039619025279,,-0.0029535274356103027,0.05854673923973394,95,57,95,0,0,35,60,0.003991470103540182
488,2026-01-08,V5,V5-2026-01-05-L0.1-H60,0.0021031973050478917,0.010454039619025279,,0.24013157894736845,0.27681325130489587,95,62,95,0,0,38,57,0.00543980769352312
489,2026-01-09,V5,V5-2026-01-05-L0.1-H60,0.0021031973050478917,0.010454039619025279,,0.16321388577827547,0.25931779276661576,95,64,95,0,0,29,66,0.004191850415114089
490,2026-01-12,V5,V5-2026-01-05-L0.1-H60,0.0021031973050478917,0.010454039619025279,,0.13265677491601344,0.22298913733376494,95,63,95,0,0,31,64,0.006094964326016164
491,2026-01-13,V5,V5-2026-01-05-L0.1-H60,0.0021031973050478917,0.010454039619025279,,0.1583986562150056,0.17736771184162897,95,56,95,0,0,31,64,0.008040213536009784
492,2026-01-14,V5,V5-2026-01-05-L0.1-H60,0.0021031973050478917,0.010454039619025279,,0.07418812989921614,0.26318306823113446,95,58,95,0,0,32,63,0.00600387257057827
493,2026-01-15,V5,V5-2026-01-05-L0.1-H60,0.0021031973050478917,0.010454039619025279,,0.25491321388577826,0.3233846828307149,95,60,95,0,0,36,59,0.0029222427097861286
494,2026-01-16,V5,V5-2026-01-05-L0.1-H60,0.0021031973050478917,0.010454039619025279,,0.33955767077267646,0.39851656426462073,95,66,95,0,0,39,56,0.002938650980017487
495,2026-01-19,V5,V5-2026-01-05-L0.1-H60,0.0021031973050478917,0.010454039619025279,,0.504087346024636,0.473214178838798,95,64,95,0,0,39,56,0.004343844211940386
496,2026-01-20,V5,V5-2026-01-05-L0.1-H60,0.0021031973050478917,0.010454039619025279,,0.39543673012318026,0.4075586383107951,95,71,95,0,0,34,61,0.005307907966703168
497,2026-01-21,V5,V5-2026-01-05-L0.1-H60,0.0021031973050478917,0.010454039619025279,,0.16280795072788354,0.18948317041219448,95,61,95,0,0,39,56,0.004979915594176618
498,2026-01-22,V5,V5-2026-01-05-L0.1-H60,0.0021031973050478917,0.010454039619025279,,0.0764417693169093,0.2859574607047913,95,58,95,0,0,33,62,0.006566223915256004
499,2026-01-23,V5,V5-2026-01-05-L0.1-H60,0.0021031973050478917,0.010454039619025279,,-0.2267637178051512,-0.027422064736001065,95,48,95,0,0,42,53,0.003120739440450669
500,2026-01-26,V5,V5-2026-01-05-L0.1-H60,0.0021031973050478917,0.010454039619025279,,-0.13317469204927213,0.08157515622264427,95,45,95,0,0,47,48,0.004452118418832338
501,2026-01-27,V5,V5-2026-01-05-L0.1-H60,0.0021031973050478917,0.010454039619025279,,-0.4208426651735722,-0.3247682517221507,95,32,95,0,0,58,37,0.005285585903137594
502,2026-01-28,V5,V5-2026-01-05-L0.1-H60,0.0021031973050478917,0.010454039619025279,,-0.4135638297872341,-0.3887981047644968,95,30,95,0,0,55,40,0.004932880457087306
503,2026-01-29,V5,V5-2026-01-05-L0.1-H60,0.0021031973050478917,0.010454039619025279,,-0.5411394176931691,-0.5174623189486827,95,28,95,0,0,58,37,0.005136290401543418
504,2026-01-30,V5,V5-2026-01-05-L0.1-H60,0.0021031973050478917,0.010454039619025279,,-0.2320130222463375,-0.1309214020026878,96,51,96,0,0,40,56,0.0023745477946078264
505,2026-02-02,V5,V5-2026-02-02-L0.1-H60,0.0027954296901284083,0.014766513426502996,,-0.29388225718936517,-0.2777527854551765,96,33,96,0,0,55,41,0.0018492425191310457
506,2026-02-03,V5,V5-2026-02-02-L0.1-H60,0.0027954296901284083,0.014766513426502996,,-0.030344546934346173,0.11726321070502271,96,51,96,0,0,42,54,0.0017827156909820533
507,2026-02-04,V5,V5-2026-02-02-L0.1-H60,0.0027954296901284083,0.014766513426502996,,0.24508952794357028,0.3939675133326786,96,62,96,0,0,36,60,0.003325504055707603
508,2026-02-05,V5,V5-2026-02-02-L0.1-H60,0.0027954296901284083,0.014766513426502996,,0.19376017362995118,0.30712702275216763,96,63,96,0,0,32,64,0.005092543308843148
509,2026-02-06,V5,V5-2026-02-02-L0.1-H60,0.0027954296901284083,0.014766513426502996,,0.2595360824742268,0.32745868280099333,96,63,96,0,0,29,67,0.0043705966290805524
510,2026-02-09,V5,V5-2026-02-02-L0.1-H60,0.0027954296901284083,0.014766513426502996,,0.22162235485621268,0.26862723120037413,96,64,96,0,0,33,63,0.004552064884198249
511,2026-02-10,V5,V5-2026-02-02-L0.1-H60,0.0027954296901284083,0.014766513426502996,,0.24415355398806296,0.32983423880551666,96,60,96,0,0,35,61,0.005024562106121535
512,2026-02-11,V5,V5-2026-02-02-L0.1-H60,0.0027954296901284083,0.014766513426502996,,0.05576741005680622,0.11324611516163179,97,51,97,0,0,38,59,0.0034031214548708357
513,2026-02-12,V5,V5-2026-02-02-L0.1-H60,0.0027954296901284083,0.014766513426502996,,0.09763570376604248,0.1645462817309938,97,53,97,0,0,47,50,0.005457361696971484
514,2026-02-13,V5,V5-2026-02-02-L0.1-H60,0.0027954296901284083,0.014766513426502996,,0.0015516515884704395,0.10217251489324368,97,40,97,0,0,44,53,0.007592795801123819
515,2026-02-24,V5,V5-2026-02-02-L0.1-H60,0.0027954296901284083,0.014766513426502996,,0.13467809804334105,0.15456944109422927,97,50,97,0,0,40,57,0.0037234734582625682
516,2026-02-25,V5,V5-2026-02-02-L0.1-H60,0.0027954296901284083,0.014766513426502996,,0.1023169577109194,0.08438607621285266,97,48,97,0,0,43,54,0.0034711485785567987
517,2026-02-26,V5,V5-2026-02-02-L0.1-H60,0.0027954296901284083,0.014766513426502996,,0.12450031559015359,0.07639536548429524,97,53,97,0,0,41,56,0.0038417142768038468
518,2026-02-27,V5,V5-2026-02-02-L0.1-H60,0.0027954296901284083,0.014766513426502996,,-0.07233589312013464,-0.16888560802021355,97,48,97,0,0,44,53,0.004770363269025299
519,2026-03-02,V5,V5-2026-03-02-L0.1-H60,0.0024029715844640087,0.012964115102268449,,-0.10689301493793392,-0.15090047310430785,97,48,97,0,0,36,61,0.007578048587316273
520,2026-03-03,V5,V5-2026-03-02-L0.1-H60,0.0024029715844640087,0.012964115102268449,,-0.2818351567431096,-0.23955786059990378,97,41,97,0,0,39,58,0.004922317793744579
521,2026-03-04,V5,V5-2026-03-02-L0.1-H60,0.0024029715844640087,0.012964115102268449,,-0.14088470439722278,-0.09320316896800056,97,50,97,0,0,46,51,0.005448005146353216
522,2026-03-05,V5,V5-2026-03-02-L0.1-H60,0.0024029715844640087,0.012964115102268449,,3.9448769198401004e-05,-0.006899185925293695,97,62,97,0,0,44,53,0.004620599895712984
523,2026-03-06,V5,V5-2026-03-02-L0.1-H60,0.0024029715844640087,0.012964115102268449,,0.036279718072796126,0.02440888651597519,97,57,97,0,0,46,51,0.0033842764245886905
524,2026-03-09,V5,V5-2026-03-02-L0.1-H60,0.0024029715844640087,0.012964115102268449,,0.1336787292236482,0.05223525869248386,97,58,97,0,0,48,49,0.0033740713172394745
525,2026-03-10,V5,V5-2026-03-02-L0.1-H60,0.0024029715844640087,0.012964115102268449,,-0.028100673258994315,0.10301441290579516,97,48,97,0,0,43,54,0.0033443399577997813
526,2026-03-11,V5,V5-2026-03-02-L0.1-H60,0.0024029715844640087,0.012964115102268449,,0.08206658952240689,0.1482715600854717,97,54,97,0,0,43,54,0.0033982279915916666
527,2026-03-12,V5,V5-2026-03-02-L0.1-H60,0.0024029715844640087,0.012964115102268449,,0.3022038712392173,0.23318928485149426,97,59,97,0,0,42,55,0.0027430499896567906
528,2026-03-13,V5,V5-2026-03-02-L0.1-H60,0.0024029715844640087,0.012964115102268449,,0.31849621291815694,0.2619727627358436,97,59,97,0,0,42,55,0.0018000470095238562
529,2026-03-16,V5,V5-2026-03-02-L0.1-H60,0.0024029715844640087,0.012964115102268449,,0.48765253524090046,0.40191860352927683,97,65,97,0,0,44,53,0.001827049519673785
530,2026-03-17,V5,V5-2026-03-02-L0.1-H60,0.0024029715844640087,0.012964115102268449,,0.34124500315590145,0.26754029684524105,97,63,97,0,0,47,50,0.0018996543757237522
531,2026-03-18,V5,V5-2026-03-02-L0.1-H60,0.0024029715844640087,0.012964115102268449,,0.10129128971176099,0.06203441402028902,97,54,97,0,0,48,49,0.0034835054597763676
532,2026-03-19,V5,V5-2026-03-02-L0.1-H60,0.0024029715844640087,0.012964115102268449,,-0.06459078476751524,-0.10316164881548759,97,45,97,0,0,47,50,0.0032794150083895047
533,2026-03-20,V5,V5-2026-03-02-L0.1-H60,0.0024029715844640087,0.012964115102268449,,-0.259678098043341,-0.12360530181291576,97,44,97,0,0,45,52,0.003347600695744739
534,2026-03-23,V5,V5-2026-03-02-L0.1-H60,0.0024029715844640087,0.012964115102268449,,-0.08920681674731747,-0.10820862048701604,97,48,97,0,0,56,41,0.0031059420300695
535,2026-03-24,V5,V5-2026-03-02-L0.1-H60,0.0024029715844640087,0.012964115102268449,,-0.08161950347149169,-0.14488038595783903,97,48,97,0,0,58,39,0.0027680257678289817
536,2026-03-25,V5,V5-2026-03-02-L0.1-H60,0.0024029715844640087,0.012964115102268449,,-0.09274405638544077,-0.09507804471211162,97,46,97,0,0,56,41,0.002913807317161879
537,2026-03-26,V5,V5-2026-03-02-L0.1-H60,0.0024029715844640087,0.012964115102268449,,0.0857221754681254,-0.07193136054183018,97,56,97,0,0,52,45,0.0034267097513828956
538,2026-03-27,V5,V5-2026-03-02-L0.1-H60,0.0024029715844640087,0.012964115102268449,,0.05954134231011991,-0.03478180378875497,97,58,97,0,0,43,54,0.0027446353521565054
539,2026-03-30,V5,V5-2026-03-02-L0.1-H60,0.0024029715844640087,0.012964115102268449,,-0.40345571218177984,-0.30174560466382583,97,36,97,0,0,42,55,0.003518066134053418
540,2026-03-31,V5,V5-2026-03-02-L0.1-H60,0.0024029715844640087,0.012964115102268449,,-0.21262886597938144,-0.11187121796798223,97,47,97,0,0,36,61,0.0024847912648318735
541,2026-04-01,V5,V5-2026-04-01-L0.1-H60,0.0017378929983365755,0.009814734626491068,,-0.3174705449189985,-0.16852199079657626,97,43,97,0,0,40,57,0.0038182723032913813
542,2026-04-02,V5,V5-2026-04-01-L0.1-H60,0.0017378929983365755,0.009814734626491068,,-0.36650536503261094,-0.22204953007452644,97,37,97,0,0,43,54,0.005592202273558646
543,2026-04-03,V5,V5-2026-04-01-L0.1-H60,0.0017378929983365755,0.009814734626491068,,-0.339035872080791,-0.20465850600403956,97,39,97,0,0,44,53,0.00687020777440507
544,2026-04-07,V5,V5-2026-04-01-L0.1-H60,0.0017378929983365755,0.009814734626491068,,-0.10155428150641697,0.032805259870159274,97,47,97,0,0,40,57,0.003392678527104622
545,2026-04-08,V5,V5-2026-04-01-L0.1-H60,0.0017378929983365755,0.009814734626491068,,-0.1792552072375342,-0.02413117800548336,97,44,97,0,0,42,55,0.0035672796993456803
546,2026-04-09,V5,V5-2026-04-01-L0.1-H60,0.0017378929983365755,0.009814734626491068,,-0.1329949505575426,-0.02836722747721236,97,47,97,0,0,41,56,0.0019191764928021412
547,2026-04-10,V5,V5-2026-04-01-L0.1-H60,0.0017378929983365755,0.009814734626491068,,0.01101935619608668,0.141253383536819,97,52,97,0,0,42,55,0.0018178837215288954
548,2026-04-13,V5,V5-2026-04-01-L0.1-H60,0.0017378929983365755,0.009814734626491068,,0.004576057227014517,0.047533901448548084,97,56,97,0,0,41,56,0.0017590892582713211
549,2026-04-14,V5,V5-2026-04-01-L0.1-H60,0.0017378929983365755,0.009814734626491068,,0.07925257731958764,0.14638772851911658,97,59,97,0,0,37,60,0.002882955228827081
550,2026-04-15,V5,V5-2026-04-01-L0.1-H60,0.0017378929983365755,0.009814734626491068,,-0.0786213970124132,-0.08081688572095014,97,52,97,0,0,34,63,0.003203175553002973
551,2026-04-16,V5,V5-2026-04-01-L0.1-H60,0.0017378929983365755,0.009814734626491068,,0.003458342099726488,0.020576593882689922,97,56,97,0,0,38,59,0.002445428235541175
552,2026-04-17,V5,V5-2026-04-01-L0.1-H60,0.0017378929983365755,0.009814734626491068,,0.08054123711340205,0.072305822231737,97,53,97,0,0,39,58,0.0027439473344229117
553,2026-04-20,V5,V5-2026-04-01-L0.1-H60,0.0017378929983365755,0.009814734626491068,,0.19667841363349461,0.1287826158452209,97,59,97,0,0,40,57,0.003153851288341338
554,2026-04-21,V5,V5-2026-04-01-L0.1-H60,0.0017378929983365755,0.009814734626491068,,0.149629181569535,0.0904147243776384,97,58,97,0,0,43,54,0.0025759759454681294
555,2026-04-22,V5,V5-2026-04-01-L0.1-H60,0.0017378929983365755,0.009814734626491068,,0.3153553988062941,0.3122717981497649,96,66,96,0,0,34,62,0.005120517562995245
556,2026-04-23,V5,V5-2026-04-01-L0.1-H60,0.0017378929983365755,0.009814734626491068,,0.4419831795984807,0.40849553317315473,96,63,96,0,0,38,58,0.00623095141320841
557,2026-04-24,V5,V5-2026-04-01-L0.1-H60,0.0017378929983365755,0.009814734626491068,,0.4887004883342376,0.48930949747799224,96,66,96,0,0,40,56,0.004719129036147004
558,2026-04-27,V5,V5-2026-04-01-L0.1-H60,0.0017378929983365755,0.009814734626491068,,0.47764514378730333,0.47115496918409805,96,65,96,0,0,41,55,0.0042868416498312014
559,2026-04-28,V5,V5-2026-04-01-L0.1-H60,0.0017378929983365755,0.009814734626491068,,0.565002712967987,0.5324990602540035,96,72,96,0,0,37,59,0.008946504900160647
560,2026-04-29,V5,V5-2026-04-01-L0.1-H60,0.0017378929983365755,0.009814734626491068,,0.4166841994529771,0.4105932771552669,97,67,97,0,0,35,62,0.009246584164786404
561,2026-04-30,V5,V5-2026-04-01-L0.1-H60,0.0017378929983365755,0.009814734626491068,,0.34064026044492673,0.3490026716994139,96,65,96,0,0,36,60,0.006902481590878207
562,2026-05-06,V5,V5-2026-05-06-L0.1-H60,0.0005668470274259762,0.0041326317378508,,0.2429869777536625,0.3945872076082971,96,63,96,0,0,33,63,0.0064916524866633525
563,2026-05-07,V5,V5-2026-05-06-L0.1-H60,0.0005668470274259762,0.0041326317378508,,0.40978024959305476,0.47904531257432553,96,64,96,0,0,37,59,0.0061894975813554165
564,2026-05-08,V5,V5-2026-05-06-L0.1-H60,0.0005668470274259762,0.0041326317378508,,0.324755832881172,0.41526135220377464,96,62,96,0,0,38,58,0.003486006593196006
565,2026-05-11,V5,V5-2026-05-06-L0.1-H60,0.0005668470274259762,0.0041326317378508,,0.3598887683125339,0.40615257919890657,96,65,96,0,0,39,57,0.004442084704329352
566,2026-05-12,V5,V5-2026-05-06-L0.1-H60,0.0005668470274259762,0.0041326317378508,,0.2379001627780792,0.33567970086679194,96,61,96,0,0,38,58,0.004204202585495472
567,2026-05-13,V5,V5-2026-05-06-L0.1-H60,0.0005668470274259762,0.0041326317378508,,-0.14229517091698318,0.040163907985908444,96,51,96,0,0,38,58,0.004738480234808755
568,2026-05-14,V5,V5-2026-05-06-L0.1-H60,0.0005668470274259762,0.0041326317378508,,0.249755832881172,0.29749208376734054,96,64,96,0,0,36,60,0.0037539149003922665
569,2026-05-15,V5,V5-2026-05-06-L0.1-H60,0.0005668470274259762,0.0041326317378508,,0.3105127509495388,0.4015322442080987,96,69,96,0,0,33,63,0.005976555134744414
570,2026-05-18,V5,V5-2026-05-06-L0.1-H60,0.0005668470274259762,0.0041326317378508,,0.06743081931633206,0.2276615804601419,96,62,96,0,0,31,65,0.007573298762705491
571,2026-05-19,V5,V5-2026-05-06-L0.1-H60,0.0005668470274259762,0.0041326317378508,,0.07327726532826913,0.17190955161951763,96,61,96,0,0,35,61,0.006214815806450038
572,2026-05-20,V5,V5-2026-05-06-L0.1-H60,0.0005668470274259762,0.0041326317378508,,0.4752577319587629,0.4476219009722982,96,75,96,0,0,30,66,0.008110145473713021
573,2026-05-21,V5,V5-2026-05-06-L0.1-H60,0.0005668470274259762,0.0041326317378508,,0.04712425393380358,0.09733392782108703,96,50,96,0,0,47,49,0.004356978651494199
574,2026-05-22,V5,V5-2026-05-06-L0.1-H60,0.0005668470274259762,0.0041326317378508,,-0.46173358654367874,-0.5098008861367213,96,25,96,0,0,55,41,0.005437321633113788
575,2026-05-25,V5,V5-2026-05-06-L0.1-H60,0.0005668470274259762,0.0041326317378508,,-0.5266549104720564,-0.47459141935546173,96,32,96,0,0,46,50,0.003897084991381974
576,2026-05-26,V5,V5-2026-05-06-L0.1-H60,0.0005668470274259762,0.0041326317378508,,-0.4919967444384156,-0.39113215853788247,96,37,96,0,0,43,53,0.0026513997309192236
577,2026-05-27,V5,V5-2026-05-06-L0.1-H60,0.0005668470274259762,0.0041326317378508,,-0.19654096581660338,-0.14602085955663927,96,39,96,0,0,51,45,0.002651967626302907
578,2026-05-28,V5,V5-2026-05-06-L0.1-H60,0.0005668470274259762,0.0041326317378508,,-0.16435160065111235,-0.08769661539445393,96,45,96,0,0,42,54,0.003025077723383148
579,2026-05-29,V5,V5-2026-05-06-L0.1-H60,0.0005668470274259762,0.0041326317378508,,0.09209169831795985,0.12115427386052222,96,50,96,0,0,46,50,0.0031867025089760688
580,2026-06-01,V5,V5-2026-06-01-L0.1-H60,0.0015186365583120722,0.008840771084056011,,0.26323928377645145,0.32328208070259057,96,60,96,0,0,39,57,0.004118976196466432
581,2026-06-02,V5,V5-2026-06-01-L0.1-H60,0.0015186365583120722,0.008840771084056011,,0.013912265937302755,0.057321722114213165,97,50,97,0,0,50,47,0.0038750892585122177
582,2026-06-03,V5,V5-2026-06-01-L0.1-H60,0.0015186365583120722,0.008840771084056011,,-0.18615874184725437,-0.1040759650608891,97,45,97,0,0,43,54,0.003370193288984845
583,2026-06-04,V5,V5-2026-06-01-L0.1-H60,0.0015186365583120722,0.008840771084056011,,-0.08881232905533346,-0.06936102139172842,97,46,97,0,0,52,45,0.0036185856326986215
584,2026-06-05,V5,V5-2026-06-01-L0.1-H60,0.0015186365583120722,0.008840771084056011,,0.1328108563012834,0.21100864091956334,97,58,97,0,0,39,58,0.005652120604122403
585,2026-06-08,V5,V5-2026-06-01-L0.1-H60,0.0015186365583120722,0.008840771084056011,,-0.2427677256469598,-0.13316293595029782,97,42,97,0,0,41,56,0.003753826903915298
586,2026-06-09,V5,V5-2026-06-01-L0.1-H60,0.0015186365583120722,0.008840771084056011,,0.11249474016410686,0.22510387000247686,97,53,97,0,0,41,56,0.008312989935205416
587,2026-06-10,V5,V5-2026-06-01-L0.1-H60,0.0015186365583120722,0.008840771084056011,,-0.0781611613717652,-0.021901999475966293,97,48,97,0,0,40,57,0.010082181045951443
588,2026-06-11,V5,V5-2026-06-01-L0.1-H60,0.0015186365583120722,0.008840771084056011,,0.08647170208289502,0.1516302934530938,97,56,97,0,0,37,60,0.019033916041800374
589,2026-06-12,V5,V5-2026-06-01-L0.1-H60,0.0015186365583120722,0.008840771084056011,,0.03888333683989059,0.11050655727285398,97,47,97,0,0,34,63,0.011011884295271364
590,2026-06-15,V5,V5-2026-06-01-L0.1-H60,0.0015186365583120722,0.008840771084056011,,0.18181937723543026,0.2709809785896659,97,58,97,0,0,35,62,0.015005104080282064
591,2026-06-16,V5,V5-2026-06-01-L0.1-H60,0.0015186365583120722,0.008840771084056011,,0.3778534609720176,0.37588672614349267,97,62,97,0,0,32,65,0.01336954000955116
592,2026-06-17,V5,V5-2026-06-01-L0.1-H60,0.0015186365583120722,0.008840771084056011,,0.5035898379970544,0.5145680954378644,97,72,97,0,0,34,63,0.011965374551865311
593,2026-06-18,V5,V5-2026-06-01-L0.1-H60,0.0015186365583120722,0.008840771084056011,,0.3994187881338102,0.5236772728559184,97,74,97,0,0,36,61,0.012915698449383728
594,2026-06-22,V5,V5-2026-06-01-L0.1-H60,0.0015186365583120722,0.008840771084056011,,0.5636045655375552,0.6143549812479292,97,80,97,0,0,32,65,0.014491306904434802
595,2026-06-23,V5,V5-2026-06-01-L0.1-H60,0.0015186365583120722,0.008840771084056011,,0.2670024195245108,0.3561317538440728,97,66,97,0,0,40,57,0.008939866720803045
596,2026-06-24,V5,V5-2026-06-01-L0.1-H60,0.0015186365583120722,0.008840771084056011,,-0.3054649694929518,-0.2880335771717558,97,36,97,0,0,56,41,0.0055765670003460974
597,2026-06-25,V5,V5-2026-06-01-L0.1-H60,0.0015186365583120722,0.008840771084056011,,-0.4248369450873132,-0.45550905186974605,97,32,97,0,0,54,43,0.005561625271673644
598,2026-06-26,V5,V5-2026-06-01-L0.1-H60,0.0015186365583120722,0.008840771084056011,,-0.4287555228276877,-0.5461579596528023,97,30,97,0,0,55,42,0.005180287132458142
599,2026-06-29,V5,V5-2026-06-01-L0.1-H60,0.0015186365583120722,0.008840771084056011,,-0.6272880286135072,-0.643687964582009,97,22,97,0,0,57,40,0.007180751977948395
600,2026-06-30,V5,V5-2026-06-01-L0.1-H60,0.0015186365583120722,0.008840771084056011,,-0.6610430254576057,-0.675518396091137,97,23,97,0,0,55,42,0.006845112723195921
601,2026-07-01,V5,V5-2026-07-01-L0.1-H60,0.0028572734113388345,0.01577109665591004,,0.14039816957710918,0.18321107973505907,97,59,97,0,0,43,54,0.00422760985968944
602,2026-07-02,V5,V5-2026-07-01-L0.1-H60,0.0028572734113388345,0.01577109665591004,,-0.18920944666526404,-0.13994327552603103,97,43,97,0,0,50,47,0.005652442779052631
603,2026-07-03,V5,V5-2026-07-01-L0.1-H60,0.0028572734113388345,0.01577109665591004,,-0.36776772564695975,-0.3542408333955937,97,32,97,0,0,53,44,0.009126317947369593
604,2026-07-06,V5,V5-2026-07-01-L0.1-H60,0.0028572734113388345,0.01577109665591004,,-0.44858510414475056,-0.27085285900252903,97,37,97,0,0,45,52,0.0061678950165588815
605,2026-07-07,V5,V5-2026-07-01-L0.1-H60,0.0028572734113388345,0.01577109665591004,,-0.5968467283820744,-0.5134406924182552,97,27,97,0,0,57,40,0.007576527408497702
606,2026-07-08,V5,V5-2026-07-01-L0.1-H60,0.0028572734113388345,0.01577109665591004,,-0.6873685041026719,-0.7254128412419516,97,20,97,0,0,59,38,0.01555569552023938
607,2026-07-09,V5,V5-2026-07-01-L0.1-H60,0.0028572734113388345,0.01577109665591004,,-0.8167078687144961,-0.7903890756988182,97,17,97,0,0,57,40,0.017170987482705576
608,2026-07-10,V5,V5-2026-07-01-L0.1-H60,0.0028572734113388345,0.01577109665591004,,-0.7819535030507048,-0.7586870649073778,97,22,97,0,0,59,38,0.018708075705173816
609,2026-07-13,V5,V5-2026-07-01-L0.1-H60,0.0028572734113388345,0.01577109665591004,,-0.6035530191458026,-0.636885344426917,97,22,97,0,0,61,36,0.012251308029227333
610,2026-07-14,V5,V5-2026-07-01-L0.1-H60,0.0028572734113388345,0.01577109665591004,,-0.42953134862192294,-0.5110995921359364,97,24,97,0,0,66,31,0.00801769349116424
611,2026-07-15,V5,V5-2026-07-01-L0.1-H60,0.0028572734113388345,0.01577109665591004,,-0.24522669892699347,-0.27098426381721297,97,40,97,0,0,63,34,0.0074201028025361005
612,2026-07-16,V5,V5-2026-07-01-L0.1-H60,0.0028572734113388345,0.01577109665591004,,0.05436040395539659,0.04785491362965932,97,51,97,0,0,44,53,0.004682700361421827
613,2026-07-17,V5,V5-2026-07-01-L0.1-H60,0.0028572734113388345,0.01577109665591004,,-0.453963286345466,-0.3749610905297131,97,26,97,0,0,34,63,0.005203535028191315
614,2026-07-20,V5,V5-2026-07-01-L0.1-H60,0.0028572734113388345,0.01577109665591004,,0.4989217336419103,0.47731337345989877,97,70,97,0,0,67,30,0.005511371741234907
615,2026-07-21,V5,V5-2026-07-01-L0.1-H60,0.0028572734113388345,0.01577109665591004,,0.3921339154218388,0.4160469007977874,97,69,97,0,0,64,33,0.005060884475978653
616,2026-07-22,V5,V5-2026-07-01-L0.1-H60,0.0028572734113388345,0.01577109665591004,,0.6517462655165158,0.6177241504939336,97,74,97,0,0,59,38,0.004587720979903093
617,2026-07-23,V5,V5-2026-07-01-L0.1-H60,0.0028572734113388345,0.01577109665591004,,0.5837497370082053,0.603843387503001,97,79,97,0,0,63,34,0.005040451459176439
618,2026-07-24,V5,V5-2026-07-01-L0.1-H60,0.0028572734113388345,0.01577109665591004,,0.6790448138018094,0.6496311028241258,97,79,97,0,0,63,34,0.00861882864217218
619,2026-07-27,V5,V5-2026-07-01-L0.1-H60,0.0028572734113388345,0.01577109665591004,,0.06047496318114875,0.20195651549728838,97,51,97,0,0,51,46,0.0030200590972209083
620,2026-07-28,V5,V5-2026-07-01-L0.1-H60,0.0028572734113388345,0.01577109665591004,,-0.5540316642120765,-0.38467140774539593,97,24,97,0,0,40,57,0.0041024575195164935
621,2026-07-29,V5,V5-2026-07-01-L0.1-H60,0.0028572734113388345,0.01577109665591004,,-0.738533557752998,-0.6394367996108643,97,21,97,0,0,41,56,0.0081391097494593
622,2026-07-30,V5,V5-2026-07-01-L0.1-H60,0.0028572734113388345,0.01577109665591004,,-0.8333683989059542,-0.8138268205851993,97,10,97,0,0,40,57,0.007900336222999065
623,2026-07-31,V5,V5-2026-07-01-L0.1-H60,0.0028572734113388345,0.01577109665591004,,-0.8122764569745422,-0.7930480248483363,97,12,97,0,0,38,59,0.01179165135609006
624,2026-08-03,V5,V5-2026-08-03-L0.1-H60,0.0014807090842395866,0.005668293086745481,,-0.7595203029665474,-0.7775880680816385,97,10,97,0,0,35,62,0.004407615264603821
625,2026-08-04,V5,V5-2026-08-03-L0.1-H60,0.0014807090842395866,0.005668293086745481,,-0.557621502209131,-0.6674457814473156,97,18,97,0,0,39,58,0.0023038338278585143
626,2026-08-05,V5,V5-2026-08-03-L0.1-H60,0.0014807090842395866,0.005668293086745481,,-0.43793393646118234,-0.49385927146915315,97,26,97,0,0,40,57,0.0014119667134374332
627,2026-08-06,V5,V5-2026-08-03-L0.1-H60,0.0014807090842395866,0.005668293086745481,,-0.19446928255838417,-0.20461078173105424,97,36,97,0,0,45,52,0.0012264713947559192
628,2026-08-07,V5,V5-2026-08-03-L0.1-H60,0.0014807090842395866,0.005668293086745481,,-0.673009152114454,-0.6729173666900944,97,15,97,0,0,39,58,0.0032593244152719805
629,2026-08-10,V5,V5-2026-08-03-L0.1-H60,0.0014807090842395866,0.005668293086745481,,-0.4933068588260046,-0.5625798465503367,97,19,97,0,0,35,62,0.003101902695139275
630,2026-08-11,V5,V5-2026-08-03-L0.1-H60,0.0014807090842395866,0.005668293086745481,,0.24099253103303175,0.1818582148076954,97,49,97,0,0,42,55,0.0016169814909632611
631,2026-08-12,V5,V5-2026-08-03-L0.1-H60,0.0014807090842395866,0.005668293086745481,,0.13893856511676836,0.11159162042637809,97,49,97,0,0,47,50,0.002015799458767662
632,2026-08-13,V5,V5-2026-08-03-L0.1-H60,0.0014807090842395866,0.005668293086745481,,0.24738323164317272,0.21794749804097305,97,58,97,0,0,45,52,0.0019095493251615144
633,2026-08-14,V5,V5-2026-08-03-L0.1-H60,0.0014807090842395866,0.005668293086745481,,-0.09363822848727119,-0.06613795445383847,97,47,97,0,0,55,42,0.0037894918807496775
634,2026-08-17,V5,V5-2026-08-03-L0.1-H60,0.0014807090842395866,0.005668293086745481,,-0.6681701030927835,-0.5943455729100738,97,23,97,0,0,53,44,0.003694985149168471
635,2026-08-18,V5,V5-2026-08-03-L0.1-H60,0.0014807090842395866,0.005668293086745481,,-0.20249053229539235,-0.1952778296834526,97,41,97,0,0,50,47,0.0015070913696008438
636,2026-08-19,V5,V5-2026-08-03-L0.1-H60,0.0014807090842395866,0.005668293086745481,,-0.12760361876709445,-0.15963548844052966,97,47,97,0,0,40,57,0.001471416823591971
637,2026-08-20,V5,V5-2026-08-03-L0.1-H60,0.0014807090842395866,0.005668293086745481,,-0.08958815484956868,-0.0977942699211855,97,47,97,0,0,53,44,0.001626127215701112
