net_return,nav,turnover,fee,stale_weight,cash_weight,date,version
0.0,1.0,0.0,0.0,0.0,1.0,2025-02-05,B0
-0.0009990009990009652,0.999000999000999,0.999000999000998,0.0009990009990009981,0.0,9.672072170952007e-16,2025-02-06,B0
0.006802992530144492,1.0057971953348097,0.3310946295861126,0.0003331243455099124,0.0,0.04726758360832704,2025-02-07,B0
0.0030764901510791365,1.0088915205002402,0.16005616789285076,0.00016150516048794256,0.0,2.114816494556646e-14,2025-02-10,B0
-0.012665759024097167,0.9961131436201291,0.12006551006548113,0.00011961319409083975,0.0,2.33832090224917e-14,2025-02-11,B0
0.028512778183637177,1.0245150967299754,0.2368119570019288,0.00024267489335105558,0.0,0.047326236427666805,2025-02-12,B0
-0.0269335016231248,0.9969213177092827,0.20778712612201525,0.00020719046708830052,0.0,0.04732531656104715,2025-02-13,B0
0.015766766781117214,1.012639543624729,0.4973201720928179,0.0005038566501794202,0.0,0.04743732574153365,2025-02-14,B0
0.0007261086728891364,1.0133748299798655,0.3422988352714014,0.00034699580025373335,0.0,7.046579752404679e-15,2025-02-17,B0
-0.02435991957412742,0.9886891006231109,0.42023407516954575,0.0004156555224446266,0.0,2.355690133925283e-14,2025-02-18,B0
0.03715251663998309,1.0254213888857808,0.3578070959975577,0.0003670343768355104,0.0,0.08939430814320201,2025-02-19,B0
-0.0005292843643717182,1.0248786493777513,0.1910308934756409,0.00019582089193468738,0.0,1.4209014597668922e-14,2025-02-20,B0
0.04276946666166248,1.0687121626045628,0.25151039339052833,0.0002688598374814077,0.0,0.16754806207710965,2025-02-21,B0
0.0015677108473959311,1.070387594254622,0.4297710636678295,0.0004602194039023936,0.0,0.0942071500298122,2025-02-24,B0
-0.0025295250108711143,1.0676800220636287,0.1681281129455218,0.00017953721259194756,0.0,0.04734984373361448,2025-02-25,B0
0.022947196303515938,1.092180285119265,0.22100619093086193,0.0002414319625824108,0.0,0.08904055395647532,2025-02-26,B0
0.002686309551510613,1.0951142194511525,0.20161711736770363,0.0002208382968949485,0.0,1.981977218084929e-15,2025-02-27,B0
-0.0502379218421839,1.0400979568861013,0.11567016184046557,0.00012032221669323081,0.0,6.825869254781199e-15,2025-02-28,B0
-0.016196711454736556,1.0232517903937561,0.14326162761410433,0.00014661372107116705,0.0,0.04771295743145472,2025-03-03,B0
0.027252634020892064,1.0511380969485797,0.24829543833536932,0.00026105761394753943,0.0,0.12623824174787707,2025-03-04,B0
0.012018261012030518,1.0637709489573968,0.5144219496046436,0.0005475087760274355,0.0,0.0469374317408228,2025-03-05,B0
0.01594985199995036,1.080737938155114,0.4059545286147441,0.00043890863718874475,0.0,0.047459388416763185,2025-03-06,B0
0.014003031674102662,1.0958715457345045,0.4002243655908898,0.0004387701006458711,0.0,0.08935764306221619,2025-03-07,B0
0.002582655977823922,1.0987018049330228,0.40616234442399457,0.000446432625036083,0.0,0.047521547063295325,2025-03-10,B0
-0.004438906771390361,1.0938247700513668,0.1405902358513067,0.00015380270556017222,0.0,2.1443582209454504e-14,2025-03-11,B0
-0.013029413226032016,1.079572875125498,0.21319617716748826,0.00023020988981892594,0.0,1.737614218591302e-14,2025-03-12,B0
-0.029293015298469394,1.0479489303786342,0.2169239680794237,0.00022737456331483564,0.0,3.1310191217635797e-15,2025-03-13,B0
0.022613749121753512,1.0716469845826266,0.14206755564424178,0.00015226789994152398,0.0,0.04731521798691342,2025-03-14,B0
0.0012711189080880647,1.0730091753275253,0.14833820820344162,0.0001591918726910932,0.0,1.6137145332893402e-14,2025-03-17,B0
-0.002259003449310071,1.070585243899319,0.1126953555255399,0.0001206635829070053,0.0,1.4274010505183115e-14,2025-03-18,B0
-0.010072153403978601,1.0598021450907293,0.3147757570163718,0.0003337050647728931,0.0,1.6583410533595328e-14,2025-03-19,B0
-0.005202452319072126,1.0542885749632445,0.4130313173261979,0.0004356341294974074,0.0,2.413720573784798e-14,2025-03-20,B0
-0.028809724077591525,1.0239148120203962,0.31309914080542106,0.0003206872548054771,0.0,5.3316689189473956e-15,2025-03-21,B0
0.0008151912543727935,1.024749498420378,1.0109108511368345,0.001036978680650856,0.0,2.701074538250831e-14,2025-03-24,B0
-0.007005741003598631,1.0175703688408773,0.4168889689261275,0.0004243907857129302,0.0,1.5443991237434513e-14,2025-03-25,B0
-0.002388934539276355,1.0151394598406092,0.8062115784166315,0.0008190775360242678,0.0,1.9153031015300468e-14,2025-03-26,B0
-0.0035071094109410117,1.0115792546875846,0.3071927040675364,0.00031084525602084577,0.0,2.9923886254525576e-15,2025-03-27,B0
-0.00914605579999983,1.0023272943780897,0.30707082814117487,0.00030788001332384264,0.0,1.3112182825495027e-15,2025-03-28,B0
-0.009933824167583372,0.9923703512773682,0.603508492695622,0.0005992655967722618,0.0,6.37331956265432e-15,2025-03-31,B0
-0.0024051088782243157,0.9899835925350244,0.5096754267035518,0.0005048276081814154,0.0,9.49623519875579e-15,2025-04-01,B0
-0.006168780498775339,0.9838766010552868,0.555751683593357,0.0005470951265222358,0.0,0.050000000000012354,2025-04-02,B0
-0.011977724122412159,0.9720919985573501,0.26548436466380304,0.00025814375976381746,0.0,2.538945563928658e-14,2025-04-03,B0
-0.08433455007501667,0.8901110572274922,0.38443592679741284,0.00034232227021709023,0.0,0.17929295572657689,2025-04-07,B0
0.019148982679649595,0.907155778445306,0.8103207185235654,0.0007356832615917435,0.0,4.825126086128309e-15,2025-04-08,B0
0.027834185679975976,0.9324057208232158,0.28417160986489765,0.0002650385511653345,0.0,1.2736622921637305e-14,2025-04-09,B0
0.0024521098619862958,0.9346920820866189,0.05879051103749976,5.495425595736841e-05,0.0,0.04706889903326841,2025-04-10,B0
-0.0034660716117391743,0.9314523723951811,0.16788728583818704,0.00015640526914509475,0.0,2.352658596373165e-15,2025-04-11,B0
-0.0010161579026292111,0.930505869706049,0.3052249633619038,0.0002841003345032551,0.0,7.70938035728514e-15,2025-04-14,B0
-0.00876066451645141,0.9223540199509654,0.1097641796695186,0.00010125254626748101,0.0,1.3712038538073844e-14,2025-04-15,B0
0.016026826182618192,0.9371364275075587,0.1065545490769257,9.986679071748164e-05,0.0,1.4586556966949908e-14,2025-04-16,B0
-0.0013216924999999158,0.9358978213198452,0.1053206225373151,9.857972365058743e-05,0.0,3.387922464615127e-16,2025-04-17,B0
-0.006666292829282883,0.9296588523846393,0.005328321230646183,4.953547394510989e-06,0.0,6.309865684719068e-15,2025-04-18,B0
-0.003840972547254684,0.9260880582543176,0.0037368866229203104,3.460699008776637e-06,0.0,1.7294837186621968e-14,2025-04-21,B0
-0.0006635384846059855,0.9254735631875318,0.7031106414247463,0.0006511681538927899,0.0,1.401103354895576e-14,2025-04-22,B0
-0.005995481901809652,0.9199249031888377,0.30436460384481223,0.00028007782450214814,0.0,1.843759693585868e-14,2025-04-23,B0
-0.0015362834933012603,0.9185116377449919,0.9023060516063721,0.0008295270965273542,0.0,7.658017759800081e-15,2025-04-24,B0
-0.0031055066999998715,0.915659193699947,0.4090100454987343,0.00037466705106415233,0.0,2.9053461035847363e-15,2025-04-25,B0
-0.0019558061275489758,0.913868341838162,0.4076875336166663,0.00037272468554211955,0.0,7.222372483288036e-15,2025-04-28,B0
0.0022848616207571393,0.915956404538853,0.353056715529336,0.00032349877316887986,0.0,0.0500000000000098,2025-04-29,B0
-0.00538150764694123,0.9110271781435624,0.4603240292831942,0.0004195608353638071,0.0,7.507965316255433e-15,2025-04-30,B0
0.017896330168881702,0.9273312213164441,0.50997822511791,0.0004731600316565249,0.0,6.599637834310698e-15,2025-05-06,B0
0.001913445366390043,0.9291056189449809,0.5114138923656422,0.0004754006474990124,0.0,1.7268070272067416e-14,2025-05-07,B0
-0.006129120313905667,0.9234110188221413,0.7075088678931243,0.0006537840425346699,0.0,2.538886110202805e-14,2025-05-08,B0
-0.013418128148740216,0.911020571437627,0.7094507302931374,0.0006467830704401609,0.0,1.8802925818846366e-14,2025-05-09,B0
0.020324221261494912,0.929536355105299,0.5126414208513199,0.0004767632464021829,0.0,1.7600712734614535e-14,2025-05-12,B0
-0.0012046606518044678,0.9284165792338819,0.3084871951505497,0.00028649300588294335,0.0,5.2192938902455674e-15,2025-05-13,B0
-0.002475646626686423,0.9261181478613417,0.3135748106082884,0.0002904984158022362,0.0,2.4894016286823992e-14,2025-05-14,B0
-0.020778858849999415,0.906874469588508,0.7049703292219085,0.0006397706126882075,0.0,1.908555600800202e-15,2025-05-15,B0
-0.002501903424143803,0.9046055572477759,0.5572877388975358,0.0005044066852538684,0.0,0.05000000000000217,2025-05-16,B0
0.0025010650032499804,0.9068680345487539,0.11139395220122383,0.00010103086872110287,0.0,0.05000000000000836,2025-05-19,B0
0.00287662502499475,0.9094767538313047,0.4568015646270415,0.000415640269267386,0.0,1.1530448050097225e-14,2025-05-20,B0
-0.005871316786642655,0.9041369276994736,0.31843558486413104,0.0002880010811619618,0.0,2.3254413292230016e-14,2025-05-21,B0
-0.007591868389483003,0.8972728391383077,0.5107368322554683,0.000458504462647197,0.0,1.2837061970039236e-14,2025-05-22,B0
-0.013064955145514423,0.8855500097416773,0.4126280051207628,0.00036555357159539256,0.0,1.6056549776817425e-14,2025-05-23,B0
-0.0014024452109577812,0.8843080743714514,0.3202919269687474,0.0002833274846804861,0.0,1.3720494286545337e-14,2025-05-26,B0
-0.009266142535746313,0.8761139497088142,0.6068506233146568,0.0005319931368421516,0.0,2.737811305362182e-14,2025-05-27,B0
-0.007082200059987942,0.8699091354416302,0.41124458296130223,0.00035789260101236846,0.0,1.6218554427851413e-14,2025-05-28,B0
0.005960193622550847,0.8750939623228882,0.40929828782913635,0.0003583211206895641,0.0,1.9664820056840522e-14,2025-05-29,B0
-0.00269709261295481,0.8727337528614657,0.5092573518351148,0.00044467253259573505,0.0,1.641769183729118e-15,2025-05-30,B0
0.00647394218468933,0.8783837807201177,0.4113742080595533,0.00036149314112074227,0.0,2.493371605430783e-14,2025-06-03,B0
-0.004996519892043083,0.8739949186869016,0.30816512484567915,0.00026941777839495297,0.0,1.8038797633592e-14,2025-06-04,B0
-0.0036686376862313796,0.8707885479906321,0.4053108844101602,0.00035308318497829626,0.0,7.383827656604881e-15,2025-06-05,B0
-0.00035106592363043365,0.8704828438047449,0.9055134089642327,0.0007889482905946272,0.0,1.6566885883277627e-14,2025-06-06,B0
0.007381498250874419,0.8769083113937058,0.40960913266272003,0.0003593368405062798,0.0,1.150270851644555e-14,2025-06-09,B0
-0.003286372355588707,0.8740264641607556,0.7088006359492599,0.0006199499345414863,0.0,0.047239605816889574,2025-06-10,B0
0.010381191667411693,0.8830999004075984,0.8204441730718472,0.0007251290954708468,0.0,1.508368358414668e-14,2025-06-11,B0
-0.006866374025194633,0.8770362061897877,0.6083836016316494,0.0005338992614386835,0.0,1.2497232092532207e-14,2025-06-12,B0
-0.00436292350764933,0.8732097643087428,0.408740402935161,0.00035706205659935975,0.0,1.1056453901648448e-14,2025-06-13,B0
-5.2117297216214276e-05,0.8731642549759242,0.561780817088575,0.0004908026521278532,0.0,0.05000000000000486,2025-06-16,B0
0.0014876933613279242,0.8744632556414007,0.36183716754487016,0.00031652783908009196,0.0,1.5237679117763237e-14,2025-06-17,B0
0.007460011346595907,0.8809867614506668,0.41308505096282094,0.00036407285430499405,0.0,1.671431677516354e-14,2025-06-18,B0
-0.01220491197640694,0.8702343955747815,0.4093929565822813,0.00035641374540095063,0.0,1.6727723637333179e-15,2025-06-19,B0
-0.0036206490552833648,0.8670835822325687,0.4140272339485529,0.00035914491292883966,0.0,2.4114858436213976e-14,2025-06-20,B0
0.0023231002749315444,0.8690979043408418,0.16633557443871616,0.00014458594894889247,0.0,0.05000000000000921,2025-06-23,B0
0.0011392719543905638,0.8700880432088769,0.2651555550853359,0.0002307698679826054,0.0,1.2683258779128479e-14,2025-06-24,B0
0.008168892680242124,0.8771956990562121,0.3345614397826248,0.00029357407461245755,0.0,0.04776267645594805,2025-06-25,B0
-0.00589552047076547,0.8720241738555587,0.23969526442681127,0.00020907017807049618,0.0,1.3350361167196201e-14,2025-06-26,B0
0.00998028296511011,0.8807272218630536,0.41040093766257035,0.00036159967852467285,0.0,1.928483318292381e-14,2025-06-27,B0
0.007432289734106368,0.8872730417526544,0.41500226982426425,0.0003683732019962017,0.0,2.2430274303338772e-14,2025-06-30,B0
-0.0023217771722828795,0.8852129914587311,0.31305621178190823,0.00027720820747750884,0.0,2.6650993399383972e-14,2025-07-01,B0
-0.013493721205758424,0.8732681741442716,0.2126966359665313,0.00018578071787084016,0.0,3.2447170887211572e-15,2025-07-02,B0
0.016430085112823622,0.8876160445717821,0.23789865273322683,0.0002112129084143744,0.0,0.047293987515438875,2025-07-03,B0
-0.007512054198068774,0.8809482247378835,0.7206627845895331,0.0006353244554099625,0.0,1.230758707611087e-14,2025-07-04,B0
0.0005238804358691507,0.8814097362778373,0.2095658266403353,0.00018475207771379452,0.0,1.0764560846309297e-14,2025-07-07,B0
0.02469963346259685,0.9031802336942639,0.23676116929026375,0.0002138886487358802,0.0,0.04731608423563775,2025-07-08,B0
-0.008293241311763455,0.8956899420682225,0.5302073820062664,0.0004751533490866074,0.0,6.497962764646913e-15,2025-07-09,B0
-0.002731970755848967,0.8932429433401841,0.40977271934176307,0.00036617663912252033,0.0,2.337592336444923e-14,2025-07-10,B0
0.011093386772645486,0.9031520327925929,0.21799684376370793,0.00019692722210043115,0.0,2.3329531689576433e-14,2025-07-11,B0
-0.009117906390638697,0.894917177101075,0.5081839378985022,0.00045501376583955805,0.0,1.216278484630427e-14,2025-07-14,B0
0.002601736029191448,0.8972455153638811,0.2145097290784003,0.0001925091875111739,0.0,1.1948094537707982e-14,2025-07-15,B0
-0.004696223482954953,0.8930318499046532,0.5080021899316869,0.0004538927139229762,0.0,1.4496103762790014e-14,2025-07-16,B0
0.015276123925214824,0.9066739151129606,0.11239626811961594,0.00010191821968764451,0.0,2.1942661504811495e-15,2025-07-17,B0
0.0036924297780889237,0.9100217448761402,0.31207014692019946,0.00028407927228431214,0.0,2.6520321569095045e-14,2025-07-18,B0
-6.507717684722802e-05,0.9099625232301141,0.20814739095529997,0.00018944575771764628,0.0,8.878968741251586e-15,2025-07-21,B0
-0.001885329217695464,0.9082469442980604,0.6545853723108369,0.0005949145865696687,0.0,0.15000000000001715,2025-07-22,B0
-0.009509226709316199,0.8996102181966865,0.5623609079279476,0.0005061902807121933,0.0,0.10000000000000647,2025-07-23,B0
0.020241825851803563,0.9178199715679269,0.2332962640384468,0.0002141739364058887,0.0,0.14191428464216901,2025-07-24,B0
-0.012002994679675472,0.9068033833322973,0.4004094945624453,0.00036323812838299217,0.0,0.04783667679349832,2025-07-25,B0
0.006588161923576141,0.912777550854537,0.2712478056629724,0.00024765608389703154,0.0,0.044773332499735335,2025-07-28,B0
0.0230682158124611,0.9338337003864192,0.41469961293685575,0.0003874211374934018,0.0,0.08912808604902162,2025-07-29,B0
-0.003943206499228635,0.9301514012698567,0.4203426381353785,0.00039114670951486606,0.0,0.046906755507843866,2025-07-30,B0
0.003922398504334623,0.9337998257350023,0.2017759225160709,0.00018845634723634394,0.0,0.0463028372551279,2025-07-31,B0
-0.01909933950222331,0.9159648658361725,0.29589528098042905,0.00027110990148527186,0.0,0.04665921297548382,2025-08-01,B0
0.020179893717515274,0.9344489394777246,0.3900487534339395,0.00036462286468479706,0.0,0.08710940199701048,2025-08-04,B0
0.001515395030415423,0.9358649987567861,0.18726429387846588,0.0001752869231396488,0.0,0.08753942470421282,2025-08-05,B0
0.005289628832652493,0.9408153772376803,0.31492395793995775,0.0002963786390245152,0.0,4.276236442110772e-15,2025-08-06,B0
0.013502793896948528,0.9535190133716005,0.4484469053698263,0.0004277944938746966,0.0,0.08963989042435679,2025-08-07,B0
-0.005970649300935937,0.9478258857409843,0.24486050001867868,0.00023214196271024895,0.0,0.04754259813933007,2025-08-08,B0
0.011739664573772624,0.9589530437139223,0.3109969694047689,0.0002983242683398623,0.0,0.08944339128812218,2025-08-11,B0
0.02172936424634675,0.979790483695925,0.32604381438381436,0.00031955881677672374,0.0,0.047373764685116566,2025-08-12,B0
0.008459142449144919,0.9880786709678255,0.3137793112549913,0.00031013595908967005,0.0469763847547238,0.0901350766424831,2025-08-13,B0
-0.005467010370510561,0.9826768346267641,0.24779423296386363,0.00024356200574809,0.04723461689513661,0.04513802591317865,2025-08-14,B0
0.01506149157734682,0.997477413494749,0.31807541273204065,0.00031737398885072475,0.04653374922314976,1.0971830962226386e-14,2025-08-15,B0
0.018426881705493336,1.0158578117971182,0.30146164982961154,0.00030633452004647134,0.045691791977468935,2.4041866218425556e-14,2025-08-18,B0
-0.0008051402430562238,1.0150399037916173,0.3785920612090513,0.0003844315921347658,0.0,0.12611890399845752,2025-08-19,B0
0.012846323740822507,1.0280794350055777,0.3536220137779004,0.0003636801254286436,0.0,0.04691195133952772,2025-08-20,B0
-0.014915374683381666,1.0127452450281902,0.41790216180607626,0.00042340536927524554,0.0,0.04791349756318272,2025-08-21,B0
0.04396447773861856,1.0572700608081238,0.40574352617265447,0.000429154609293513,0.0,0.08944375575798039,2025-08-22,B0
0.017345129302636764,1.0756085467206473,0.580229866816136,0.0006244625356238955,0.0,0.04698462143446984,2025-08-25,B0
-0.013084781513429844,1.0615344438928298,0.22019202203200247,0.00023379289498766352,0.0,0.04738127735668183,2025-08-26,B0
-0.0037355092049375926,1.0575690722063098,0.4264410551709875,0.00045118327413936054,0.0,2.5861633242376244e-14,2025-08-27,B0
0.04507588624312042,1.1052399353993239,0.44471122948320835,0.0004917312889714691,0.0,0.08889283529283142,2025-08-28,B0
-0.0009343208418488569,1.1042072866924366,0.21201281256987786,0.00023415573652809762,0.10024330470244992,0.12762353418687875,2025-08-29,B0
0.008401327829094196,1.1134840940992143,0.39713252069456845,0.00044237642710852256,0.14159489761097915,0.12079690782628227,2025-09-01,B0
-0.021546677579054374,1.0894922113342531,0.28523346252963894,0.0003108483001749225,0.14471298156629167,9.368339998858207e-15,2025-09-02,B0
-0.0006200459871767983,1.0888166760605549,0.4262022033065057,0.0004642539323827496,0.08825933390072714,0.08519150902950842,2025-09-03,B0
-0.03894156625465839,1.0464164493305659,0.3065245945155212,0.0003208507264642526,0.09183555421991524,0.15798215392822015,2025-09-04,B0
0.037164551118354705,1.0853060469527989,0.25561493180676287,0.0002774913621169116,0.08854482552541033,0.12988854102381786,2025-09-05,B0
0.007338790448148114,1.0932708806034934,0.21002360710081758,0.00022966092809916246,0.08789974769661976,0.09070327132269684,2025-09-08,B0
-0.019374726432918377,1.072089056374725,0.2894647862043822,0.00031042188570034506,0.04582077904457356,1.610917781807819e-14,2025-09-09,B0
0.008209666171760777,1.0808905496339596,0.1492025865281546,0.00016129573149956114,0.04544766885498936,0.047474591357462306,2025-09-10,B0
0.04560197876064942,1.130181297520954,0.19061022122359972,0.00021546517700829954,0.04346555360277572,0.1572399930064437,2025-09-11,B0
0.02511289005917061,1.1585634161925285,0.24475776889068915,0.0002836368191806961,0.0,0.09350442394326273,2025-09-12,B0
0.007056656637840497,1.1667390004137626,0.4935358554454065,0.0005761118625116217,0.0,2.3777216873868298e-14,2025-09-15,B0
0.016721600467380027,1.1862487438283917,0.24699678192353014,0.00029307201012981676,0.0,0.04936214932036244,2025-09-16,B0
0.011850226883473036,1.200306060582993,0.1624135165246651,0.0001949775952020319,0.0,9.903196983530876e-15,2025-09-17,B0
-0.013708890566632936,1.1838511961519944,0.12356950550463437,0.0001463059858578967,0.0,1.431155037840817e-14,2025-09-18,B0
0.025728398054377655,1.214309790963744,0.3931697997576692,0.0004776177222211987,0.0,0.13097703953571588,2025-09-19,B0
0.03438010267493108,1.2560578862562515,0.12299448592864408,0.0001545071975500419,0.0,0.16517821039462804,2025-09-22,B0
0.014206165409988092,1.2739016523529278,0.2511502757076666,0.0003200211246065671,0.0,0.09841048358319797,2025-09-23,B0
0.03762453285827516,1.3218316069300917,0.1816928874306482,0.00024021104599876228,0.0,0.04988607752822563,2025-09-24,B0
-0.0022533395545563106,1.3188530714857334,0.1517940754810022,0.0002002244755706149,0.0,1.08973429821846e-14,2025-09-25,B0
-0.022781720524017057,1.288807329398904,0.12540418245145427,0.00016164210007612144,0.0,4.099574087986379e-15,2025-09-26,B0
0.04659881153623502,1.348864219248082,0.2270791795841745,0.0003063685501963315,0.0,2.5311756539732195e-14,2025-09-29,B0
0.05097164276052335,1.4176180443640476,0.2854581466082617,0.0004047861690521798,0.0,0.20375294040936576,2025-09-30,B0
0.02096482477753958,1.4473381582656182,0.2322502156461094,0.0003362226871616311,0.0,0.10064142109591613,2025-10-09,B0
-0.04909397801982873,1.3762825705364665,0.3778453581784848,0.0005202185429808607,0.0,0.09526706055342522,2025-10-10,B0
0.006803659660030714,1.3856463287424288,0.24243064029758057,0.0003360045845095844,0.0,0.049871853751904796,2025-10-13,B0
-0.04308002419109824,1.3259526513798985,0.2292548694202369,0.00030405080707758927,0.0,0.05016246749893991,2025-10-14,B0
0.007818830956954903,1.336320051017964,0.35572584843671623,0.0004755327432199026,0.0,2.7811563107120138e-14,2025-10-15,B0
0.03058346953455615,1.3771893545866885,0.2794303401337052,0.000384936052592782,0.0,0.09307631160995508,2025-10-16,B0
-0.0515478481045456,1.3061982069252567,0.17905463784496625,0.00023392273184478035,0.0,0.1439477941007771,2025-10-17,B0
-0.001054051254231747,1.304821407066972,0.242738232264959,0.0003168069429302094,0.0,2.3334559507202476e-14,2025-10-20,B0
0.03625017779531614,1.3521214150642842,0.3303141070130866,0.00044677235300104973,0.0,1.9054826022879286e-14,2025-10-21,B0
-0.0075136329000684565,1.34196207111517,0.32576469045905615,0.0004373063176618362,0.0,1.3632571420180878e-14,2025-10-22,B0
0.006453785710527127,1.3506228067538026,0.22748353855958708,0.0003073143642986773,0.0,6.720077597800862e-15,2025-10-23,B0
0.05509476547767522,1.4250350535407028,0.36583254239115365,0.0005215149837857224,0.0,0.2031113657744237,2025-10-24,B0
0.03586270676303016,1.4761406677928721,0.287317009934346,0.00042424221491741483,0.0,0.13124876327435084,2025-10-27,B0
-0.021523212702923455,1.4443693782205307,0.5203455139888798,0.0007519624067650093,0.0,1.919012474062567e-15,2025-10-28,B0
0.02358381410419863,1.4784331171342806,0.34677912370405384,0.0005128675925892129,0.0,0.049507503108607985,2025-10-29,B0
0.006143028010600959,1.4875151731846366,0.32694459784721475,0.00048649410670855385,0.0,0.04979137255994845,2025-10-30,B0
-0.030801646907058444,1.4416972560513115,0.23085469333570643,0.00033289942932432327,0.0,0.05020697768380642,2025-10-31,B0
0.021607554697130604,1.4728488083681432,0.5136981307509225,0.000756988543337151,0.0,0.049680272475038895,2025-11-03,B0
-0.03071304890218729,1.4276131308912041,0.37812766458198804,0.0005400242172065409,0.0,1.2066232905768712e-14,2025-11-04,B0
0.0070072652187258555,1.4376167947290943,0.387966518196197,0.0005579636535673782,0.0,2.2036589135397365e-14,2025-11-05,B0
0.025687113155677066,1.4745450200098025,0.5138379330247086,0.0007580666886541073,0.0,0.04668981782602603,2025-11-06,B0
0.012277410576832848,1.492648614634487,0.535363649185993,0.0007995378527856656,0.0,5.782271681136154e-15,2025-11-07,B0
0.017089015778417815,1.5181565103616093,0.6585003023961554,0.0010003652619853356,0.0,0.09403932522321508,2025-11-10,B0
-0.016794176770981495,1.49266032156058,0.5310445939663783,0.0007930903607414606,0.0,0.04726658423347588,2025-11-11,B0
0.004866661288921437,1.499924593765028,0.2031854579210803,0.00030482480139809543,0.0,0.04699514223140128,2025-11-12,B0
0.021860561421431557,1.5327137874745442,0.13359647751223266,0.0002047925226006722,0.0,0.08973524670633783,2025-11-13,B0
-0.038699326309060034,1.4733987964746715,0.2785447460522467,0.0004105218423000357,0.0,0.20649526327884818,2025-11-14,B0
0.006439042253405747,1.482886073581289,0.32342655189858566,0.00047975989672596606,0.0,0.04774565736204707,2025-11-17,B0
-0.029247737257791062,1.439515011317946,0.14792875928707447,0.0002129771750486441,0.0,1.7508176148410058e-14,2025-11-18,B0
-0.0020227324837579497,1.436603257543696,0.517361708094755,0.0007436282399537059,0.0,2.5087382161806023e-14,2025-11-19,B0
-0.021405005290409118,1.4058527572157542,0.4294674720503265,0.0006040274398540746,0.0,0.04769137129027549,2025-11-20,B0
-0.05103212081199382,1.3341091094656452,0.2223610110814308,0.00029671982939500025,0.0,0.1946029284425425,2025-11-21,B0
-0.003035195989433248,1.3300598268471286,0.9581820451243385,0.0012756617612213591,0.0,0.04785311037826878,2025-11-24,B0
-0.0026954770508869075,1.3264746811075556,0.43816615738632886,0.0005814710948464137,0.0,2.2594419887188474e-14,2025-11-25,B0
-0.0011950633785201559,1.3248894597936298,0.4291922256035829,0.0005688764132614577,0.0,0.04724670964354825,2025-11-26,B0
-0.00745508292866659,1.315012298999552,0.1446600873827172,0.00019025731672268537,0.0,3.4114741265618474e-15,2025-11-27,B0
0.008761752666199829,1.3265341115163969,0.5202657042447492,0.0006905094521191553,0.0,0.047274180456667474,2025-11-28,B0
-0.0021130617999427503,1.3237310629590306,0.43631526089890094,0.0005778161741097072,0.0,1.3901902606179543e-14,2025-12-01,B0
-0.003120357810547314,1.3196005483976623,0.661585575697804,0.0008736066540639677,0.0,0.05000000000000125,2025-12-02,B0
-0.003052512250000028,1.3155724515585716,0.3665471438481624,0.00048239614557348275,0.0,2.114827760793394e-14,2025-12-03,B0
0.0012460484903018543,1.3172117186257188,0.4082758132271619,0.0005380053401820463,0.0,1.5811909246748728e-14,2025-12-04,B0
-0.008342649920015988,1.3062226823866818,0.41065859866101706,0.0005366319488122455,0.0,6.641141758787619e-15,2025-12-05,B0
0.0009743733693208245,1.3074954309828022,0.5573724017363573,0.0007291682869055405,0.0,0.05000000000000664,2025-12-08,B0
-0.012091846546036122,1.2916853968717148,0.7549113932482769,0.0009758446988720992,0.0,2.4434317038918527e-14,2025-12-09,B0
0.0083134991003595,1.3024238222565554,0.511781967225921,0.0006668983324568876,0.0,2.1848721586191078e-14,2025-12-10,B0
-0.02137540054029685,1.2745839913825971,0.4295517324171965,0.0005477350421458791,0.0,0.04770073223049833,2025-12-11,B0
0.0074299198105798325,1.2840540482304186,0.32950801719181816,0.0004232455662068385,0.0,2.4497800364991673e-14,2025-12-12,B0
-0.01785502945589068,1.2611272253763088,0.40840770181674924,0.0005152645098087506,0.0,9.519899416348389e-15,2025-12-15,B0
-0.016211498700129723,1.2406824630014226,0.40901479456654655,0.0005076651252737663,0.0,3.591891013584883e-15,2025-12-16,B0
0.019029057565460583,1.264291481010334,0.6137786760395854,0.0007764717331349954,0.0,7.923827870579614e-16,2025-12-17,B0
-0.007920966716641442,1.254277070269118,0.41327071029253526,0.0005185702856440432,0.0,1.8601456395578195e-14,2025-12-18,B0
-0.0008022285499998949,1.2532708533937378,0.31363183756060203,0.000393188957286204,0.0,9.683821071655132e-15,2025-12-19,B0
0.0023044847652347045,1.2561589969820963,0.1969724196199501,0.0002474774232897998,0.0,2.429578553108538e-14,2025-12-22,B0
-0.0030810273057294557,1.2522887368120568,0.43280554602291815,0.0005422321916140554,0.0,1.7314924163087454e-14,2025-12-23,B0
0.023965975959885588,1.28230105857333,0.3474677040341062,0.0004457130756020163,0.0,0.049605841617919644,2025-12-24,B0
0.0014179863274343951,1.2841193439420417,0.4497330376928823,0.0005777707358993918,0.0,5.173966846878249e-15,2025-12-25,B0
-0.0012626701573434929,1.2824979247679786,0.2266418600584518,0.00029073360759612624,0.0,2.2508496213031695e-14,2025-12-26,B0
-0.0016874775561755984,1.280333738304091,0.4354967114774219,0.0005578240631701194,0.0,2.614490188998931e-14,2025-12-29,B0
0.002225430946493523,1.2831830326271525,0.4343606112023215,0.000557606368579445,0.0,2.079901061635416e-14,2025-12-30,B0
-0.0028058893858864398,1.2795825629757545,0.6476037950509578,0.0008291995166179461,0.0,2.2666794043985063e-14,2025-12-31,B0
0.024209542678971907,1.3105606716453844,0.4464448655296595,0.0005853544112926206,0.0,0.049577513700255205,2026-01-05,B0
0.025006146501025395,1.343332743799031,0.8115134219881878,0.0010910179274809138,0.0,0.04983122610742453,2026-01-06,B0
0.00035252814978514735,1.3438063064057482,0.4440497324412138,0.000596981920474347,0.0,2.409260516127025e-14,2026-01-07,B0
-0.010602887134964378,1.3295580798076747,0.6421294458028032,0.0008542969621844199,0.0,1.9122223880278905e-14,2026-01-08,B0
-0.006471095142872141,1.3209543829752648,0.4381078213261825,0.0005789740998780669,0.0,1.2433872753416997e-14,2026-01-09,B0
0.024409947171796675,1.3531988096800442,0.5361446247609748,0.000725899455133892,0.0,0.10526315789473685,2026-01-12,B0
-0.01809643664194438,1.3287107331567147,0.4462641665049091,0.0005932207210089226,0.0,2.185155230070013e-14,2026-01-13,B0
0.007586014617111392,1.3387903522003544,0.4467112596131986,0.0005983200008706587,0.0,0.04960710987160415,2026-01-14,B0
0.01202937944082505,1.3548951693386881,0.45437459385860335,0.000615909796052685,0.0,2.7907602655738555e-14,2026-01-15,B0
0.024031020003270065,1.3874546822554001,0.34755674370708933,0.0004823868882219185,0.0,0.1736649519068891,2026-01-16,B0
-0.005256002545249272,1.3801622169140477,0.5520989775739994,0.0007624070730100142,0.0,5.223826241754817e-15,2026-01-19,B0
0.014410226327701503,1.4000506668287214,0.23195549712159155,0.00032482479331608283,0.0,6.501066885332e-15,2026-01-20,B0
0.033718619421684526,1.4472584424345947,0.30637406078843316,0.0004435383346597346,0.0,0.13121206571382707,2026-01-21,B0
0.008662064546436143,1.4597946884783377,0.3293420063063049,0.00048093010198342346,0.0,1.7978934467324026e-14,2026-01-22,B0
-0.009949539331754575,1.445270403809036,0.23588379789919378,0.0003409963073458232,0.0,2.790563087563829e-14,2026-01-23,B0
-0.007156622349660413,1.4349271493358335,0.3429069901744614,0.0004922153339770624,0.0,2.3808323977165626e-14,2026-01-26,B0
0.027910666105861015,1.4749769218871809,0.37283744346856407,0.0005501317344409884,0.0,0.09315088164285391,2026-01-27,B0
0.02325716778936271,1.5092807076449488,0.4819070773105766,0.0007276837306022371,0.0,0.09281770428380988,2026-01-28,B0
-0.027569977068352847,1.4676698731454703,0.31490723648751606,0.00046232545345913003,0.0,2.7620574824149194e-14,2026-01-29,B0
0.020527301236579865,1.4977971747473802,0.2798737510394472,0.00041931146786620125,0.0,0.093224050060733,2026-01-30,B0
-0.06265230440297043,1.4039567302211982,0.37821046801810226,0.0005311920344020626,0.0,0.2728173461428671,2026-02-02,B0
0.03428666877584874,1.452093729605916,0.5195840804354654,0.0007548770072790642,0.0,0.04811409083755676,2026-02-03,B0
-0.015504493802719121,1.4295797513742738,0.21923385222649544,0.0003134810016063597,0.0,0.048341325263615766,2026-02-04,B0
-0.018277531817011083,1.4034505619835758,0.34018642907129815,0.0004775973071817635,0.0,2.801287749088946e-14,2026-02-05,B0
-0.020064916808318456,1.3752904432127875,0.2135571129306699,0.0002937657922681389,0.0,1.2595137946777015e-14,2026-02-06,B0
0.03459643651508304,1.422870591721199,0.4252636910778852,0.0006053526342571795,0.0,0.04722435251212457,2026-02-09,B0
0.0078667759434623,1.4340639958628114,0.34895055883642934,0.0005005921146616912,0.0,8.206152064721352e-15,2026-02-10,B0
0.004858378333416402,1.441031221309044,0.33005861287368204,0.0004757818018944948,0.0,0.04711963142032487,2026-02-11,B0
0.03962570664309406,1.4981331017481756,0.20958354168042367,0.00031404986105520544,0.0,0.08491383281456229,2026-02-12,B0
-0.004944119092650134,1.4907261532764913,0.31963597209981875,0.000476642055083775,0.0,0.12847898256399534,2026-02-13,B0
0.02437023525328952,1.5270555003300708,0.3053197554299096,0.00046638260771239895,0.0,0.09053133329675038,2026-02-24,B0
0.000856103671996733,1.528362818151246,0.329871274141242,0.000504329353940222,0.0,0.04747279555212777,2026-02-25,B0
0.011401485294909586,1.545788424347684,0.23910923726896496,0.00036970068997496766,0.0,1.5973830563319883e-15,2026-02-26,B0
-0.0025041093500000056,1.5419176011011533,0.4167295855570389,0.0006428305693867511,0.0,9.571161987449182e-15,2026-02-27,B0
0.010029518628039247,1.557382292404299,0.2675259086069021,0.00041675160467546447,0.0,0.08910996679094112,2026-03-02,B0
-0.027483928697343507,1.5145793085253538,0.2439196478388413,0.00036952578615912743,0.0,0.2608382401851556,2026-03-03,B0
-0.006712156196502228,1.5044132156345413,0.4055216245078198,0.0006103195889263224,0.0,0.128570668952847,2026-03-04,B0
0.004030125416077057,1.5104761895711523,0.3122658108304058,0.0004718174045208442,0.0,3.529759972462606e-15,2026-03-05,B0
0.00519631362271733,1.518325097571811,0.14486252889673545,0.00021998028022133544,0.0,0.04726705374587125,2026-03-06,B0
-0.022585936084988822,1.4840323039618197,0.36040732693042843,0.0005350489513116037,0.0,0.04511018145496857,2026-03-09,B0
0.02256619576199581,1.5175212674501477,0.41055780313715357,0.0006232860927472058,0.0,1.2652587061054519e-14,2026-03-10,B0
-0.0017829354059326619,1.514815625053155,0.4258635796215339,0.000645379648238982,0.0,0.047248278858954655,2026-03-11,B0
-0.01704142235812478,1.4890010121919375,0.6678425303571447,0.0009950827622764867,0.0,0.046916573528115624,2026-03-12,B0
0.0003949168611980802,1.489589043797993,0.22004622337118132,0.00032785058574606106,0.0,0.04742204218213446,2026-03-13,B0
0.01937965047908974,1.5184567588242797,0.5066069776737774,0.0007696506997311437,0.0,0.12758708906594518,2026-03-16,B0
-0.02397886605785171,1.4820458875897926,0.3122330207050994,0.0004628881932845691,0.0,2.758594586275429e-15,2026-03-17,B0
0.03497532646720347,1.533880926347622,0.3315149069784684,0.0005086730253048454,0.0,0.047327602958985526,2026-03-18,B0
-0.02347094883887213,1.4978792856003953,0.24650152034167885,0.0003693205592681583,0.0,2.351952871644091e-14,2026-03-19,B0
-0.01907667109866995,1.4693047351234858,0.32537427407900216,0.0004782295651892613,0.0,1.935700117874845e-14,2026-03-20,B0
-0.02927669323466109,1.4262883511250406,0.46489389413906157,0.0006633811475646911,0.0,0.05000000000002109,2026-03-23,B0
0.023965621116225133,1.4604702373505887,0.2825750127123526,0.00041280904540660874,0.0,0.04731457048627294,2026-03-24,B0
0.014816724014148352,1.48210962178829,0.3383089601986766,0.0005015806542772546,0.0,1.074282952486644e-14,2026-03-25,B0
-0.011099833766753164,1.4656584513623347,0.12025426683200564,0.00017627288006066445,0.0,1.4432847313242384e-14,2026-03-26,B0
0.002644759222233173,1.4695347650682193,0.2123838378540414,0.00031217173349595503,0.0,8.161610039984059e-15,2026-03-27,B0
-0.009320936093609178,1.4558373254356816,0.21630590496350108,0.0003149743409678715,0.0,2.1478873608244387e-14,2026-03-30,B0
-0.017341652656460704,1.4305907002136653,0.42962155239243804,0.0006148767617729028,0.0,0.04770848891065123,2026-03-31,B0
-0.0038057421504560374,1.4251462408858118,0.2965157130346765,0.0004227035920519448,0.0,0.047864515595116605,2026-04-01,B0
-0.010350203027709948,1.410395687948466,0.22339366874383948,0.0003151438682562111,0.0,1.829873499656162e-14,2026-04-02,B0
-0.01729540414999975,1.3860023245139803,0.4074377496649189,0.0005649398459498527,0.0,2.138706447481408e-14,2026-04-03,B0
-0.003324199370251968,1.3813949764596631,0.10669269132869605,0.00014740047437973689,0.0,3.565620661387625e-15,2026-04-07,B0
0.022392764917541053,1.4123282294257966,0.3129276200109764,0.0004420948551993874,0.0,1.8807380416925732e-14,2026-04-08,B0
-0.005037361119440087,1.4052138221149995,0.21509860453955948,0.00030232456180800005,0.0,2.771971840716705e-15,2026-04-09,B0
0.014731033767565238,1.425914074379225,0.7111762830969096,0.0010147979716821824,0.0,0.047289909928358485,2026-04-10,B0
0.0019436344893621893,1.4286855301530554,0.3429031456315228,0.0004900688085437481,0.0,1.903463037695518e-14,2026-04-13,B0
0.027399225921848958,1.4678304077649955,0.3310411779471898,0.0004860732174637058,0.0,0.047259950242372194,2026-04-14,B0
-0.011076000383956841,1.4515727176050068,0.4356717117758833,0.0006326848135218658,0.0,8.253192278978222e-15,2026-04-15,B0
0.02044010017003406,1.4812430093569418,0.21549763799023366,0.00031927317242049673,0.0,1.988551451407152e-14,2026-04-16,B0
-0.0050511702489253185,1.4737609987366493,0.4177064855685173,0.0006158567747192154,0.0,2.3796947377562742e-14,2026-04-17,B0
0.010062296472354237,1.4885904188353303,0.23656658429096475,0.00035223407760474044,0.0,0.047277187744170196,2026-04-20,B0
-9.149842502309546e-05,1.4884542151565023,0.4365261761280295,0.0006500329832964709,0.0,1.7078184506471443e-14,2026-04-21,B0
0.017485243899999725,1.5144802001424964,0.21298582492713622,0.00032263153070587886,0.0,3.3767128858458883e-15,2026-04-22,B0
-0.01658882740177925,1.4893567494989204,0.23400541445260065,0.00034859911751524493,0.0,2.781852087036928e-15,2026-04-23,B0
0.005885018542583165,1.4981216415862428,0.4251475646137501,0.0006371936687520017,0.0,2.7663799329134684e-14,2026-04-24,B0
0.022078820071970595,1.5311983997567506,0.4228608234597145,0.0006477577275674182,0.0,1.7113942420842298e-14,2026-04-27,B0
-0.004164798100474543,1.5248212675699941,0.36689203337728804,0.0005596501065612649,0.0,0.05000000000000643,2026-04-28,B0
0.00914705363927193,1.5387688894947595,0.17417257592835603,0.0002680580295992317,0.0,2.4420019823326565e-14,2026-04-29,B0
0.02622507665232332,1.5791232215719702,0.23724383549187333,0.00037472615126940377,0.0,0.04707665738418919,2026-04-30,B0
0.07045173668478899,1.6903751949709944,0.3694292124601284,0.0006247047612282311,0.0,0.19281475930707087,2026-05-06,B0
0.008323161910896548,1.7044444614089014,0.3732693536210586,0.0006364544513347528,0.0,2.364649155341827e-14,2026-05-07,B0
-0.022330669066186415,1.666383076199485,0.11706991482857779,0.00019510616586467747,0.0,7.615517566015625e-15,2026-05-08,B0
0.07427383767637319,1.7901517423077808,0.2344869928916918,0.00041986575193116285,0.0,0.15620496529846267,2026-05-11,B0
0.0022459018999367864,1.794172247507005,0.356949122431539,0.0006406568911537244,0.0,1.6676075339868066e-14,2026-05-12,B0
0.03796477811248922,1.8622875987791947,0.17889688201277362,0.0003332170563250632,0.0,0.08937498147090978,2026-05-13,B0
-0.014765304089875975,1.8347903560804149,0.3199874685020526,0.0005872978492261822,0.0,0.05000000000001255,2026-05-14,B0
-0.020412101663747628,1.7973384288004377,0.18484118577726738,0.00033228358611459534,0.0,0.04714647097546202,2026-05-15,B0
0.015621491993974557,1.8254155366764067,0.2642554065853026,0.0004825034289713538,0.0,1.9660099374487143e-14,2026-05-18,B0
0.03126507552382263,1.8824872912929538,0.1825233521817198,0.0003436606169340912,0.0,0.08932156475636126,2026-05-19,B0
0.015411184327268623,1.9114986499328102,0.2343031241649999,0.0004479750674742941,0.0,0.04758091559449265,2026-05-20,B0
-0.05103780497691357,1.813939954623906,0.11459085712080853,0.00020788475585839007,0.0,0.04788940399352089,2026-05-21,B0
0.023182772074152425,1.85599211114815,0.23953937544193776,0.0004446897118254275,0.0,1.4776494155668082e-14,2026-05-22,B0
0.058770691757141336,1.9650700514161241,0.25618270366788476,0.0005035459584336246,0.0,0.1828515012235468,2026-05-25,B0
-0.0130432246778035,1.9394392012278807,0.33953212043737313,0.0006587255629394387,0.0,0.04710519968571903,2026-05-26,B0
-0.003554001242420113,1.9325464318971186,0.2628509611597952,0.0005081052430615994,0.0,1.847385621804224e-14,2026-05-27,B0
0.008366658286685036,1.9487153875159544,0.3288314225106696,0.0006410096370560983,0.0,2.5211131763165915e-14,2026-05-28,B0
-0.04823740227136197,1.8547144194559544,0.36230389241509753,0.0006722137991632723,0.0,0.09051819222406544,2026-05-29,B0
-0.04612824575990693,1.769159696900847,0.24290516905492468,0.0004298424462129239,0.0,0.04792858655008827,2026-06-01,B0
0.0086469843915713,1.7844575931861457,0.12881639009565485,0.00022989699993464528,0.0,2.0374158870082477e-14,2026-06-02,B0
0.029222016708359444,1.8366030427895903,0.24020462935568,0.0004412665474342612,0.0,0.04732823195058631,2026-06-03,B0
0.03718859128429841,1.9049037226993912,0.23293678591443473,0.00044382553393541955,0.0,0.19884952597886105,2026-06-04,B0
-0.044378544789015706,1.8203668675228135,0.37854198729838257,0.0006893462381391392,0.0,1.8335643301537376e-14,2026-06-05,B0
-0.046007508449154244,1.7366163234846972,0.022440395423048074,3.897123152696216e-05,0.0,1.7517381962160143e-14,2026-06-08,B0
0.06265926208103956,1.845431420832136,0.4462166341545746,0.0008238298037289461,0.0,0.08919388329848643,2026-06-09,B0
-0.026875611935996746,1.7958343221113564,0.34403083454583955,0.0006180350036401128,0.0,0.04793771238413228,2026-06-10,B0
0.002662875409434662,1.8006164051671254,0.3226505640491424,0.0005811574095292981,0.0,2.3214275498881004e-14,2026-06-11,B0
-0.022327050549999505,1.7604139516678006,0.12456658209710895,0.00021931606848837366,0.0,1.8843899066789373e-14,2026-06-12,B0
0.045116646443042585,1.8398379255185962,0.40156757507396473,0.0007391160593232572,0.0,0.04459190749739246,2026-06-15,B0
-7.39048203497461e-05,1.839701952627238,0.4997854093744573,0.0009199159540924988,0.0,2.8345223744176828e-14,2026-06-16,B0
0.062224699399848316,1.9541768536147819,0.5088616445961228,0.000994911920077974,0.0,0.16953719862824396,2026-06-17,B0
0.011825687728395096,1.977286338851688,0.4137634463626151,0.0008184674619267743,0.0,1.2094862433491644e-14,2026-06-18,B0
0.045689432828989185,2.0676274302143303,0.5114267262999898,0.001057981007605783,0.0,0.19660643423645544,2026-06-22,B0
-0.01887521765627609,2.028600512436948,0.2730609237723826,0.0005540828282600929,0.0,0.04756813376011546,2026-06-23,B0
0.04758437962095319,2.125130209320008,0.4649387493412954,0.000988514980627448,0.0,0.1700324371363508,2026-06-24,B0
0.04840306669033079,2.227993028567361,0.24183339437703452,0.0005389334488520934,0.0,0.24229938942974893,2026-06-25,B0
0.007544762424792184,2.244802706651995,0.3240670831571288,0.0007277024898312256,0.0,1.3206163505686519e-14,2026-06-26,B0
0.03304826498048574,2.3189895413303416,0.23907494741692437,0.000554544880442081,0.0,0.15926199053169587,2026-06-29,B0
0.019161012997968907,2.3634237300739263,0.34249961442402055,0.0008097490550100213,0.0,2.3417779451200798e-14,2026-06-30,B0
-0.01554332242155787,2.3266882730186262,0.1345966638251975,0.0003132066358777944,0.0,0.04482672258112356,2026-07-01,B0
-0.08364786676243707,2.1320657623594395,0.2821573249009624,0.0006017477595583725,0.0,0.2757278230657953,2026-07-02,B0
-0.0007556840245473984,2.13045459432354,0.4366269961496994,0.0009306203239093983,0.0,0.04847398371943541,2026-07-03,B0
0.0007246231623125876,2.131998371068842,0.33107720633280685,0.0007060898348495091,0.0,0.04732810874862858,2026-07-06,B0
-0.028960822644383377,2.070253944366203,0.24293150671689642,0.0005030521172002682,0.0,1.597378556097414e-14,2026-07-07,B0
-0.02681230589912864,2.014745662320979,0.27248969673304024,0.0005491470714390101,0.0,0.09076380121278313,2026-07-08,B0
0.07872521724554371,2.173356952281715,0.20772891798028786,0.00045156289075311306,0.0,0.23866705449599893,2026-07-09,B0
-0.036655345290942165,2.093691802755359,0.3721446171207079,0.0007794462010131999,0.0,0.09520464613412384,2026-07-10,B0
-0.07235457353424579,1.9422036252548487,0.3757584466544401,0.0007300737486901352,0.0,0.25639367726707724,2026-07-13,B0
0.02262068030281572,1.9861375925447082,0.6156569012520461,0.0012235325919704274,0.0,8.309457276033533e-15,2026-07-14,B0
-0.06046389552276066,1.8660479766552576,0.38120827484595765,0.0007116242069968284,0.0,0.2285833778177914,2026-07-15,B0
-0.049233307264184845,1.7741762632508788,0.4953744266152202,0.0008793171403464502,0.0,0.08397807265862708,2026-07-16,B0
-0.07652725581679887,1.6384034224889865,0.7305082101869506,0.0011977421121732333,0.0,0.026491885523494355,2026-07-17,B0
-0.025252630652693786,1.5970294260007627,0.6613392537296279,0.0010568772031564198,0.0,0.03760290510400855,2026-07-20,B0
0.02150333610234001,1.6313708865133842,0.3553891532658673,0.0005799776357814724,0.0,2.1415402060473313e-14,2026-07-21,B0
0.0031078408499913834,1.636440927595977,0.6499050010108689,0.0010642227864145714,0.0,9.695562072907347e-16,2026-07-22,B0
0.008076587188967865,1.6496577854273013,0.40943689649943277,0.0006757074235019017,0.0,1.8488364522133373e-14,2026-07-23,B0
-0.011012999599999795,1.631490104896254,0.10646084293649646,0.00017370830494237749,0.0,6.716262837509424e-15,2026-07-24,B0
6.69351694491116e-05,1.63159930896288,0.10579655419609481,0.00017263584899495653,0.0,1.2591678581024417e-14,2026-07-27,B0
0.0118943373162681,1.6510061015086743,0.20680953352122117,0.0003415144301336856,0.0,1.7868583941859877e-15,2026-07-28,B0
0.013852729504099104,1.6738770424424911,0.20789672984579666,0.00034806592505533745,0.0,1.7795759086633395e-15,2026-07-29,B0
0.016627939850000217,1.701710169220521,0.10583887816256629,0.0001801261596187926,0.0,7.454140062599718e-15,2026-07-30,B0
-0.0020760670067008213,1.698177304883235,0.10787935642585951,0.00018321804019206554,0.0,2.2942352097148234e-14,2026-07-31,B0
0.0006982834566910956,1.6993631140017633,0.00801088522042941,1.3613511910380987e-05,0.0,1.818892058270801e-14,2026-08-03,B0
-0.020229450414875116,1.664985932150197,0.007246965549313936,1.2066183133598307e-05,0.0,1.6635815752420847e-14,2026-08-04,B0
-0.0069786932920122835,1.6533665059942055,0.10582066090720324,0.0001749788527639845,0.0,2.7048044575638174e-14,2026-08-05,B0
-0.003509130586941245,1.6475646270165971,0.2061115175618713,0.00033965205175547964,0.0,8.813707904898514e-15,2026-08-06,B0
-0.006944628624274918,1.6361229025474748,0.10378869985463236,0.00016982869515725816,0.0,1.9808065267217952e-14,2026-08-07,B0
0.010067628349999636,1.6525947798652456,0.20798404201220494,0.0003437848438860578,0.0,8.750403857233724e-15,2026-08-10,B0
-0.013768365953618411,1.6298412501630215,0.7085257474647336,0.0011556032646874962,0.0,1.9381569102824614e-14,2026-08-11,B0
0.003560898920216049,1.6356449501108505,0.20811652211895373,0.0003404755970356212,0.0,2.6421597671580243e-14,2026-08-12,B0
-0.0145485195960805,1.6118487375019328,0.3067901593701817,0.0004946510851440881,0.0,1.469507594015823e-14,2026-08-13,B0
-0.0010118704629535902,1.6102177553737056,0.40606655959213955,0.0006541212008643693,0.0,1.3663543910105006e-14,2026-08-14,B0
0.012838333033438065,1.6308902671735483,0.9556225427702776,0.0015600062812649237,0.0,0.05000000000001846,2026-08-17,B0
-0.011012183021884225,1.6129306050628236,1.0572691850851628,0.0017071066977208424,0.0,2.5844781342572397e-14,2026-08-18,B0
-0.07197704535860583,1.4968366257419332,0.6334140599190103,0.0009487182956540399,0.0,0.09045453029401175,2026-08-19,B0
0.002503724274707908,1.500584291937075,0.7320869281870027,0.0010993629740325037,0.0,8.33022216387332e-15,2026-08-20,B0
0.019061844562174635,1.5291881964624205,0.6170059732064522,0.0009441007671867785,0.0,1.8938234218820036e-14,2026-08-21,B0
-0.033227623499999415,1.4783769068097241,0.9541981557736325,0.0014120118571261664,0.0,0.9541544099962199,2026-08-24,B0
-0.00015727636816242896,1.4781443930590459,0.0457391495341767,6.761215994992684e-05,0.0,1.0,2026-08-25,B0
0.0,1.4781443930590459,0.0,0.0,0.0,1.0,2026-08-26,B0
0.0,1.4781443930590459,0.0,0.0,0.0,1.0,2026-08-27,B0
0.0,1.4781443930590459,0.0,0.0,0.0,1.0,2026-08-28,B0
0.0,1.0,0.0,0.0,0.0,1.0,2025-02-05,V1
-0.0009990009990009652,0.999000999000999,0.999000999000998,0.0009990009990009981,0.0,9.672072170952007e-16,2025-02-06,V1
0.006802992530144492,1.0057971953348097,0.3310946295861126,0.0003331243455099124,0.0,0.04726758360832704,2025-02-07,V1
0.0030764901510791365,1.0088915205002402,0.16005616789285076,0.00016150516048794256,0.0,2.114816494556646e-14,2025-02-10,V1
-0.012665759024097167,0.9961131436201291,0.12006551006548113,0.00011961319409083975,0.0,2.33832090224917e-14,2025-02-11,V1
0.028512778183637177,1.0245150967299754,0.2368119570019288,0.00024267489335105558,0.0,0.047326236427666805,2025-02-12,V1
-0.0269335016231248,0.9969213177092827,0.20778712612201525,0.00020719046708830052,0.0,0.04732531656104715,2025-02-13,V1
0.015766766781117214,1.012639543624729,0.4973201720928179,0.0005038566501794202,0.0,0.04743732574153365,2025-02-14,V1
0.0007261086728891364,1.0133748299798655,0.3422988352714014,0.00034699580025373335,0.0,7.046579752404679e-15,2025-02-17,V1
-0.02435991957412742,0.9886891006231109,0.42023407516954575,0.0004156555224446266,0.0,2.355690133925283e-14,2025-02-18,V1
0.03715251663998309,1.0254213888857808,0.3578070959975577,0.0003670343768355104,0.0,0.08939430814320201,2025-02-19,V1
-0.0005292843643717182,1.0248786493777513,0.1910308934756409,0.00019582089193468738,0.0,1.4209014597668922e-14,2025-02-20,V1
0.04276946666166248,1.0687121626045628,0.25151039339052833,0.0002688598374814077,0.0,0.16754806207710965,2025-02-21,V1
0.0015677108473959311,1.070387594254622,0.4297710636678295,0.0004602194039023936,0.0,0.0942071500298122,2025-02-24,V1
-0.0025295250108711143,1.0676800220636287,0.1681281129455218,0.00017953721259194756,0.0,0.04734984373361448,2025-02-25,V1
0.022947196303515938,1.092180285119265,0.22100619093086193,0.0002414319625824108,0.0,0.08904055395647532,2025-02-26,V1
0.002686309551510613,1.0951142194511525,0.20161711736770363,0.0002208382968949485,0.0,1.981977218084929e-15,2025-02-27,V1
-0.0502379218421839,1.0400979568861013,0.11567016184046557,0.00012032221669323081,0.0,6.825869254781199e-15,2025-02-28,V1
-0.016196711454736556,1.0232517903937561,0.14326162761410433,0.00014661372107116705,0.0,0.04771295743145472,2025-03-03,V1
0.027252634020892064,1.0511380969485797,0.24829543833536932,0.00026105761394753943,0.0,0.12623824174787707,2025-03-04,V1
0.012018261012030518,1.0637709489573968,0.5144219496046436,0.0005475087760274355,0.0,0.0469374317408228,2025-03-05,V1
0.01594985199995036,1.080737938155114,0.4059545286147441,0.00043890863718874475,0.0,0.047459388416763185,2025-03-06,V1
0.014003031674102662,1.0958715457345045,0.4002243655908898,0.0004387701006458711,0.0,0.08935764306221619,2025-03-07,V1
0.002582655977823922,1.0987018049330228,0.40616234442399457,0.000446432625036083,0.0,0.047521547063295325,2025-03-10,V1
-0.004438906771390361,1.0938247700513668,0.1405902358513067,0.00015380270556017222,0.0,2.1443582209454504e-14,2025-03-11,V1
-0.013029413226032016,1.079572875125498,0.21319617716748826,0.00023020988981892594,0.0,1.737614218591302e-14,2025-03-12,V1
-0.029293015298469394,1.0479489303786342,0.2169239680794237,0.00022737456331483564,0.0,3.1310191217635797e-15,2025-03-13,V1
0.022613749121753512,1.0716469845826266,0.14206755564424178,0.00015226789994152398,0.0,0.04731521798691342,2025-03-14,V1
0.0012711189080880647,1.0730091753275253,0.14833820820344162,0.0001591918726910932,0.0,1.6137145332893402e-14,2025-03-17,V1
-0.002259003449310071,1.070585243899319,0.1126953555255399,0.0001206635829070053,0.0,1.4274010505183115e-14,2025-03-18,V1
-0.010072153403978601,1.0598021450907293,0.3147757570163718,0.0003337050647728931,0.0,1.6583410533595328e-14,2025-03-19,V1
-0.005202452319072126,1.0542885749632445,0.4130313173261979,0.0004356341294974074,0.0,2.413720573784798e-14,2025-03-20,V1
-0.028809724077591525,1.0239148120203962,0.31309914080542106,0.0003206872548054771,0.0,5.3316689189473956e-15,2025-03-21,V1
0.0008151912543727935,1.024749498420378,1.0109108511368345,0.001036978680650856,0.0,2.701074538250831e-14,2025-03-24,V1
-0.007005741003598631,1.0175703688408773,0.4168889689261275,0.0004243907857129302,0.0,1.5443991237434513e-14,2025-03-25,V1
-0.002388934539276355,1.0151394598406092,0.8062115784166315,0.0008190775360242678,0.0,1.9153031015300468e-14,2025-03-26,V1
-0.0035071094109410117,1.0115792546875846,0.3071927040675364,0.00031084525602084577,0.0,2.9923886254525576e-15,2025-03-27,V1
-0.00914605579999983,1.0023272943780897,0.30707082814117487,0.00030788001332384264,0.0,1.3112182825495027e-15,2025-03-28,V1
-0.009933824167583372,0.9923703512773682,0.603508492695622,0.0005992655967722618,0.0,6.37331956265432e-15,2025-03-31,V1
-0.0024051088782243157,0.9899835925350244,0.5096754267035518,0.0005048276081814154,0.0,9.49623519875579e-15,2025-04-01,V1
-0.006168780498775339,0.9838766010552868,0.555751683593357,0.0005470951265222358,0.0,0.050000000000012354,2025-04-02,V1
-0.011977724122412159,0.9720919985573501,0.26548436466380304,0.00025814375976381746,0.0,2.538945563928658e-14,2025-04-03,V1
-0.08433455007501667,0.8901110572274922,0.38443592679741284,0.00034232227021709023,0.0,0.17929295572657689,2025-04-07,V1
0.019148982679649595,0.907155778445306,0.8103207185235654,0.0007356832615917435,0.0,4.825126086128309e-15,2025-04-08,V1
0.027834185679975976,0.9324057208232158,0.28417160986489765,0.0002650385511653345,0.0,1.2736622921637305e-14,2025-04-09,V1
0.0024521098619862958,0.9346920820866189,0.05879051103749976,5.495425595736841e-05,0.0,0.04706889903326841,2025-04-10,V1
-0.0034660716117391743,0.9314523723951811,0.16788728583818704,0.00015640526914509475,0.0,2.352658596373165e-15,2025-04-11,V1
-0.0010161579026292111,0.930505869706049,0.3052249633619038,0.0002841003345032551,0.0,7.70938035728514e-15,2025-04-14,V1
-0.00876066451645141,0.9223540199509654,0.1097641796695186,0.00010125254626748101,0.0,1.3712038538073844e-14,2025-04-15,V1
0.016026826182618192,0.9371364275075587,0.1065545490769257,9.986679071748164e-05,0.0,1.4586556966949908e-14,2025-04-16,V1
-0.0013216924999999158,0.9358978213198452,0.1053206225373151,9.857972365058743e-05,0.0,3.387922464615127e-16,2025-04-17,V1
-0.006666292829282883,0.9296588523846393,0.005328321230646183,4.953547394510989e-06,0.0,6.309865684719068e-15,2025-04-18,V1
-0.003840972547254684,0.9260880582543176,0.0037368866229203104,3.460699008776637e-06,0.0,1.7294837186621968e-14,2025-04-21,V1
-0.0006635384846059855,0.9254735631875318,0.7031106414247463,0.0006511681538927899,0.0,1.401103354895576e-14,2025-04-22,V1
-0.005995481901809652,0.9199249031888377,0.30436460384481223,0.00028007782450214814,0.0,1.843759693585868e-14,2025-04-23,V1
-0.0015362834933012603,0.9185116377449919,0.9023060516063721,0.0008295270965273542,0.0,7.658017759800081e-15,2025-04-24,V1
-0.0031055066999998715,0.915659193699947,0.4090100454987343,0.00037466705106415233,0.0,2.9053461035847363e-15,2025-04-25,V1
-0.0019558061275489758,0.913868341838162,0.4076875336166663,0.00037272468554211955,0.0,7.222372483288036e-15,2025-04-28,V1
0.0022848616207571393,0.915956404538853,0.353056715529336,0.00032349877316887986,0.0,0.0500000000000098,2025-04-29,V1
-0.00538150764694123,0.9110271781435624,0.4603240292831942,0.0004195608353638071,0.0,7.507965316255433e-15,2025-04-30,V1
0.017896330168881702,0.9273312213164441,0.50997822511791,0.0004731600316565249,0.0,6.599637834310698e-15,2025-05-06,V1
0.001913445366390043,0.9291056189449809,0.5114138923656422,0.0004754006474990124,0.0,1.7268070272067416e-14,2025-05-07,V1
-0.006129120313905667,0.9234110188221413,0.7075088678931243,0.0006537840425346699,0.0,2.538886110202805e-14,2025-05-08,V1
-0.013418128148740216,0.911020571437627,0.7094507302931374,0.0006467830704401609,0.0,1.8802925818846366e-14,2025-05-09,V1
0.020324221261494912,0.929536355105299,0.5126414208513199,0.0004767632464021829,0.0,1.7600712734614535e-14,2025-05-12,V1
-0.0012046606518044678,0.9284165792338819,0.3084871951505497,0.00028649300588294335,0.0,5.2192938902455674e-15,2025-05-13,V1
-0.002475646626686423,0.9261181478613417,0.3135748106082884,0.0002904984158022362,0.0,2.4894016286823992e-14,2025-05-14,V1
-0.020778858849999415,0.906874469588508,0.7049703292219085,0.0006397706126882075,0.0,1.908555600800202e-15,2025-05-15,V1
-0.002501903424143803,0.9046055572477759,0.5572877388975358,0.0005044066852538684,0.0,0.05000000000000217,2025-05-16,V1
0.0025010650032499804,0.9068680345487539,0.11139395220122383,0.00010103086872110287,0.0,0.05000000000000836,2025-05-19,V1
0.00287662502499475,0.9094767538313047,0.4568015646270415,0.000415640269267386,0.0,1.1530448050097225e-14,2025-05-20,V1
-0.005871316786642655,0.9041369276994736,0.31843558486413104,0.0002880010811619618,0.0,2.3254413292230016e-14,2025-05-21,V1
-0.007591868389483003,0.8972728391383077,0.5107368322554683,0.000458504462647197,0.0,1.2837061970039236e-14,2025-05-22,V1
-0.013064955145514423,0.8855500097416773,0.4126280051207628,0.00036555357159539256,0.0,1.6056549776817425e-14,2025-05-23,V1
-0.0014024452109577812,0.8843080743714514,0.3202919269687474,0.0002833274846804861,0.0,1.3720494286545337e-14,2025-05-26,V1
-0.009266142535746313,0.8761139497088142,0.6068506233146568,0.0005319931368421516,0.0,2.737811305362182e-14,2025-05-27,V1
-0.007082200059987942,0.8699091354416302,0.41124458296130223,0.00035789260101236846,0.0,1.6218554427851413e-14,2025-05-28,V1
0.005960193622550847,0.8750939623228882,0.40929828782913635,0.0003583211206895641,0.0,1.9664820056840522e-14,2025-05-29,V1
-0.00269709261295481,0.8727337528614657,0.5092573518351148,0.00044467253259573505,0.0,1.641769183729118e-15,2025-05-30,V1
0.00647394218468933,0.8783837807201177,0.4113742080595533,0.00036149314112074227,0.0,2.493371605430783e-14,2025-06-03,V1
-0.004996519892043083,0.8739949186869016,0.30816512484567915,0.00026941777839495297,0.0,1.8038797633592e-14,2025-06-04,V1
-0.0036686376862313796,0.8707885479906321,0.4053108844101602,0.00035308318497829626,0.0,7.383827656604881e-15,2025-06-05,V1
-0.00035106592363043365,0.8704828438047449,0.9055134089642327,0.0007889482905946272,0.0,1.6566885883277627e-14,2025-06-06,V1
0.007381498250874419,0.8769083113937058,0.40960913266272003,0.0003593368405062798,0.0,1.150270851644555e-14,2025-06-09,V1
-0.003286372355588707,0.8740264641607556,0.7088006359492599,0.0006199499345414863,0.0,0.047239605816889574,2025-06-10,V1
0.010381191667411693,0.8830999004075984,0.8204441730718472,0.0007251290954708468,0.0,1.508368358414668e-14,2025-06-11,V1
-0.006866374025194633,0.8770362061897877,0.6083836016316494,0.0005338992614386835,0.0,1.2497232092532207e-14,2025-06-12,V1
-0.00436292350764933,0.8732097643087428,0.408740402935161,0.00035706205659935975,0.0,1.1056453901648448e-14,2025-06-13,V1
-5.2117297216214276e-05,0.8731642549759242,0.561780817088575,0.0004908026521278532,0.0,0.05000000000000486,2025-06-16,V1
0.0014876933613279242,0.8744632556414007,0.36183716754487016,0.00031652783908009196,0.0,1.5237679117763237e-14,2025-06-17,V1
0.007460011346595907,0.8809867614506668,0.41308505096282094,0.00036407285430499405,0.0,1.671431677516354e-14,2025-06-18,V1
-0.01220491197640694,0.8702343955747815,0.4093929565822813,0.00035641374540095063,0.0,1.6727723637333179e-15,2025-06-19,V1
-0.0036206490552833648,0.8670835822325687,0.4140272339485529,0.00035914491292883966,0.0,2.4114858436213976e-14,2025-06-20,V1
0.0023231002749315444,0.8690979043408418,0.16633557443871616,0.00014458594894889247,0.0,0.05000000000000921,2025-06-23,V1
0.0011392719543905638,0.8700880432088769,0.2651555550853359,0.0002307698679826054,0.0,1.2683258779128479e-14,2025-06-24,V1
0.008168892680242124,0.8771956990562121,0.3345614397826248,0.00029357407461245755,0.0,0.04776267645594805,2025-06-25,V1
-0.00589552047076547,0.8720241738555587,0.23969526442681127,0.00020907017807049618,0.0,1.3350361167196201e-14,2025-06-26,V1
0.00998028296511011,0.8807272218630536,0.41040093766257035,0.00036159967852467285,0.0,1.928483318292381e-14,2025-06-27,V1
0.007432289734106368,0.8872730417526544,0.41500226982426425,0.0003683732019962017,0.0,2.2430274303338772e-14,2025-06-30,V1
-0.0023217771722828795,0.8852129914587311,0.31305621178190823,0.00027720820747750884,0.0,2.6650993399383972e-14,2025-07-01,V1
-0.013493721205758424,0.8732681741442716,0.2126966359665313,0.00018578071787084016,0.0,3.2447170887211572e-15,2025-07-02,V1
0.016430085112823622,0.8876160445717821,0.23789865273322683,0.0002112129084143744,0.0,0.047293987515438875,2025-07-03,V1
-0.007512054198068774,0.8809482247378835,0.7206627845895331,0.0006353244554099625,0.0,1.230758707611087e-14,2025-07-04,V1
0.0005238804358691507,0.8814097362778373,0.2095658266403353,0.00018475207771379452,0.0,1.0764560846309297e-14,2025-07-07,V1
0.02469963346259685,0.9031802336942639,0.23676116929026375,0.0002138886487358802,0.0,0.04731608423563775,2025-07-08,V1
-0.008293241311763455,0.8956899420682225,0.5302073820062664,0.0004751533490866074,0.0,6.497962764646913e-15,2025-07-09,V1
-0.002731970755848967,0.8932429433401841,0.40977271934176307,0.00036617663912252033,0.0,2.337592336444923e-14,2025-07-10,V1
0.011093386772645486,0.9031520327925929,0.21799684376370793,0.00019692722210043115,0.0,2.3329531689576433e-14,2025-07-11,V1
-0.009117906390638697,0.894917177101075,0.5081839378985022,0.00045501376583955805,0.0,1.216278484630427e-14,2025-07-14,V1
0.002601736029191448,0.8972455153638811,0.2145097290784003,0.0001925091875111739,0.0,1.1948094537707982e-14,2025-07-15,V1
-0.004696223482954953,0.8930318499046532,0.5080021899316869,0.0004538927139229762,0.0,1.4496103762790014e-14,2025-07-16,V1
0.015276123925214824,0.9066739151129606,0.11239626811961594,0.00010191821968764451,0.0,2.1942661504811495e-15,2025-07-17,V1
0.0036924297780889237,0.9100217448761402,0.31207014692019946,0.00028407927228431214,0.0,2.6520321569095045e-14,2025-07-18,V1
-6.507717684722802e-05,0.9099625232301141,0.20814739095529997,0.00018944575771764628,0.0,8.878968741251586e-15,2025-07-21,V1
-0.001885329217695464,0.9082469442980604,0.6545853723108369,0.0005949145865696687,0.0,0.15000000000001715,2025-07-22,V1
-0.009509226709316199,0.8996102181966865,0.5623609079279476,0.0005061902807121933,0.0,0.10000000000000647,2025-07-23,V1
0.020241825851803563,0.9178199715679269,0.2332962640384468,0.0002141739364058887,0.0,0.14191428464216901,2025-07-24,V1
-0.012002994679675472,0.9068033833322973,0.4004094945624453,0.00036323812838299217,0.0,0.04783667679349832,2025-07-25,V1
0.006588161923576141,0.912777550854537,0.2712478056629724,0.00024765608389703154,0.0,0.044773332499735335,2025-07-28,V1
0.0230682158124611,0.9338337003864192,0.41469961293685575,0.0003874211374934018,0.0,0.08912808604902162,2025-07-29,V1
-0.003943206499228635,0.9301514012698567,0.4203426381353785,0.00039114670951486606,0.0,0.046906755507843866,2025-07-30,V1
0.003922398504334623,0.9337998257350023,0.2017759225160709,0.00018845634723634394,0.0,0.0463028372551279,2025-07-31,V1
-0.01909933950222331,0.9159648658361725,0.29589528098042905,0.00027110990148527186,0.0,0.04665921297548382,2025-08-01,V1
0.020179893717515274,0.9344489394777246,0.3900487534339395,0.00036462286468479706,0.0,0.08710940199701048,2025-08-04,V1
0.001515395030415423,0.9358649987567861,0.18726429387846588,0.0001752869231396488,0.0,0.08753942470421282,2025-08-05,V1
0.005289628832652493,0.9408153772376803,0.31492395793995775,0.0002963786390245152,0.0,4.276236442110772e-15,2025-08-06,V1
0.013502793896948528,0.9535190133716005,0.4484469053698263,0.0004277944938746966,0.0,0.08963989042435679,2025-08-07,V1
-0.005970649300935937,0.9478258857409843,0.24486050001867868,0.00023214196271024895,0.0,0.04754259813933007,2025-08-08,V1
0.011739664573772624,0.9589530437139223,0.3109969694047689,0.0002983242683398623,0.0,0.08944339128812218,2025-08-11,V1
0.02172936424634675,0.979790483695925,0.32604381438381436,0.00031955881677672374,0.0,0.047373764685116566,2025-08-12,V1
0.008459142449144919,0.9880786709678255,0.3137793112549913,0.00031013595908967005,0.0469763847547238,0.0901350766424831,2025-08-13,V1
-0.005467010370510561,0.9826768346267641,0.24779423296386363,0.00024356200574809,0.04723461689513661,0.04513802591317865,2025-08-14,V1
0.01506149157734682,0.997477413494749,0.31807541273204065,0.00031737398885072475,0.04653374922314976,1.0971830962226386e-14,2025-08-15,V1
0.018426881705493336,1.0158578117971182,0.30146164982961154,0.00030633452004647134,0.045691791977468935,2.4041866218425556e-14,2025-08-18,V1
-0.0008051402430562238,1.0150399037916173,0.3785920612090513,0.0003844315921347658,0.0,0.12611890399845752,2025-08-19,V1
0.012846323740822507,1.0280794350055777,0.3536220137779004,0.0003636801254286436,0.0,0.04691195133952772,2025-08-20,V1
-0.014915374683381666,1.0127452450281902,0.41790216180607626,0.00042340536927524554,0.0,0.04791349756318272,2025-08-21,V1
0.04396447773861856,1.0572700608081238,0.40574352617265447,0.000429154609293513,0.0,0.08944375575798039,2025-08-22,V1
0.017345129302636764,1.0756085467206473,0.580229866816136,0.0006244625356238955,0.0,0.04698462143446984,2025-08-25,V1
-0.013084781513429844,1.0615344438928298,0.22019202203200247,0.00023379289498766352,0.0,0.04738127735668183,2025-08-26,V1
-0.0037355092049375926,1.0575690722063098,0.4264410551709875,0.00045118327413936054,0.0,2.5861633242376244e-14,2025-08-27,V1
0.04507588624312042,1.1052399353993239,0.44471122948320835,0.0004917312889714691,0.0,0.08889283529283142,2025-08-28,V1
-0.0009343208418488569,1.1042072866924366,0.21201281256987786,0.00023415573652809762,0.10024330470244992,0.12762353418687875,2025-08-29,V1
0.008401327829094196,1.1134840940992143,0.39713252069456845,0.00044237642710852256,0.14159489761097915,0.12079690782628227,2025-09-01,V1
-0.021546677579054374,1.0894922113342531,0.28523346252963894,0.0003108483001749225,0.14471298156629167,9.368339998858207e-15,2025-09-02,V1
-0.0006200459871767983,1.0888166760605549,0.4262022033065057,0.0004642539323827496,0.08825933390072714,0.08519150902950842,2025-09-03,V1
-0.03894156625465839,1.0464164493305659,0.3065245945155212,0.0003208507264642526,0.09183555421991524,0.15798215392822015,2025-09-04,V1
0.037164551118354705,1.0853060469527989,0.25561493180676287,0.0002774913621169116,0.08854482552541033,0.12988854102381786,2025-09-05,V1
0.007338790448148114,1.0932708806034934,0.21002360710081758,0.00022966092809916246,0.08789974769661976,0.09070327132269684,2025-09-08,V1
-0.019374726432918377,1.072089056374725,0.2894647862043822,0.00031042188570034506,0.04582077904457356,1.610917781807819e-14,2025-09-09,V1
0.008209666171760777,1.0808905496339596,0.1492025865281546,0.00016129573149956114,0.04544766885498936,0.047474591357462306,2025-09-10,V1
0.04560197876064942,1.130181297520954,0.19061022122359972,0.00021546517700829954,0.04346555360277572,0.1572399930064437,2025-09-11,V1
0.02511289005917061,1.1585634161925285,0.24475776889068915,0.0002836368191806961,0.0,0.09350442394326273,2025-09-12,V1
0.007056656637840497,1.1667390004137626,0.4935358554454065,0.0005761118625116217,0.0,2.3777216873868298e-14,2025-09-15,V1
0.016721600467380027,1.1862487438283917,0.24699678192353014,0.00029307201012981676,0.0,0.04936214932036244,2025-09-16,V1
0.011850226883473036,1.200306060582993,0.1624135165246651,0.0001949775952020319,0.0,9.903196983530876e-15,2025-09-17,V1
-0.013708890566632936,1.1838511961519944,0.12356950550463437,0.0001463059858578967,0.0,1.431155037840817e-14,2025-09-18,V1
0.025728398054377655,1.214309790963744,0.3931697997576692,0.0004776177222211987,0.0,0.13097703953571588,2025-09-19,V1
0.03438010267493108,1.2560578862562515,0.12299448592864408,0.0001545071975500419,0.0,0.16517821039462804,2025-09-22,V1
0.014206165409988092,1.2739016523529278,0.2511502757076666,0.0003200211246065671,0.0,0.09841048358319797,2025-09-23,V1
0.03762453285827516,1.3218316069300917,0.1816928874306482,0.00024021104599876228,0.0,0.04988607752822563,2025-09-24,V1
-0.0022533395545563106,1.3188530714857334,0.1517940754810022,0.0002002244755706149,0.0,1.08973429821846e-14,2025-09-25,V1
-0.022781720524017057,1.288807329398904,0.12540418245145427,0.00016164210007612144,0.0,4.099574087986379e-15,2025-09-26,V1
0.04659881153623502,1.348864219248082,0.2270791795841745,0.0003063685501963315,0.0,2.5311756539732195e-14,2025-09-29,V1
0.05097164276052335,1.4176180443640476,0.2854581466082617,0.0004047861690521798,0.0,0.20375294040936576,2025-09-30,V1
0.02096482477753958,1.4473381582656182,0.2322502156461094,0.0003362226871616311,0.0,0.10064142109591613,2025-10-09,V1
-0.04909397801982873,1.3762825705364665,0.3778453581784848,0.0005202185429808607,0.0,0.09526706055342522,2025-10-10,V1
0.006803659660030714,1.3856463287424288,0.24243064029758057,0.0003360045845095844,0.0,0.049871853751904796,2025-10-13,V1
-0.04308002419109824,1.3259526513798985,0.2292548694202369,0.00030405080707758927,0.0,0.05016246749893991,2025-10-14,V1
0.007818830956954903,1.336320051017964,0.35572584843671623,0.0004755327432199026,0.0,2.7811563107120138e-14,2025-10-15,V1
0.03058346953455615,1.3771893545866885,0.2794303401337052,0.000384936052592782,0.0,0.09307631160995508,2025-10-16,V1
-0.0515478481045456,1.3061982069252567,0.17905463784496625,0.00023392273184478035,0.0,0.1439477941007771,2025-10-17,V1
-0.001054051254231747,1.304821407066972,0.242738232264959,0.0003168069429302094,0.0,2.3334559507202476e-14,2025-10-20,V1
0.03625017779531614,1.3521214150642842,0.3303141070130866,0.00044677235300104973,0.0,1.9054826022879286e-14,2025-10-21,V1
-0.0075136329000684565,1.34196207111517,0.32576469045905615,0.0004373063176618362,0.0,1.3632571420180878e-14,2025-10-22,V1
0.006453785710527127,1.3506228067538026,0.22748353855958708,0.0003073143642986773,0.0,6.720077597800862e-15,2025-10-23,V1
0.05509476547767522,1.4250350535407028,0.36583254239115365,0.0005215149837857224,0.0,0.2031113657744237,2025-10-24,V1
0.03586270676303016,1.4761406677928721,0.287317009934346,0.00042424221491741483,0.0,0.13124876327435084,2025-10-27,V1
-0.021523212702923455,1.4443693782205307,0.5203455139888798,0.0007519624067650093,0.0,1.919012474062567e-15,2025-10-28,V1
0.02358381410419863,1.4784331171342806,0.34677912370405384,0.0005128675925892129,0.0,0.049507503108607985,2025-10-29,V1
0.006143028010600959,1.4875151731846366,0.32694459784721475,0.00048649410670855385,0.0,0.04979137255994845,2025-10-30,V1
-0.030801646907058444,1.4416972560513115,0.23085469333570643,0.00033289942932432327,0.0,0.05020697768380642,2025-10-31,V1
0.021607554697130604,1.4728488083681432,0.5136981307509225,0.000756988543337151,0.0,0.049680272475038895,2025-11-03,V1
-0.03071304890218729,1.4276131308912041,0.37812766458198804,0.0005400242172065409,0.0,1.2066232905768712e-14,2025-11-04,V1
0.0070072652187258555,1.4376167947290943,0.387966518196197,0.0005579636535673782,0.0,2.2036589135397365e-14,2025-11-05,V1
0.025687113155677066,1.4745450200098025,0.5138379330247086,0.0007580666886541073,0.0,0.04668981782602603,2025-11-06,V1
0.012277410576832848,1.492648614634487,0.535363649185993,0.0007995378527856656,0.0,5.782271681136154e-15,2025-11-07,V1
0.017089015778417815,1.5181565103616093,0.6585003023961554,0.0010003652619853356,0.0,0.09403932522321508,2025-11-10,V1
-0.016794176770981495,1.49266032156058,0.5310445939663783,0.0007930903607414606,0.0,0.04726658423347588,2025-11-11,V1
0.004866661288921437,1.499924593765028,0.2031854579210803,0.00030482480139809543,0.0,0.04699514223140128,2025-11-12,V1
0.021860561421431557,1.5327137874745442,0.13359647751223266,0.0002047925226006722,0.0,0.08973524670633783,2025-11-13,V1
-0.038699326309060034,1.4733987964746715,0.2785447460522467,0.0004105218423000357,0.0,0.20649526327884818,2025-11-14,V1
0.006439042253405747,1.482886073581289,0.32342655189858566,0.00047975989672596606,0.0,0.04774565736204707,2025-11-17,V1
-0.029247737257791062,1.439515011317946,0.14792875928707447,0.0002129771750486441,0.0,1.7508176148410058e-14,2025-11-18,V1
-0.0020227324837579497,1.436603257543696,0.517361708094755,0.0007436282399537059,0.0,2.5087382161806023e-14,2025-11-19,V1
-0.021405005290409118,1.4058527572157542,0.4294674720503265,0.0006040274398540746,0.0,0.04769137129027549,2025-11-20,V1
-0.05103212081199382,1.3341091094656452,0.2223610110814308,0.00029671982939500025,0.0,0.1946029284425425,2025-11-21,V1
-0.003035195989433248,1.3300598268471286,0.9581820451243385,0.0012756617612213591,0.0,0.04785311037826878,2025-11-24,V1
-0.0026954770508869075,1.3264746811075556,0.43816615738632886,0.0005814710948464137,0.0,2.2594419887188474e-14,2025-11-25,V1
-0.0011950633785201559,1.3248894597936298,0.4291922256035829,0.0005688764132614577,0.0,0.04724670964354825,2025-11-26,V1
-0.00745508292866659,1.315012298999552,0.1446600873827172,0.00019025731672268537,0.0,3.4114741265618474e-15,2025-11-27,V1
0.008761752666199829,1.3265341115163969,0.5202657042447492,0.0006905094521191553,0.0,0.047274180456667474,2025-11-28,V1
-0.0021130617999427503,1.3237310629590306,0.43631526089890094,0.0005778161741097072,0.0,1.3901902606179543e-14,2025-12-01,V1
-0.003120357810547314,1.3196005483976623,0.661585575697804,0.0008736066540639677,0.0,0.05000000000000125,2025-12-02,V1
-0.003052512250000028,1.3155724515585716,0.3665471438481624,0.00048239614557348275,0.0,2.114827760793394e-14,2025-12-03,V1
0.0012460484903018543,1.3172117186257188,0.4082758132271619,0.0005380053401820463,0.0,1.5811909246748728e-14,2025-12-04,V1
-0.008342649920015988,1.3062226823866818,0.41065859866101706,0.0005366319488122455,0.0,6.641141758787619e-15,2025-12-05,V1
0.0009743733693208245,1.3074954309828022,0.5573724017363573,0.0007291682869055405,0.0,0.05000000000000664,2025-12-08,V1
-0.012091846546036122,1.2916853968717148,0.7549113932482769,0.0009758446988720992,0.0,2.4434317038918527e-14,2025-12-09,V1
0.0083134991003595,1.3024238222565554,0.511781967225921,0.0006668983324568876,0.0,2.1848721586191078e-14,2025-12-10,V1
-0.02137540054029685,1.2745839913825971,0.4295517324171965,0.0005477350421458791,0.0,0.04770073223049833,2025-12-11,V1
0.0074299198105798325,1.2840540482304186,0.32950801719181816,0.0004232455662068385,0.0,2.4497800364991673e-14,2025-12-12,V1
-0.01785502945589068,1.2611272253763088,0.40840770181674924,0.0005152645098087506,0.0,9.519899416348389e-15,2025-12-15,V1
-0.016211498700129723,1.2406824630014226,0.40901479456654655,0.0005076651252737663,0.0,3.591891013584883e-15,2025-12-16,V1
0.019029057565460583,1.264291481010334,0.6137786760395854,0.0007764717331349954,0.0,7.923827870579614e-16,2025-12-17,V1
-0.007920966716641442,1.254277070269118,0.41327071029253526,0.0005185702856440432,0.0,1.8601456395578195e-14,2025-12-18,V1
-0.0008022285499998949,1.2532708533937378,0.31363183756060203,0.000393188957286204,0.0,9.683821071655132e-15,2025-12-19,V1
0.0023044847652347045,1.2561589969820963,0.1969724196199501,0.0002474774232897998,0.0,2.429578553108538e-14,2025-12-22,V1
-0.0030810273057294557,1.2522887368120568,0.43280554602291815,0.0005422321916140554,0.0,1.7314924163087454e-14,2025-12-23,V1
0.023965975959885588,1.28230105857333,0.3474677040341062,0.0004457130756020163,0.0,0.049605841617919644,2025-12-24,V1
0.0014179863274343951,1.2841193439420417,0.4497330376928823,0.0005777707358993918,0.0,5.173966846878249e-15,2025-12-25,V1
-0.0012626701573434929,1.2824979247679786,0.2266418600584518,0.00029073360759612624,0.0,2.2508496213031695e-14,2025-12-26,V1
-0.0016874775561755984,1.280333738304091,0.4354967114774219,0.0005578240631701194,0.0,2.614490188998931e-14,2025-12-29,V1
0.002225430946493523,1.2831830326271525,0.4343606112023215,0.000557606368579445,0.0,2.079901061635416e-14,2025-12-30,V1
-0.0028058893858864398,1.2795825629757545,0.6476037950509578,0.0008291995166179461,0.0,2.2666794043985063e-14,2025-12-31,V1
0.024209542678971907,1.3105606716453844,0.4464448655296595,0.0005853544112926206,0.0,0.049577513700255205,2026-01-05,V1
0.025006146501025395,1.343332743799031,0.8115134219881878,0.0010910179274809138,0.0,0.04983122610742453,2026-01-06,V1
0.00035252814978514735,1.3438063064057482,0.4440497324412138,0.000596981920474347,0.0,2.409260516127025e-14,2026-01-07,V1
-0.010602887134964378,1.3295580798076747,0.6421294458028032,0.0008542969621844199,0.0,1.9122223880278905e-14,2026-01-08,V1
-0.006471095142872141,1.3209543829752648,0.4381078213261825,0.0005789740998780669,0.0,1.2433872753416997e-14,2026-01-09,V1
0.024409947171796675,1.3531988096800442,0.5361446247609748,0.000725899455133892,0.0,0.10526315789473685,2026-01-12,V1
-0.01809643664194438,1.3287107331567147,0.4462641665049091,0.0005932207210089226,0.0,2.185155230070013e-14,2026-01-13,V1
0.007586014617111392,1.3387903522003544,0.4467112596131986,0.0005983200008706587,0.0,0.04960710987160415,2026-01-14,V1
0.01202937944082505,1.3548951693386881,0.45437459385860335,0.000615909796052685,0.0,2.7907602655738555e-14,2026-01-15,V1
0.024031020003270065,1.3874546822554001,0.34755674370708933,0.0004823868882219185,0.0,0.1736649519068891,2026-01-16,V1
-0.005256002545249272,1.3801622169140477,0.5520989775739994,0.0007624070730100142,0.0,5.223826241754817e-15,2026-01-19,V1
0.014410226327701503,1.4000506668287214,0.23195549712159155,0.00032482479331608283,0.0,6.501066885332e-15,2026-01-20,V1
0.033718619421684526,1.4472584424345947,0.30637406078843316,0.0004435383346597346,0.0,0.13121206571382707,2026-01-21,V1
0.008662064546436143,1.4597946884783377,0.3293420063063049,0.00048093010198342346,0.0,1.7978934467324026e-14,2026-01-22,V1
-0.009949539331754575,1.445270403809036,0.23588379789919378,0.0003409963073458232,0.0,2.790563087563829e-14,2026-01-23,V1
-0.007156622349660413,1.4349271493358335,0.3429069901744614,0.0004922153339770624,0.0,2.3808323977165626e-14,2026-01-26,V1
0.027910666105861015,1.4749769218871809,0.37283744346856407,0.0005501317344409884,0.0,0.09315088164285391,2026-01-27,V1
0.02325716778936271,1.5092807076449488,0.4819070773105766,0.0007276837306022371,0.0,0.09281770428380988,2026-01-28,V1
-0.027569977068352847,1.4676698731454703,0.31490723648751606,0.00046232545345913003,0.0,2.7620574824149194e-14,2026-01-29,V1
0.020527301236579865,1.4977971747473802,0.2798737510394472,0.00041931146786620125,0.0,0.093224050060733,2026-01-30,V1
-0.06265230440297043,1.4039567302211982,0.37821046801810226,0.0005311920344020626,0.0,0.2728173461428671,2026-02-02,V1
0.03428666877584874,1.452093729605916,0.5195840804354654,0.0007548770072790642,0.0,0.04811409083755676,2026-02-03,V1
-0.015504493802719121,1.4295797513742738,0.21923385222649544,0.0003134810016063597,0.0,0.048341325263615766,2026-02-04,V1
-0.018277531817011083,1.4034505619835758,0.34018642907129815,0.0004775973071817635,0.0,2.801287749088946e-14,2026-02-05,V1
-0.020064916808318456,1.3752904432127875,0.2135571129306699,0.0002937657922681389,0.0,1.2595137946777015e-14,2026-02-06,V1
0.03459643651508304,1.422870591721199,0.4252636910778852,0.0006053526342571795,0.0,0.04722435251212457,2026-02-09,V1
0.0078667759434623,1.4340639958628114,0.34895055883642934,0.0005005921146616912,0.0,8.206152064721352e-15,2026-02-10,V1
0.004858378333416402,1.441031221309044,0.33005861287368204,0.0004757818018944948,0.0,0.04711963142032487,2026-02-11,V1
0.03962570664309406,1.4981331017481756,0.20958354168042367,0.00031404986105520544,0.0,0.08491383281456229,2026-02-12,V1
-0.004944119092650134,1.4907261532764913,0.31963597209981875,0.000476642055083775,0.0,0.12847898256399534,2026-02-13,V1
0.02437023525328952,1.5270555003300708,0.3053197554299096,0.00046638260771239895,0.0,0.09053133329675038,2026-02-24,V1
0.000856103671996733,1.528362818151246,0.329871274141242,0.000504329353940222,0.0,0.04747279555212777,2026-02-25,V1
0.011401485294909586,1.545788424347684,0.23910923726896496,0.00036970068997496766,0.0,1.5973830563319883e-15,2026-02-26,V1
-0.0025041093500000056,1.5419176011011533,0.4167295855570389,0.0006428305693867511,0.0,9.571161987449182e-15,2026-02-27,V1
0.010029518628039247,1.557382292404299,0.2675259086069021,0.00041675160467546447,0.0,0.08910996679094112,2026-03-02,V1
-0.027483928697343507,1.5145793085253538,0.2439196478388413,0.00036952578615912743,0.0,0.2608382401851556,2026-03-03,V1
-0.006712156196502228,1.5044132156345413,0.4055216245078198,0.0006103195889263224,0.0,0.128570668952847,2026-03-04,V1
0.004030125416077057,1.5104761895711523,0.3122658108304058,0.0004718174045208442,0.0,3.529759972462606e-15,2026-03-05,V1
0.00519631362271733,1.518325097571811,0.14486252889673545,0.00021998028022133544,0.0,0.04726705374587125,2026-03-06,V1
-0.022585936084988822,1.4840323039618197,0.36040732693042843,0.0005350489513116037,0.0,0.04511018145496857,2026-03-09,V1
0.02256619576199581,1.5175212674501477,0.41055780313715357,0.0006232860927472058,0.0,1.2652587061054519e-14,2026-03-10,V1
-0.0017829354059326619,1.514815625053155,0.4258635796215339,0.000645379648238982,0.0,0.047248278858954655,2026-03-11,V1
-0.01704142235812478,1.4890010121919375,0.6678425303571447,0.0009950827622764867,0.0,0.046916573528115624,2026-03-12,V1
0.0003949168611980802,1.489589043797993,0.22004622337118132,0.00032785058574606106,0.0,0.04742204218213446,2026-03-13,V1
0.01937965047908974,1.5184567588242797,0.5066069776737774,0.0007696506997311437,0.0,0.12758708906594518,2026-03-16,V1
-0.02397886605785171,1.4820458875897926,0.3122330207050994,0.0004628881932845691,0.0,2.758594586275429e-15,2026-03-17,V1
0.03497532646720347,1.533880926347622,0.3315149069784684,0.0005086730253048454,0.0,0.047327602958985526,2026-03-18,V1
-0.02347094883887213,1.4978792856003953,0.24650152034167885,0.0003693205592681583,0.0,2.351952871644091e-14,2026-03-19,V1
-0.01907667109866995,1.4693047351234858,0.32537427407900216,0.0004782295651892613,0.0,1.935700117874845e-14,2026-03-20,V1
-0.02927669323466109,1.4262883511250406,0.46489389413906157,0.0006633811475646911,0.0,0.05000000000002109,2026-03-23,V1
0.023965621116225133,1.4604702373505887,0.2825750127123526,0.00041280904540660874,0.0,0.04731457048627294,2026-03-24,V1
0.014816724014148352,1.48210962178829,0.3383089601986766,0.0005015806542772546,0.0,1.074282952486644e-14,2026-03-25,V1
-0.011099833766753164,1.4656584513623347,0.12025426683200564,0.00017627288006066445,0.0,1.4432847313242384e-14,2026-03-26,V1
0.002644759222233173,1.4695347650682193,0.2123838378540414,0.00031217173349595503,0.0,8.161610039984059e-15,2026-03-27,V1
-0.009320936093609178,1.4558373254356816,0.21630590496350108,0.0003149743409678715,0.0,2.1478873608244387e-14,2026-03-30,V1
-0.017341652656460704,1.4305907002136653,0.42962155239243804,0.0006148767617729028,0.0,0.04770848891065123,2026-03-31,V1
-0.0038057421504560374,1.4251462408858118,0.2965157130346765,0.0004227035920519448,0.0,0.047864515595116605,2026-04-01,V1
-0.010350203027709948,1.410395687948466,0.22339366874383948,0.0003151438682562111,0.0,1.829873499656162e-14,2026-04-02,V1
-0.01729540414999975,1.3860023245139803,0.4074377496649189,0.0005649398459498527,0.0,2.138706447481408e-14,2026-04-03,V1
-0.003324199370251968,1.3813949764596631,0.10669269132869605,0.00014740047437973689,0.0,3.565620661387625e-15,2026-04-07,V1
0.022392764917541053,1.4123282294257966,0.3129276200109764,0.0004420948551993874,0.0,1.8807380416925732e-14,2026-04-08,V1
-0.005037361119440087,1.4052138221149995,0.21509860453955948,0.00030232456180800005,0.0,2.771971840716705e-15,2026-04-09,V1
0.014731033767565238,1.425914074379225,0.7111762830969096,0.0010147979716821824,0.0,0.047289909928358485,2026-04-10,V1
0.0019436344893621893,1.4286855301530554,0.3429031456315228,0.0004900688085437481,0.0,1.903463037695518e-14,2026-04-13,V1
0.027399225921848958,1.4678304077649955,0.3310411779471898,0.0004860732174637058,0.0,0.047259950242372194,2026-04-14,V1
-0.011076000383956841,1.4515727176050068,0.4356717117758833,0.0006326848135218658,0.0,8.253192278978222e-15,2026-04-15,V1
0.02044010017003406,1.4812430093569418,0.21549763799023366,0.00031927317242049673,0.0,1.988551451407152e-14,2026-04-16,V1
-0.0050511702489253185,1.4737609987366493,0.4177064855685173,0.0006158567747192154,0.0,2.3796947377562742e-14,2026-04-17,V1
0.010062296472354237,1.4885904188353303,0.23656658429096475,0.00035223407760474044,0.0,0.047277187744170196,2026-04-20,V1
-9.149842502309546e-05,1.4884542151565023,0.4365261761280295,0.0006500329832964709,0.0,1.7078184506471443e-14,2026-04-21,V1
0.017485243899999725,1.5144802001424964,0.21298582492713622,0.00032263153070587886,0.0,3.3767128858458883e-15,2026-04-22,V1
-0.01658882740177925,1.4893567494989204,0.23400541445260065,0.00034859911751524493,0.0,2.781852087036928e-15,2026-04-23,V1
0.005885018542583165,1.4981216415862428,0.4251475646137501,0.0006371936687520017,0.0,2.7663799329134684e-14,2026-04-24,V1
0.022078820071970595,1.5311983997567506,0.4228608234597145,0.0006477577275674182,0.0,1.7113942420842298e-14,2026-04-27,V1
-0.004164798100474543,1.5248212675699941,0.36689203337728804,0.0005596501065612649,0.0,0.05000000000000643,2026-04-28,V1
0.00914705363927193,1.5387688894947595,0.17417257592835603,0.0002680580295992317,0.0,2.4420019823326565e-14,2026-04-29,V1
0.02622507665232332,1.5791232215719702,0.23724383549187333,0.00037472615126940377,0.0,0.04707665738418919,2026-04-30,V1
0.07045173668478899,1.6903751949709944,0.3694292124601284,0.0006247047612282311,0.0,0.19281475930707087,2026-05-06,V1
0.008323161910896548,1.7044444614089014,0.3732693536210586,0.0006364544513347528,0.0,2.364649155341827e-14,2026-05-07,V1
-0.022330669066186415,1.666383076199485,0.11706991482857779,0.00019510616586467747,0.0,7.615517566015625e-15,2026-05-08,V1
0.07427383767637319,1.7901517423077808,0.2344869928916918,0.00041986575193116285,0.0,0.15620496529846267,2026-05-11,V1
0.0022459018999367864,1.794172247507005,0.356949122431539,0.0006406568911537244,0.0,1.6676075339868066e-14,2026-05-12,V1
0.03796477811248922,1.8622875987791947,0.17889688201277362,0.0003332170563250632,0.0,0.08937498147090978,2026-05-13,V1
-0.014765304089875975,1.8347903560804149,0.3199874685020526,0.0005872978492261822,0.0,0.05000000000001255,2026-05-14,V1
-0.020412101663747628,1.7973384288004377,0.18484118577726738,0.00033228358611459534,0.0,0.04714647097546202,2026-05-15,V1
0.015621491993974557,1.8254155366764067,0.2642554065853026,0.0004825034289713538,0.0,1.9660099374487143e-14,2026-05-18,V1
0.03126507552382263,1.8824872912929538,0.1825233521817198,0.0003436606169340912,0.0,0.08932156475636126,2026-05-19,V1
0.015411184327268623,1.9114986499328102,0.2343031241649999,0.0004479750674742941,0.0,0.04758091559449265,2026-05-20,V1
-0.05103780497691357,1.813939954623906,0.11459085712080853,0.00020788475585839007,0.0,0.04788940399352089,2026-05-21,V1
0.023182772074152425,1.85599211114815,0.23953937544193776,0.0004446897118254275,0.0,1.4776494155668082e-14,2026-05-22,V1
0.058770691757141336,1.9650700514161241,0.25618270366788476,0.0005035459584336246,0.0,0.1828515012235468,2026-05-25,V1
-0.0130432246778035,1.9394392012278807,0.33953212043737313,0.0006587255629394387,0.0,0.04710519968571903,2026-05-26,V1
-0.003554001242420113,1.9325464318971186,0.2628509611597952,0.0005081052430615994,0.0,1.847385621804224e-14,2026-05-27,V1
0.008366658286685036,1.9487153875159544,0.3288314225106696,0.0006410096370560983,0.0,2.5211131763165915e-14,2026-05-28,V1
-0.04823740227136197,1.8547144194559544,0.36230389241509753,0.0006722137991632723,0.0,0.09051819222406544,2026-05-29,V1
-0.04612824575990693,1.769159696900847,0.24290516905492468,0.0004298424462129239,0.0,0.04792858655008827,2026-06-01,V1
0.0086469843915713,1.7844575931861457,0.12881639009565485,0.00022989699993464528,0.0,2.0374158870082477e-14,2026-06-02,V1
0.029222016708359444,1.8366030427895903,0.24020462935568,0.0004412665474342612,0.0,0.04732823195058631,2026-06-03,V1
0.03718859128429841,1.9049037226993912,0.23293678591443473,0.00044382553393541955,0.0,0.19884952597886105,2026-06-04,V1
-0.044378544789015706,1.8203668675228135,0.37854198729838257,0.0006893462381391392,0.0,1.8335643301537376e-14,2026-06-05,V1
-0.046007508449154244,1.7366163234846972,0.022440395423048074,3.897123152696216e-05,0.0,1.7517381962160143e-14,2026-06-08,V1
0.06265926208103956,1.845431420832136,0.4462166341545746,0.0008238298037289461,0.0,0.08919388329848643,2026-06-09,V1
-0.026875611935996746,1.7958343221113564,0.34403083454583955,0.0006180350036401128,0.0,0.04793771238413228,2026-06-10,V1
0.002662875409434662,1.8006164051671254,0.3226505640491424,0.0005811574095292981,0.0,2.3214275498881004e-14,2026-06-11,V1
-0.022327050549999505,1.7604139516678006,0.12456658209710895,0.00021931606848837366,0.0,1.8843899066789373e-14,2026-06-12,V1
0.045116646443042585,1.8398379255185962,0.40156757507396473,0.0007391160593232572,0.0,0.04459190749739246,2026-06-15,V1
-7.39048203497461e-05,1.839701952627238,0.4997854093744573,0.0009199159540924988,0.0,2.8345223744176828e-14,2026-06-16,V1
0.062224699399848316,1.9541768536147819,0.5088616445961228,0.000994911920077974,0.0,0.16953719862824396,2026-06-17,V1
0.011825687728395096,1.977286338851688,0.4137634463626151,0.0008184674619267743,0.0,1.2094862433491644e-14,2026-06-18,V1
0.045689432828989185,2.0676274302143303,0.5114267262999898,0.001057981007605783,0.0,0.19660643423645544,2026-06-22,V1
-0.01887521765627609,2.028600512436948,0.2730609237723826,0.0005540828282600929,0.0,0.04756813376011546,2026-06-23,V1
0.04758437962095319,2.125130209320008,0.4649387493412954,0.000988514980627448,0.0,0.1700324371363508,2026-06-24,V1
0.04840306669033079,2.227993028567361,0.24183339437703452,0.0005389334488520934,0.0,0.24229938942974893,2026-06-25,V1
0.007544762424792184,2.244802706651995,0.3240670831571288,0.0007277024898312256,0.0,1.3206163505686519e-14,2026-06-26,V1
0.03304826498048574,2.3189895413303416,0.23907494741692437,0.000554544880442081,0.0,0.15926199053169587,2026-06-29,V1
0.019161012997968907,2.3634237300739263,0.34249961442402055,0.0008097490550100213,0.0,2.3417779451200798e-14,2026-06-30,V1
-0.01554332242155787,2.3266882730186262,0.1345966638251975,0.0003132066358777944,0.0,0.04482672258112356,2026-07-01,V1
-0.08364786676243707,2.1320657623594395,0.2821573249009624,0.0006017477595583725,0.0,0.2757278230657953,2026-07-02,V1
-0.0007556840245473984,2.13045459432354,0.4366269961496994,0.0009306203239093983,0.0,0.04847398371943541,2026-07-03,V1
0.0007246231623125876,2.131998371068842,0.33107720633280685,0.0007060898348495091,0.0,0.04732810874862858,2026-07-06,V1
-0.028960822644383377,2.070253944366203,0.24293150671689642,0.0005030521172002682,0.0,1.597378556097414e-14,2026-07-07,V1
-0.02681230589912864,2.014745662320979,0.27248969673304024,0.0005491470714390101,0.0,0.09076380121278313,2026-07-08,V1
0.07872521724554371,2.173356952281715,0.20772891798028786,0.00045156289075311306,0.0,0.23866705449599893,2026-07-09,V1
-0.036655345290942165,2.093691802755359,0.3721446171207079,0.0007794462010131999,0.0,0.09520464613412384,2026-07-10,V1
-0.07235457353424579,1.9422036252548487,0.3757584466544401,0.0007300737486901352,0.0,0.25639367726707724,2026-07-13,V1
0.02262068030281572,1.9861375925447082,0.6156569012520461,0.0012235325919704274,0.0,8.309457276033533e-15,2026-07-14,V1
-0.06046389552276066,1.8660479766552576,0.38120827484595765,0.0007116242069968284,0.0,0.2285833778177914,2026-07-15,V1
-0.049233307264184845,1.7741762632508788,0.4953744266152202,0.0008793171403464502,0.0,0.08397807265862708,2026-07-16,V1
-0.07652725581679887,1.6384034224889865,0.7305082101869506,0.0011977421121732333,0.0,0.026491885523494355,2026-07-17,V1
-0.025252630652693786,1.5970294260007627,0.6613392537296279,0.0010568772031564198,0.0,0.03760290510400855,2026-07-20,V1
0.02150333610234001,1.6313708865133842,0.3553891532658673,0.0005799776357814724,0.0,2.1415402060473313e-14,2026-07-21,V1
0.0031078408499913834,1.636440927595977,0.6499050010108689,0.0010642227864145714,0.0,9.695562072907347e-16,2026-07-22,V1
0.008076587188967865,1.6496577854273013,0.40943689649943277,0.0006757074235019017,0.0,1.8488364522133373e-14,2026-07-23,V1
-0.011012999599999795,1.631490104896254,0.10646084293649646,0.00017370830494237749,0.0,6.716262837509424e-15,2026-07-24,V1
6.69351694491116e-05,1.63159930896288,0.10579655419609481,0.00017263584899495653,0.0,1.2591678581024417e-14,2026-07-27,V1
0.0118943373162681,1.6510061015086743,0.20680953352122117,0.0003415144301336856,0.0,1.7868583941859877e-15,2026-07-28,V1
0.013852729504099104,1.6738770424424911,0.20789672984579666,0.00034806592505533745,0.0,1.7795759086633395e-15,2026-07-29,V1
0.016627939850000217,1.701710169220521,0.10583887816256629,0.0001801261596187926,0.0,7.454140062599718e-15,2026-07-30,V1
-0.0020760670067008213,1.698177304883235,0.10787935642585951,0.00018321804019206554,0.0,2.2942352097148234e-14,2026-07-31,V1
0.0006982834566910956,1.6993631140017633,0.00801088522042941,1.3613511910380987e-05,0.0,1.818892058270801e-14,2026-08-03,V1
-0.020229450414875116,1.664985932150197,0.007246965549313936,1.2066183133598307e-05,0.0,1.6635815752420847e-14,2026-08-04,V1
-0.0069786932920122835,1.6533665059942055,0.10582066090720324,0.0001749788527639845,0.0,2.7048044575638174e-14,2026-08-05,V1
-0.003509130586941245,1.6475646270165971,0.2061115175618713,0.00033965205175547964,0.0,8.813707904898514e-15,2026-08-06,V1
-0.006944628624274918,1.6361229025474748,0.10378869985463236,0.00016982869515725816,0.0,1.9808065267217952e-14,2026-08-07,V1
0.010067628349999636,1.6525947798652456,0.20798404201220494,0.0003437848438860578,0.0,8.750403857233724e-15,2026-08-10,V1
-0.013768365953618411,1.6298412501630215,0.7085257474647336,0.0011556032646874962,0.0,1.9381569102824614e-14,2026-08-11,V1
0.003560898920216049,1.6356449501108505,0.20811652211895373,0.0003404755970356212,0.0,2.6421597671580243e-14,2026-08-12,V1
-0.0145485195960805,1.6118487375019328,0.3067901593701817,0.0004946510851440881,0.0,1.469507594015823e-14,2026-08-13,V1
-0.0010118704629535902,1.6102177553737056,0.40606655959213955,0.0006541212008643693,0.0,1.3663543910105006e-14,2026-08-14,V1
0.012838333033438065,1.6308902671735483,0.9556225427702776,0.0015600062812649237,0.0,0.05000000000001846,2026-08-17,V1
-0.011012183021884225,1.6129306050628236,1.0572691850851628,0.0017071066977208424,0.0,2.5844781342572397e-14,2026-08-18,V1
-0.07197704535860583,1.4968366257419332,0.6334140599190103,0.0009487182956540399,0.0,0.09045453029401175,2026-08-19,V1
0.002503724274707908,1.500584291937075,0.7320869281870027,0.0010993629740325037,0.0,8.33022216387332e-15,2026-08-20,V1
0.019061844562174635,1.5291881964624205,0.6170059732064522,0.0009441007671867785,0.0,1.8938234218820036e-14,2026-08-21,V1
-0.033227623499999415,1.4783769068097241,0.9541981557736325,0.0014120118571261664,0.0,0.9541544099962199,2026-08-24,V1
-0.00015727636816242896,1.4781443930590459,0.0457391495341767,6.761215994992684e-05,0.0,1.0,2026-08-25,V1
0.0,1.4781443930590459,0.0,0.0,0.0,1.0,2026-08-26,V1
0.0,1.4781443930590459,0.0,0.0,0.0,1.0,2026-08-27,V1
0.0,1.4781443930590459,0.0,0.0,0.0,1.0,2026-08-28,V1
0.0,1.0,0.0,0.0,0.0,1.0,2025-02-05,V2
-0.0009990009990009652,0.999000999000999,0.999000999000998,0.0009990009990009981,0.0,9.672072170952007e-16,2025-02-06,V2
0.006802992530144492,1.0057971953348097,0.3310946295861126,0.0003331243455099124,0.0,0.04726758360832704,2025-02-07,V2
0.0030764901510791365,1.0088915205002402,0.16005616789285076,0.00016150516048794256,0.0,2.114816494556646e-14,2025-02-10,V2
-0.012665759024097167,0.9961131436201291,0.12006551006548113,0.00011961319409083975,0.0,2.33832090224917e-14,2025-02-11,V2
0.028512778183637177,1.0245150967299754,0.2368119570019288,0.00024267489335105558,0.0,0.047326236427666805,2025-02-12,V2
-0.0269335016231248,0.9969213177092827,0.20778712612201525,0.00020719046708830052,0.0,0.04732531656104715,2025-02-13,V2
0.015766766781117214,1.012639543624729,0.4973201720928179,0.0005038566501794202,0.0,0.04743732574153365,2025-02-14,V2
0.0007261086728891364,1.0133748299798655,0.3422988352714014,0.00034699580025373335,0.0,7.046579752404679e-15,2025-02-17,V2
-0.02435991957412742,0.9886891006231109,0.42023407516954575,0.0004156555224446266,0.0,2.355690133925283e-14,2025-02-18,V2
0.03715251663998309,1.0254213888857808,0.3578070959975577,0.0003670343768355104,0.0,0.08939430814320201,2025-02-19,V2
-0.0005292843643717182,1.0248786493777513,0.1910308934756409,0.00019582089193468738,0.0,1.4209014597668922e-14,2025-02-20,V2
0.04276946666166248,1.0687121626045628,0.25151039339052833,0.0002688598374814077,0.0,0.16754806207710965,2025-02-21,V2
0.0015677108473959311,1.070387594254622,0.4297710636678295,0.0004602194039023936,0.0,0.0942071500298122,2025-02-24,V2
-0.0025295250108711143,1.0676800220636287,0.1681281129455218,0.00017953721259194756,0.0,0.04734984373361448,2025-02-25,V2
0.022947196303515938,1.092180285119265,0.22100619093086193,0.0002414319625824108,0.0,0.08904055395647532,2025-02-26,V2
0.002686309551510613,1.0951142194511525,0.20161711736770363,0.0002208382968949485,0.0,1.981977218084929e-15,2025-02-27,V2
-0.0502379218421839,1.0400979568861013,0.11567016184046557,0.00012032221669323081,0.0,6.825869254781199e-15,2025-02-28,V2
-0.016196711454736556,1.0232517903937561,0.14326162761410433,0.00014661372107116705,0.0,0.04771295743145472,2025-03-03,V2
0.027252634020892064,1.0511380969485797,0.24829543833536932,0.00026105761394753943,0.0,0.12623824174787707,2025-03-04,V2
0.012018261012030518,1.0637709489573968,0.5144219496046436,0.0005475087760274355,0.0,0.0469374317408228,2025-03-05,V2
0.01594985199995036,1.080737938155114,0.4059545286147441,0.00043890863718874475,0.0,0.047459388416763185,2025-03-06,V2
0.014003031674102662,1.0958715457345045,0.4002243655908898,0.0004387701006458711,0.0,0.08935764306221619,2025-03-07,V2
0.002582655977823922,1.0987018049330228,0.40616234442399457,0.000446432625036083,0.0,0.047521547063295325,2025-03-10,V2
-0.004438906771390361,1.0938247700513668,0.1405902358513067,0.00015380270556017222,0.0,2.1443582209454504e-14,2025-03-11,V2
-0.013029413226032016,1.079572875125498,0.21319617716748826,0.00023020988981892594,0.0,1.737614218591302e-14,2025-03-12,V2
-0.029293015298469394,1.0479489303786342,0.2169239680794237,0.00022737456331483564,0.0,3.1310191217635797e-15,2025-03-13,V2
0.022613749121753512,1.0716469845826266,0.14206755564424178,0.00015226789994152398,0.0,0.04731521798691342,2025-03-14,V2
0.0012711189080880647,1.0730091753275253,0.14833820820344162,0.0001591918726910932,0.0,1.6137145332893402e-14,2025-03-17,V2
-0.002259003449310071,1.070585243899319,0.1126953555255399,0.0001206635829070053,0.0,1.4274010505183115e-14,2025-03-18,V2
-0.010072153403978601,1.0598021450907293,0.3147757570163718,0.0003337050647728931,0.0,1.6583410533595328e-14,2025-03-19,V2
-0.005202452319072126,1.0542885749632445,0.4130313173261979,0.0004356341294974074,0.0,2.413720573784798e-14,2025-03-20,V2
-0.028809724077591525,1.0239148120203962,0.31309914080542106,0.0003206872548054771,0.0,5.3316689189473956e-15,2025-03-21,V2
0.0008151912543727935,1.024749498420378,1.0109108511368345,0.001036978680650856,0.0,2.701074538250831e-14,2025-03-24,V2
-0.007005741003598631,1.0175703688408773,0.4168889689261275,0.0004243907857129302,0.0,1.5443991237434513e-14,2025-03-25,V2
-0.002388934539276355,1.0151394598406092,0.8062115784166315,0.0008190775360242678,0.0,1.9153031015300468e-14,2025-03-26,V2
-0.0035071094109410117,1.0115792546875846,0.3071927040675364,0.00031084525602084577,0.0,2.9923886254525576e-15,2025-03-27,V2
-0.00914605579999983,1.0023272943780897,0.30707082814117487,0.00030788001332384264,0.0,1.3112182825495027e-15,2025-03-28,V2
-0.009933824167583372,0.9923703512773682,0.603508492695622,0.0005992655967722618,0.0,6.37331956265432e-15,2025-03-31,V2
-0.0024051088782243157,0.9899835925350244,0.5096754267035518,0.0005048276081814154,0.0,9.49623519875579e-15,2025-04-01,V2
-0.006168780498775339,0.9838766010552868,0.555751683593357,0.0005470951265222358,0.0,0.050000000000012354,2025-04-02,V2
-0.011977724122412159,0.9720919985573501,0.26548436466380304,0.00025814375976381746,0.0,2.538945563928658e-14,2025-04-03,V2
-0.08433455007501667,0.8901110572274922,0.38443592679741284,0.00034232227021709023,0.0,0.17929295572657689,2025-04-07,V2
0.019148982679649595,0.907155778445306,0.8103207185235654,0.0007356832615917435,0.0,4.825126086128309e-15,2025-04-08,V2
0.027834185679975976,0.9324057208232158,0.28417160986489765,0.0002650385511653345,0.0,1.2736622921637305e-14,2025-04-09,V2
0.0024521098619862958,0.9346920820866189,0.05879051103749976,5.495425595736841e-05,0.0,0.04706889903326841,2025-04-10,V2
-0.0034660716117391743,0.9314523723951811,0.16788728583818704,0.00015640526914509475,0.0,2.352658596373165e-15,2025-04-11,V2
-0.0010161579026292111,0.930505869706049,0.3052249633619038,0.0002841003345032551,0.0,7.70938035728514e-15,2025-04-14,V2
-0.00876066451645141,0.9223540199509654,0.1097641796695186,0.00010125254626748101,0.0,1.3712038538073844e-14,2025-04-15,V2
0.016026826182618192,0.9371364275075587,0.1065545490769257,9.986679071748164e-05,0.0,1.4586556966949908e-14,2025-04-16,V2
-0.0013216924999999158,0.9358978213198452,0.1053206225373151,9.857972365058743e-05,0.0,3.387922464615127e-16,2025-04-17,V2
-0.006666292829282883,0.9296588523846393,0.005328321230646183,4.953547394510989e-06,0.0,6.309865684719068e-15,2025-04-18,V2
-0.003840972547254684,0.9260880582543176,0.0037368866229203104,3.460699008776637e-06,0.0,1.7294837186621968e-14,2025-04-21,V2
-0.0006635384846059855,0.9254735631875318,0.7031106414247463,0.0006511681538927899,0.0,1.401103354895576e-14,2025-04-22,V2
-0.005995481901809652,0.9199249031888377,0.30436460384481223,0.00028007782450214814,0.0,1.843759693585868e-14,2025-04-23,V2
-0.0015362834933012603,0.9185116377449919,0.9023060516063721,0.0008295270965273542,0.0,7.658017759800081e-15,2025-04-24,V2
-0.0031055066999998715,0.915659193699947,0.4090100454987343,0.00037466705106415233,0.0,2.9053461035847363e-15,2025-04-25,V2
-0.0019558061275489758,0.913868341838162,0.4076875336166663,0.00037272468554211955,0.0,7.222372483288036e-15,2025-04-28,V2
0.0022848616207571393,0.915956404538853,0.353056715529336,0.00032349877316887986,0.0,0.0500000000000098,2025-04-29,V2
-0.00538150764694123,0.9110271781435624,0.4603240292831942,0.0004195608353638071,0.0,7.507965316255433e-15,2025-04-30,V2
0.017896330168881702,0.9273312213164441,0.50997822511791,0.0004731600316565249,0.0,6.599637834310698e-15,2025-05-06,V2
0.001913445366390043,0.9291056189449809,0.5114138923656422,0.0004754006474990124,0.0,1.7268070272067416e-14,2025-05-07,V2
-0.006129120313905667,0.9234110188221413,0.7075088678931243,0.0006537840425346699,0.0,2.538886110202805e-14,2025-05-08,V2
-0.013418128148740216,0.911020571437627,0.7094507302931374,0.0006467830704401609,0.0,1.8802925818846366e-14,2025-05-09,V2
0.020324221261494912,0.929536355105299,0.5126414208513199,0.0004767632464021829,0.0,1.7600712734614535e-14,2025-05-12,V2
-0.0012046606518044678,0.9284165792338819,0.3084871951505497,0.00028649300588294335,0.0,5.2192938902455674e-15,2025-05-13,V2
-0.002475646626686423,0.9261181478613417,0.3135748106082884,0.0002904984158022362,0.0,2.4894016286823992e-14,2025-05-14,V2
-0.020778858849999415,0.906874469588508,0.7049703292219085,0.0006397706126882075,0.0,1.908555600800202e-15,2025-05-15,V2
-0.002501903424143803,0.9046055572477759,0.5572877388975358,0.0005044066852538684,0.0,0.05000000000000217,2025-05-16,V2
0.0025010650032499804,0.9068680345487539,0.11139395220122383,0.00010103086872110287,0.0,0.05000000000000836,2025-05-19,V2
0.00287662502499475,0.9094767538313047,0.4568015646270415,0.000415640269267386,0.0,1.1530448050097225e-14,2025-05-20,V2
-0.005871316786642655,0.9041369276994736,0.31843558486413104,0.0002880010811619618,0.0,2.3254413292230016e-14,2025-05-21,V2
-0.007591868389483003,0.8972728391383077,0.5107368322554683,0.000458504462647197,0.0,1.2837061970039236e-14,2025-05-22,V2
-0.013064955145514423,0.8855500097416773,0.4126280051207628,0.00036555357159539256,0.0,1.6056549776817425e-14,2025-05-23,V2
-0.0014024452109577812,0.8843080743714514,0.3202919269687474,0.0002833274846804861,0.0,1.3720494286545337e-14,2025-05-26,V2
-0.009266142535746313,0.8761139497088142,0.6068506233146568,0.0005319931368421516,0.0,2.737811305362182e-14,2025-05-27,V2
-0.007082200059987942,0.8699091354416302,0.41124458296130223,0.00035789260101236846,0.0,1.6218554427851413e-14,2025-05-28,V2
0.005960193622550847,0.8750939623228882,0.40929828782913635,0.0003583211206895641,0.0,1.9664820056840522e-14,2025-05-29,V2
-0.00269709261295481,0.8727337528614657,0.5092573518351148,0.00044467253259573505,0.0,1.641769183729118e-15,2025-05-30,V2
0.00647394218468933,0.8783837807201177,0.4113742080595533,0.00036149314112074227,0.0,2.493371605430783e-14,2025-06-03,V2
-0.004996519892043083,0.8739949186869016,0.30816512484567915,0.00026941777839495297,0.0,1.8038797633592e-14,2025-06-04,V2
-0.0036686376862313796,0.8707885479906321,0.4053108844101602,0.00035308318497829626,0.0,7.383827656604881e-15,2025-06-05,V2
-0.00035106592363043365,0.8704828438047449,0.9055134089642327,0.0007889482905946272,0.0,1.6566885883277627e-14,2025-06-06,V2
0.007381498250874419,0.8769083113937058,0.40960913266272003,0.0003593368405062798,0.0,1.150270851644555e-14,2025-06-09,V2
-0.003286372355588707,0.8740264641607556,0.7088006359492599,0.0006199499345414863,0.0,0.047239605816889574,2025-06-10,V2
0.010381191667411693,0.8830999004075984,0.8204441730718472,0.0007251290954708468,0.0,1.508368358414668e-14,2025-06-11,V2
-0.006866374025194633,0.8770362061897877,0.6083836016316494,0.0005338992614386835,0.0,1.2497232092532207e-14,2025-06-12,V2
-0.00436292350764933,0.8732097643087428,0.408740402935161,0.00035706205659935975,0.0,1.1056453901648448e-14,2025-06-13,V2
-5.2117297216214276e-05,0.8731642549759242,0.561780817088575,0.0004908026521278532,0.0,0.05000000000000486,2025-06-16,V2
0.0014876933613279242,0.8744632556414007,0.36183716754487016,0.00031652783908009196,0.0,1.5237679117763237e-14,2025-06-17,V2
0.007460011346595907,0.8809867614506668,0.41308505096282094,0.00036407285430499405,0.0,1.671431677516354e-14,2025-06-18,V2
-0.01220491197640694,0.8702343955747815,0.4093929565822813,0.00035641374540095063,0.0,1.6727723637333179e-15,2025-06-19,V2
-0.0036206490552833648,0.8670835822325687,0.4140272339485529,0.00035914491292883966,0.0,2.4114858436213976e-14,2025-06-20,V2
0.0023231002749315444,0.8690979043408418,0.16633557443871616,0.00014458594894889247,0.0,0.05000000000000921,2025-06-23,V2
0.0011392719543905638,0.8700880432088769,0.2651555550853359,0.0002307698679826054,0.0,1.2683258779128479e-14,2025-06-24,V2
0.008168892680242124,0.8771956990562121,0.3345614397826248,0.00029357407461245755,0.0,0.04776267645594805,2025-06-25,V2
-0.00589552047076547,0.8720241738555587,0.23969526442681127,0.00020907017807049618,0.0,1.3350361167196201e-14,2025-06-26,V2
0.00998028296511011,0.8807272218630536,0.41040093766257035,0.00036159967852467285,0.0,1.928483318292381e-14,2025-06-27,V2
0.007432289734106368,0.8872730417526544,0.41500226982426425,0.0003683732019962017,0.0,2.2430274303338772e-14,2025-06-30,V2
-0.0023217771722828795,0.8852129914587311,0.31305621178190823,0.00027720820747750884,0.0,2.6650993399383972e-14,2025-07-01,V2
-0.013493721205758424,0.8732681741442716,0.2126966359665313,0.00018578071787084016,0.0,3.2447170887211572e-15,2025-07-02,V2
0.016430085112823622,0.8876160445717821,0.23789865273322683,0.0002112129084143744,0.0,0.047293987515438875,2025-07-03,V2
-0.007512054198068774,0.8809482247378835,0.7206627845895331,0.0006353244554099625,0.0,1.230758707611087e-14,2025-07-04,V2
0.0005238804358691507,0.8814097362778373,0.2095658266403353,0.00018475207771379452,0.0,1.0764560846309297e-14,2025-07-07,V2
0.02469963346259685,0.9031802336942639,0.23676116929026375,0.0002138886487358802,0.0,0.04731608423563775,2025-07-08,V2
-0.008293241311763455,0.8956899420682225,0.5302073820062664,0.0004751533490866074,0.0,6.497962764646913e-15,2025-07-09,V2
-0.002731970755848967,0.8932429433401841,0.40977271934176307,0.00036617663912252033,0.0,2.337592336444923e-14,2025-07-10,V2
0.011093386772645486,0.9031520327925929,0.21799684376370793,0.00019692722210043115,0.0,2.3329531689576433e-14,2025-07-11,V2
-0.009117906390638697,0.894917177101075,0.5081839378985022,0.00045501376583955805,0.0,1.216278484630427e-14,2025-07-14,V2
0.002601736029191448,0.8972455153638811,0.2145097290784003,0.0001925091875111739,0.0,1.1948094537707982e-14,2025-07-15,V2
-0.004696223482954953,0.8930318499046532,0.5080021899316869,0.0004538927139229762,0.0,1.4496103762790014e-14,2025-07-16,V2
0.015276123925214824,0.9066739151129606,0.11239626811961594,0.00010191821968764451,0.0,2.1942661504811495e-15,2025-07-17,V2
0.0036924297780889237,0.9100217448761402,0.31207014692019946,0.00028407927228431214,0.0,2.6520321569095045e-14,2025-07-18,V2
-6.507717684722802e-05,0.9099625232301141,0.20814739095529997,0.00018944575771764628,0.0,8.878968741251586e-15,2025-07-21,V2
-0.001885329217695464,0.9082469442980604,0.6545853723108369,0.0005949145865696687,0.0,0.15000000000001715,2025-07-22,V2
-0.009509226709316199,0.8996102181966865,0.5623609079279476,0.0005061902807121933,0.0,0.10000000000000647,2025-07-23,V2
0.020241825851803563,0.9178199715679269,0.2332962640384468,0.0002141739364058887,0.0,0.14191428464216901,2025-07-24,V2
-0.012002994679675472,0.9068033833322973,0.4004094945624453,0.00036323812838299217,0.0,0.04783667679349832,2025-07-25,V2
0.006588161923576141,0.912777550854537,0.2712478056629724,0.00024765608389703154,0.0,0.044773332499735335,2025-07-28,V2
0.0230682158124611,0.9338337003864192,0.41469961293685575,0.0003874211374934018,0.0,0.08912808604902162,2025-07-29,V2
-0.003943206499228635,0.9301514012698567,0.4203426381353785,0.00039114670951486606,0.0,0.046906755507843866,2025-07-30,V2
0.003922398504334623,0.9337998257350023,0.2017759225160709,0.00018845634723634394,0.0,0.0463028372551279,2025-07-31,V2
-0.01909933950222331,0.9159648658361725,0.29589528098042905,0.00027110990148527186,0.0,0.04665921297548382,2025-08-01,V2
0.020179893717515274,0.9344489394777246,0.3900487534339395,0.00036462286468479706,0.0,0.08710940199701048,2025-08-04,V2
0.001515395030415423,0.9358649987567861,0.18726429387846588,0.0001752869231396488,0.0,0.08753942470421282,2025-08-05,V2
0.005289628832652493,0.9408153772376803,0.31492395793995775,0.0002963786390245152,0.0,4.276236442110772e-15,2025-08-06,V2
0.013502793896948528,0.9535190133716005,0.4484469053698263,0.0004277944938746966,0.0,0.08963989042435679,2025-08-07,V2
-0.005970649300935937,0.9478258857409843,0.24486050001867868,0.00023214196271024895,0.0,0.04754259813933007,2025-08-08,V2
0.011739664573772624,0.9589530437139223,0.3109969694047689,0.0002983242683398623,0.0,0.08944339128812218,2025-08-11,V2
0.02172936424634675,0.979790483695925,0.32604381438381436,0.00031955881677672374,0.0,0.047373764685116566,2025-08-12,V2
0.008459142449144919,0.9880786709678255,0.3137793112549913,0.00031013595908967005,0.0469763847547238,0.0901350766424831,2025-08-13,V2
-0.005467010370510561,0.9826768346267641,0.24779423296386363,0.00024356200574809,0.04723461689513661,0.04513802591317865,2025-08-14,V2
0.01506149157734682,0.997477413494749,0.31807541273204065,0.00031737398885072475,0.04653374922314976,1.0971830962226386e-14,2025-08-15,V2
0.018426881705493336,1.0158578117971182,0.30146164982961154,0.00030633452004647134,0.045691791977468935,2.4041866218425556e-14,2025-08-18,V2
-0.0008051402430562238,1.0150399037916173,0.3785920612090513,0.0003844315921347658,0.0,0.12611890399845752,2025-08-19,V2
0.012846323740822507,1.0280794350055777,0.3536220137779004,0.0003636801254286436,0.0,0.04691195133952772,2025-08-20,V2
-0.014915374683381666,1.0127452450281902,0.41790216180607626,0.00042340536927524554,0.0,0.04791349756318272,2025-08-21,V2
0.04396447773861856,1.0572700608081238,0.40574352617265447,0.000429154609293513,0.0,0.08944375575798039,2025-08-22,V2
0.017345129302636764,1.0756085467206473,0.580229866816136,0.0006244625356238955,0.0,0.04698462143446984,2025-08-25,V2
-0.013084781513429844,1.0615344438928298,0.22019202203200247,0.00023379289498766352,0.0,0.04738127735668183,2025-08-26,V2
-0.0037355092049375926,1.0575690722063098,0.4264410551709875,0.00045118327413936054,0.0,2.5861633242376244e-14,2025-08-27,V2
0.04507588624312042,1.1052399353993239,0.44471122948320835,0.0004917312889714691,0.0,0.08889283529283142,2025-08-28,V2
-0.0009343208418488569,1.1042072866924366,0.21201281256987786,0.00023415573652809762,0.10024330470244992,0.12762353418687875,2025-08-29,V2
0.008401327829094196,1.1134840940992143,0.39713252069456845,0.00044237642710852256,0.14159489761097915,0.12079690782628227,2025-09-01,V2
-0.021546677579054374,1.0894922113342531,0.28523346252963894,0.0003108483001749225,0.14471298156629167,9.368339998858207e-15,2025-09-02,V2
-0.0006200459871767983,1.0888166760605549,0.4262022033065057,0.0004642539323827496,0.08825933390072714,0.08519150902950842,2025-09-03,V2
-0.03894156625465839,1.0464164493305659,0.3065245945155212,0.0003208507264642526,0.09183555421991524,0.15798215392822015,2025-09-04,V2
0.037164551118354705,1.0853060469527989,0.25561493180676287,0.0002774913621169116,0.08854482552541033,0.12988854102381786,2025-09-05,V2
0.007338790448148114,1.0932708806034934,0.21002360710081758,0.00022966092809916246,0.08789974769661976,0.09070327132269684,2025-09-08,V2
-0.019374726432918377,1.072089056374725,0.2894647862043822,0.00031042188570034506,0.04582077904457356,1.610917781807819e-14,2025-09-09,V2
0.008209666171760777,1.0808905496339596,0.1492025865281546,0.00016129573149956114,0.04544766885498936,0.047474591357462306,2025-09-10,V2
0.04560197876064942,1.130181297520954,0.19061022122359972,0.00021546517700829954,0.04346555360277572,0.1572399930064437,2025-09-11,V2
0.02511289005917061,1.1585634161925285,0.24475776889068915,0.0002836368191806961,0.0,0.09350442394326273,2025-09-12,V2
0.007056656637840497,1.1667390004137626,0.4935358554454065,0.0005761118625116217,0.0,2.3777216873868298e-14,2025-09-15,V2
0.016721600467380027,1.1862487438283917,0.24699678192353014,0.00029307201012981676,0.0,0.04936214932036244,2025-09-16,V2
0.011850226883473036,1.200306060582993,0.1624135165246651,0.0001949775952020319,0.0,9.903196983530876e-15,2025-09-17,V2
-0.013708890566632936,1.1838511961519944,0.12356950550463437,0.0001463059858578967,0.0,1.431155037840817e-14,2025-09-18,V2
0.025728398054377655,1.214309790963744,0.3931697997576692,0.0004776177222211987,0.0,0.13097703953571588,2025-09-19,V2
0.03438010267493108,1.2560578862562515,0.12299448592864408,0.0001545071975500419,0.0,0.16517821039462804,2025-09-22,V2
0.014206165409988092,1.2739016523529278,0.2511502757076666,0.0003200211246065671,0.0,0.09841048358319797,2025-09-23,V2
0.03762453285827516,1.3218316069300917,0.1816928874306482,0.00024021104599876228,0.0,0.04988607752822563,2025-09-24,V2
-0.0022533395545563106,1.3188530714857334,0.1517940754810022,0.0002002244755706149,0.0,1.08973429821846e-14,2025-09-25,V2
-0.022781720524017057,1.288807329398904,0.12540418245145427,0.00016164210007612144,0.0,4.099574087986379e-15,2025-09-26,V2
0.04659881153623502,1.348864219248082,0.2270791795841745,0.0003063685501963315,0.0,2.5311756539732195e-14,2025-09-29,V2
0.05097164276052335,1.4176180443640476,0.2854581466082617,0.0004047861690521798,0.0,0.20375294040936576,2025-09-30,V2
0.02096482477753958,1.4473381582656182,0.2322502156461094,0.0003362226871616311,0.0,0.10064142109591613,2025-10-09,V2
-0.04909397801982873,1.3762825705364665,0.3778453581784848,0.0005202185429808607,0.0,0.09526706055342522,2025-10-10,V2
0.006803659660030714,1.3856463287424288,0.24243064029758057,0.0003360045845095844,0.0,0.049871853751904796,2025-10-13,V2
-0.04308002419109824,1.3259526513798985,0.2292548694202369,0.00030405080707758927,0.0,0.05016246749893991,2025-10-14,V2
0.007818830956954903,1.336320051017964,0.35572584843671623,0.0004755327432199026,0.0,2.7811563107120138e-14,2025-10-15,V2
0.03058346953455615,1.3771893545866885,0.2794303401337052,0.000384936052592782,0.0,0.09307631160995508,2025-10-16,V2
-0.0515478481045456,1.3061982069252567,0.17905463784496625,0.00023392273184478035,0.0,0.1439477941007771,2025-10-17,V2
-0.001054051254231747,1.304821407066972,0.242738232264959,0.0003168069429302094,0.0,2.3334559507202476e-14,2025-10-20,V2
0.03625017779531614,1.3521214150642842,0.3303141070130866,0.00044677235300104973,0.0,1.9054826022879286e-14,2025-10-21,V2
-0.0075136329000684565,1.34196207111517,0.32576469045905615,0.0004373063176618362,0.0,1.3632571420180878e-14,2025-10-22,V2
0.006453785710527127,1.3506228067538026,0.22748353855958708,0.0003073143642986773,0.0,6.720077597800862e-15,2025-10-23,V2
0.05509476547767522,1.4250350535407028,0.36583254239115365,0.0005215149837857224,0.0,0.2031113657744237,2025-10-24,V2
0.03586270676303016,1.4761406677928721,0.287317009934346,0.00042424221491741483,0.0,0.13124876327435084,2025-10-27,V2
-0.021523212702923455,1.4443693782205307,0.5203455139888798,0.0007519624067650093,0.0,1.919012474062567e-15,2025-10-28,V2
0.02358381410419863,1.4784331171342806,0.34677912370405384,0.0005128675925892129,0.0,0.049507503108607985,2025-10-29,V2
0.006143028010600959,1.4875151731846366,0.32694459784721475,0.00048649410670855385,0.0,0.04979137255994845,2025-10-30,V2
-0.030801646907058444,1.4416972560513115,0.23085469333570643,0.00033289942932432327,0.0,0.05020697768380642,2025-10-31,V2
0.021607554697130604,1.4728488083681432,0.5136981307509225,0.000756988543337151,0.0,0.049680272475038895,2025-11-03,V2
-0.03071304890218729,1.4276131308912041,0.37812766458198804,0.0005400242172065409,0.0,1.2066232905768712e-14,2025-11-04,V2
0.0070072652187258555,1.4376167947290943,0.387966518196197,0.0005579636535673782,0.0,2.2036589135397365e-14,2025-11-05,V2
0.025687113155677066,1.4745450200098025,0.5138379330247086,0.0007580666886541073,0.0,0.04668981782602603,2025-11-06,V2
0.012277410576832848,1.492648614634487,0.535363649185993,0.0007995378527856656,0.0,5.782271681136154e-15,2025-11-07,V2
0.017089015778417815,1.5181565103616093,0.6585003023961554,0.0010003652619853356,0.0,0.09403932522321508,2025-11-10,V2
-0.016794176770981495,1.49266032156058,0.5310445939663783,0.0007930903607414606,0.0,0.04726658423347588,2025-11-11,V2
0.004866661288921437,1.499924593765028,0.2031854579210803,0.00030482480139809543,0.0,0.04699514223140128,2025-11-12,V2
0.021860561421431557,1.5327137874745442,0.13359647751223266,0.0002047925226006722,0.0,0.08973524670633783,2025-11-13,V2
-0.038699326309060034,1.4733987964746715,0.2785447460522467,0.0004105218423000357,0.0,0.20649526327884818,2025-11-14,V2
0.006439042253405747,1.482886073581289,0.32342655189858566,0.00047975989672596606,0.0,0.04774565736204707,2025-11-17,V2
-0.029247737257791062,1.439515011317946,0.14792875928707447,0.0002129771750486441,0.0,1.7508176148410058e-14,2025-11-18,V2
-0.0020227324837579497,1.436603257543696,0.517361708094755,0.0007436282399537059,0.0,2.5087382161806023e-14,2025-11-19,V2
-0.021405005290409118,1.4058527572157542,0.4294674720503265,0.0006040274398540746,0.0,0.04769137129027549,2025-11-20,V2
-0.05103212081199382,1.3341091094656452,0.2223610110814308,0.00029671982939500025,0.0,0.1946029284425425,2025-11-21,V2
-0.003035195989433248,1.3300598268471286,0.9581820451243385,0.0012756617612213591,0.0,0.04785311037826878,2025-11-24,V2
-0.0026954770508869075,1.3264746811075556,0.43816615738632886,0.0005814710948464137,0.0,2.2594419887188474e-14,2025-11-25,V2
-0.0011950633785201559,1.3248894597936298,0.4291922256035829,0.0005688764132614577,0.0,0.04724670964354825,2025-11-26,V2
-0.00745508292866659,1.315012298999552,0.1446600873827172,0.00019025731672268537,0.0,3.4114741265618474e-15,2025-11-27,V2
0.008761752666199829,1.3265341115163969,0.5202657042447492,0.0006905094521191553,0.0,0.047274180456667474,2025-11-28,V2
-0.0021130617999427503,1.3237310629590306,0.43631526089890094,0.0005778161741097072,0.0,1.3901902606179543e-14,2025-12-01,V2
-0.003120357810547314,1.3196005483976623,0.661585575697804,0.0008736066540639677,0.0,0.05000000000000125,2025-12-02,V2
-0.003052512250000028,1.3155724515585716,0.3665471438481624,0.00048239614557348275,0.0,2.114827760793394e-14,2025-12-03,V2
0.0012460484903018543,1.3172117186257188,0.4082758132271619,0.0005380053401820463,0.0,1.5811909246748728e-14,2025-12-04,V2
-0.008342649920015988,1.3062226823866818,0.41065859866101706,0.0005366319488122455,0.0,6.641141758787619e-15,2025-12-05,V2
0.0009743733693208245,1.3074954309828022,0.5573724017363573,0.0007291682869055405,0.0,0.05000000000000664,2025-12-08,V2
-0.012091846546036122,1.2916853968717148,0.7549113932482769,0.0009758446988720992,0.0,2.4434317038918527e-14,2025-12-09,V2
0.0083134991003595,1.3024238222565554,0.511781967225921,0.0006668983324568876,0.0,2.1848721586191078e-14,2025-12-10,V2
-0.02137540054029685,1.2745839913825971,0.4295517324171965,0.0005477350421458791,0.0,0.04770073223049833,2025-12-11,V2
0.0074299198105798325,1.2840540482304186,0.32950801719181816,0.0004232455662068385,0.0,2.4497800364991673e-14,2025-12-12,V2
-0.01785502945589068,1.2611272253763088,0.40840770181674924,0.0005152645098087506,0.0,9.519899416348389e-15,2025-12-15,V2
-0.016211498700129723,1.2406824630014226,0.40901479456654655,0.0005076651252737663,0.0,3.591891013584883e-15,2025-12-16,V2
0.019029057565460583,1.264291481010334,0.6137786760395854,0.0007764717331349954,0.0,7.923827870579614e-16,2025-12-17,V2
-0.007920966716641442,1.254277070269118,0.41327071029253526,0.0005185702856440432,0.0,1.8601456395578195e-14,2025-12-18,V2
-0.0008022285499998949,1.2532708533937378,0.31363183756060203,0.000393188957286204,0.0,9.683821071655132e-15,2025-12-19,V2
0.0023044847652347045,1.2561589969820963,0.1969724196199501,0.0002474774232897998,0.0,2.429578553108538e-14,2025-12-22,V2
-0.0030810273057294557,1.2522887368120568,0.43280554602291815,0.0005422321916140554,0.0,1.7314924163087454e-14,2025-12-23,V2
0.023965975959885588,1.28230105857333,0.3474677040341062,0.0004457130756020163,0.0,0.049605841617919644,2025-12-24,V2
0.0014179863274343951,1.2841193439420417,0.4497330376928823,0.0005777707358993918,0.0,5.173966846878249e-15,2025-12-25,V2
-0.0012626701573434929,1.2824979247679786,0.2266418600584518,0.00029073360759612624,0.0,2.2508496213031695e-14,2025-12-26,V2
-0.0016874775561755984,1.280333738304091,0.4354967114774219,0.0005578240631701194,0.0,2.614490188998931e-14,2025-12-29,V2
0.002225430946493523,1.2831830326271525,0.4343606112023215,0.000557606368579445,0.0,2.079901061635416e-14,2025-12-30,V2
-0.0028058893858864398,1.2795825629757545,0.6476037950509578,0.0008291995166179461,0.0,2.2666794043985063e-14,2025-12-31,V2
0.024209542678971907,1.3105606716453844,0.4464448655296595,0.0005853544112926206,0.0,0.049577513700255205,2026-01-05,V2
0.025006146501025395,1.343332743799031,0.8115134219881878,0.0010910179274809138,0.0,0.04983122610742453,2026-01-06,V2
0.00035252814978514735,1.3438063064057482,0.4440497324412138,0.000596981920474347,0.0,2.409260516127025e-14,2026-01-07,V2
-0.010602887134964378,1.3295580798076747,0.6421294458028032,0.0008542969621844199,0.0,1.9122223880278905e-14,2026-01-08,V2
-0.006471095142872141,1.3209543829752648,0.4381078213261825,0.0005789740998780669,0.0,1.2433872753416997e-14,2026-01-09,V2
0.024409947171796675,1.3531988096800442,0.5361446247609748,0.000725899455133892,0.0,0.10526315789473685,2026-01-12,V2
-0.01809643664194438,1.3287107331567147,0.4462641665049091,0.0005932207210089226,0.0,2.185155230070013e-14,2026-01-13,V2
0.007586014617111392,1.3387903522003544,0.4467112596131986,0.0005983200008706587,0.0,0.04960710987160415,2026-01-14,V2
0.01202937944082505,1.3548951693386881,0.45437459385860335,0.000615909796052685,0.0,2.7907602655738555e-14,2026-01-15,V2
0.024031020003270065,1.3874546822554001,0.34755674370708933,0.0004823868882219185,0.0,0.1736649519068891,2026-01-16,V2
-0.005256002545249272,1.3801622169140477,0.5520989775739994,0.0007624070730100142,0.0,5.223826241754817e-15,2026-01-19,V2
0.014410226327701503,1.4000506668287214,0.23195549712159155,0.00032482479331608283,0.0,6.501066885332e-15,2026-01-20,V2
0.033718619421684526,1.4472584424345947,0.30637406078843316,0.0004435383346597346,0.0,0.13121206571382707,2026-01-21,V2
0.008662064546436143,1.4597946884783377,0.3293420063063049,0.00048093010198342346,0.0,1.7978934467324026e-14,2026-01-22,V2
-0.009949539331754575,1.445270403809036,0.23588379789919378,0.0003409963073458232,0.0,2.790563087563829e-14,2026-01-23,V2
-0.007156622349660413,1.4349271493358335,0.3429069901744614,0.0004922153339770624,0.0,2.3808323977165626e-14,2026-01-26,V2
0.027910666105861015,1.4749769218871809,0.37283744346856407,0.0005501317344409884,0.0,0.09315088164285391,2026-01-27,V2
0.02325716778936271,1.5092807076449488,0.4819070773105766,0.0007276837306022371,0.0,0.09281770428380988,2026-01-28,V2
-0.027569977068352847,1.4676698731454703,0.31490723648751606,0.00046232545345913003,0.0,2.7620574824149194e-14,2026-01-29,V2
0.020527301236579865,1.4977971747473802,0.2798737510394472,0.00041931146786620125,0.0,0.093224050060733,2026-01-30,V2
-0.06265230440297043,1.4039567302211982,0.37821046801810226,0.0005311920344020626,0.0,0.2728173461428671,2026-02-02,V2
0.03428666877584874,1.452093729605916,0.5195840804354654,0.0007548770072790642,0.0,0.04811409083755676,2026-02-03,V2
-0.015504493802719121,1.4295797513742738,0.21923385222649544,0.0003134810016063597,0.0,0.048341325263615766,2026-02-04,V2
-0.018277531817011083,1.4034505619835758,0.34018642907129815,0.0004775973071817635,0.0,2.801287749088946e-14,2026-02-05,V2
-0.020064916808318456,1.3752904432127875,0.2135571129306699,0.0002937657922681389,0.0,1.2595137946777015e-14,2026-02-06,V2
0.03459643651508304,1.422870591721199,0.4252636910778852,0.0006053526342571795,0.0,0.04722435251212457,2026-02-09,V2
0.0078667759434623,1.4340639958628114,0.34895055883642934,0.0005005921146616912,0.0,8.206152064721352e-15,2026-02-10,V2
0.004858378333416402,1.441031221309044,0.33005861287368204,0.0004757818018944948,0.0,0.04711963142032487,2026-02-11,V2
0.03962570664309406,1.4981331017481756,0.20958354168042367,0.00031404986105520544,0.0,0.08491383281456229,2026-02-12,V2
-0.004944119092650134,1.4907261532764913,0.31963597209981875,0.000476642055083775,0.0,0.12847898256399534,2026-02-13,V2
0.02437023525328952,1.5270555003300708,0.3053197554299096,0.00046638260771239895,0.0,0.09053133329675038,2026-02-24,V2
0.000856103671996733,1.528362818151246,0.329871274141242,0.000504329353940222,0.0,0.04747279555212777,2026-02-25,V2
0.011401485294909586,1.545788424347684,0.23910923726896496,0.00036970068997496766,0.0,1.5973830563319883e-15,2026-02-26,V2
-0.0025041093500000056,1.5419176011011533,0.4167295855570389,0.0006428305693867511,0.0,9.571161987449182e-15,2026-02-27,V2
0.010029518628039247,1.557382292404299,0.2675259086069021,0.00041675160467546447,0.0,0.08910996679094112,2026-03-02,V2
-0.027483928697343507,1.5145793085253538,0.2439196478388413,0.00036952578615912743,0.0,0.2608382401851556,2026-03-03,V2
-0.006712156196502228,1.5044132156345413,0.4055216245078198,0.0006103195889263224,0.0,0.128570668952847,2026-03-04,V2
0.004030125416077057,1.5104761895711523,0.3122658108304058,0.0004718174045208442,0.0,3.529759972462606e-15,2026-03-05,V2
0.00519631362271733,1.518325097571811,0.14486252889673545,0.00021998028022133544,0.0,0.04726705374587125,2026-03-06,V2
-0.022585936084988822,1.4840323039618197,0.36040732693042843,0.0005350489513116037,0.0,0.04511018145496857,2026-03-09,V2
0.02256619576199581,1.5175212674501477,0.41055780313715357,0.0006232860927472058,0.0,1.2652587061054519e-14,2026-03-10,V2
-0.0017829354059326619,1.514815625053155,0.4258635796215339,0.000645379648238982,0.0,0.047248278858954655,2026-03-11,V2
-0.01704142235812478,1.4890010121919375,0.6678425303571447,0.0009950827622764867,0.0,0.046916573528115624,2026-03-12,V2
0.0003949168611980802,1.489589043797993,0.22004622337118132,0.00032785058574606106,0.0,0.04742204218213446,2026-03-13,V2
0.01937965047908974,1.5184567588242797,0.5066069776737774,0.0007696506997311437,0.0,0.12758708906594518,2026-03-16,V2
-0.02397886605785171,1.4820458875897926,0.3122330207050994,0.0004628881932845691,0.0,2.758594586275429e-15,2026-03-17,V2
0.03497532646720347,1.533880926347622,0.3315149069784684,0.0005086730253048454,0.0,0.047327602958985526,2026-03-18,V2
-0.02347094883887213,1.4978792856003953,0.24650152034167885,0.0003693205592681583,0.0,2.351952871644091e-14,2026-03-19,V2
-0.01907667109866995,1.4693047351234858,0.32537427407900216,0.0004782295651892613,0.0,1.935700117874845e-14,2026-03-20,V2
-0.02927669323466109,1.4262883511250406,0.46489389413906157,0.0006633811475646911,0.0,0.05000000000002109,2026-03-23,V2
0.023965621116225133,1.4604702373505887,0.2825750127123526,0.00041280904540660874,0.0,0.04731457048627294,2026-03-24,V2
0.014816724014148352,1.48210962178829,0.3383089601986766,0.0005015806542772546,0.0,1.074282952486644e-14,2026-03-25,V2
-0.011099833766753164,1.4656584513623347,0.12025426683200564,0.00017627288006066445,0.0,1.4432847313242384e-14,2026-03-26,V2
0.002644759222233173,1.4695347650682193,0.2123838378540414,0.00031217173349595503,0.0,8.161610039984059e-15,2026-03-27,V2
-0.009320936093609178,1.4558373254356816,0.21630590496350108,0.0003149743409678715,0.0,2.1478873608244387e-14,2026-03-30,V2
-0.017341652656460704,1.4305907002136653,0.42962155239243804,0.0006148767617729028,0.0,0.04770848891065123,2026-03-31,V2
-0.0038057421504560374,1.4251462408858118,0.2965157130346765,0.0004227035920519448,0.0,0.047864515595116605,2026-04-01,V2
-0.010350203027709948,1.410395687948466,0.22339366874383948,0.0003151438682562111,0.0,1.829873499656162e-14,2026-04-02,V2
-0.01729540414999975,1.3860023245139803,0.4074377496649189,0.0005649398459498527,0.0,2.138706447481408e-14,2026-04-03,V2
-0.003324199370251968,1.3813949764596631,0.10669269132869605,0.00014740047437973689,0.0,3.565620661387625e-15,2026-04-07,V2
0.022392764917541053,1.4123282294257966,0.3129276200109764,0.0004420948551993874,0.0,1.8807380416925732e-14,2026-04-08,V2
-0.005037361119440087,1.4052138221149995,0.21509860453955948,0.00030232456180800005,0.0,2.771971840716705e-15,2026-04-09,V2
0.014731033767565238,1.425914074379225,0.7111762830969096,0.0010147979716821824,0.0,0.047289909928358485,2026-04-10,V2
0.0019436344893621893,1.4286855301530554,0.3429031456315228,0.0004900688085437481,0.0,1.903463037695518e-14,2026-04-13,V2
0.027399225921848958,1.4678304077649955,0.3310411779471898,0.0004860732174637058,0.0,0.047259950242372194,2026-04-14,V2
-0.011076000383956841,1.4515727176050068,0.4356717117758833,0.0006326848135218658,0.0,8.253192278978222e-15,2026-04-15,V2
0.02044010017003406,1.4812430093569418,0.21549763799023366,0.00031927317242049673,0.0,1.988551451407152e-14,2026-04-16,V2
-0.0050511702489253185,1.4737609987366493,0.4177064855685173,0.0006158567747192154,0.0,2.3796947377562742e-14,2026-04-17,V2
0.010062296472354237,1.4885904188353303,0.23656658429096475,0.00035223407760474044,0.0,0.047277187744170196,2026-04-20,V2
-9.149842502309546e-05,1.4884542151565023,0.4365261761280295,0.0006500329832964709,0.0,1.7078184506471443e-14,2026-04-21,V2
0.017485243899999725,1.5144802001424964,0.21298582492713622,0.00032263153070587886,0.0,3.3767128858458883e-15,2026-04-22,V2
-0.01658882740177925,1.4893567494989204,0.23400541445260065,0.00034859911751524493,0.0,2.781852087036928e-15,2026-04-23,V2
0.005885018542583165,1.4981216415862428,0.4251475646137501,0.0006371936687520017,0.0,2.7663799329134684e-14,2026-04-24,V2
0.022078820071970595,1.5311983997567506,0.4228608234597145,0.0006477577275674182,0.0,1.7113942420842298e-14,2026-04-27,V2
-0.004164798100474543,1.5248212675699941,0.36689203337728804,0.0005596501065612649,0.0,0.05000000000000643,2026-04-28,V2
0.00914705363927193,1.5387688894947595,0.17417257592835603,0.0002680580295992317,0.0,2.4420019823326565e-14,2026-04-29,V2
0.02622507665232332,1.5791232215719702,0.23724383549187333,0.00037472615126940377,0.0,0.04707665738418919,2026-04-30,V2
0.07045173668478899,1.6903751949709944,0.3694292124601284,0.0006247047612282311,0.0,0.19281475930707087,2026-05-06,V2
0.008323161910896548,1.7044444614089014,0.3732693536210586,0.0006364544513347528,0.0,2.364649155341827e-14,2026-05-07,V2
-0.022330669066186415,1.666383076199485,0.11706991482857779,0.00019510616586467747,0.0,7.615517566015625e-15,2026-05-08,V2
0.07427383767637319,1.7901517423077808,0.2344869928916918,0.00041986575193116285,0.0,0.15620496529846267,2026-05-11,V2
0.0022459018999367864,1.794172247507005,0.356949122431539,0.0006406568911537244,0.0,1.6676075339868066e-14,2026-05-12,V2
0.03796477811248922,1.8622875987791947,0.17889688201277362,0.0003332170563250632,0.0,0.08937498147090978,2026-05-13,V2
-0.014765304089875975,1.8347903560804149,0.3199874685020526,0.0005872978492261822,0.0,0.05000000000001255,2026-05-14,V2
-0.020412101663747628,1.7973384288004377,0.18484118577726738,0.00033228358611459534,0.0,0.04714647097546202,2026-05-15,V2
0.015621491993974557,1.8254155366764067,0.2642554065853026,0.0004825034289713538,0.0,1.9660099374487143e-14,2026-05-18,V2
0.03126507552382263,1.8824872912929538,0.1825233521817198,0.0003436606169340912,0.0,0.08932156475636126,2026-05-19,V2
0.015411184327268623,1.9114986499328102,0.2343031241649999,0.0004479750674742941,0.0,0.04758091559449265,2026-05-20,V2
-0.05103780497691357,1.813939954623906,0.11459085712080853,0.00020788475585839007,0.0,0.04788940399352089,2026-05-21,V2
0.023182772074152425,1.85599211114815,0.23953937544193776,0.0004446897118254275,0.0,1.4776494155668082e-14,2026-05-22,V2
0.058770691757141336,1.9650700514161241,0.25618270366788476,0.0005035459584336246,0.0,0.1828515012235468,2026-05-25,V2
-0.0130432246778035,1.9394392012278807,0.33953212043737313,0.0006587255629394387,0.0,0.04710519968571903,2026-05-26,V2
-0.003554001242420113,1.9325464318971186,0.2628509611597952,0.0005081052430615994,0.0,1.847385621804224e-14,2026-05-27,V2
0.008366658286685036,1.9487153875159544,0.3288314225106696,0.0006410096370560983,0.0,2.5211131763165915e-14,2026-05-28,V2
-0.04823740227136197,1.8547144194559544,0.36230389241509753,0.0006722137991632723,0.0,0.09051819222406544,2026-05-29,V2
-0.04612824575990693,1.769159696900847,0.24290516905492468,0.0004298424462129239,0.0,0.04792858655008827,2026-06-01,V2
0.0086469843915713,1.7844575931861457,0.12881639009565485,0.00022989699993464528,0.0,2.0374158870082477e-14,2026-06-02,V2
0.029222016708359444,1.8366030427895903,0.24020462935568,0.0004412665474342612,0.0,0.04732823195058631,2026-06-03,V2
0.03718859128429841,1.9049037226993912,0.23293678591443473,0.00044382553393541955,0.0,0.19884952597886105,2026-06-04,V2
-0.044378544789015706,1.8203668675228135,0.37854198729838257,0.0006893462381391392,0.0,1.8335643301537376e-14,2026-06-05,V2
-0.046007508449154244,1.7366163234846972,0.022440395423048074,3.897123152696216e-05,0.0,1.7517381962160143e-14,2026-06-08,V2
0.06265926208103956,1.845431420832136,0.4462166341545746,0.0008238298037289461,0.0,0.08919388329848643,2026-06-09,V2
-0.026875611935996746,1.7958343221113564,0.34403083454583955,0.0006180350036401128,0.0,0.04793771238413228,2026-06-10,V2
0.002662875409434662,1.8006164051671254,0.3226505640491424,0.0005811574095292981,0.0,2.3214275498881004e-14,2026-06-11,V2
-0.022327050549999505,1.7604139516678006,0.12456658209710895,0.00021931606848837366,0.0,1.8843899066789373e-14,2026-06-12,V2
0.045116646443042585,1.8398379255185962,0.40156757507396473,0.0007391160593232572,0.0,0.04459190749739246,2026-06-15,V2
-7.39048203497461e-05,1.839701952627238,0.4997854093744573,0.0009199159540924988,0.0,2.8345223744176828e-14,2026-06-16,V2
0.062224699399848316,1.9541768536147819,0.5088616445961228,0.000994911920077974,0.0,0.16953719862824396,2026-06-17,V2
0.011825687728395096,1.977286338851688,0.4137634463626151,0.0008184674619267743,0.0,1.2094862433491644e-14,2026-06-18,V2
0.045689432828989185,2.0676274302143303,0.5114267262999898,0.001057981007605783,0.0,0.19660643423645544,2026-06-22,V2
-0.01887521765627609,2.028600512436948,0.2730609237723826,0.0005540828282600929,0.0,0.04756813376011546,2026-06-23,V2
0.04758437962095319,2.125130209320008,0.4649387493412954,0.000988514980627448,0.0,0.1700324371363508,2026-06-24,V2
0.04840306669033079,2.227993028567361,0.24183339437703452,0.0005389334488520934,0.0,0.24229938942974893,2026-06-25,V2
0.007544762424792184,2.244802706651995,0.3240670831571288,0.0007277024898312256,0.0,1.3206163505686519e-14,2026-06-26,V2
0.03304826498048574,2.3189895413303416,0.23907494741692437,0.000554544880442081,0.0,0.15926199053169587,2026-06-29,V2
0.019161012997968907,2.3634237300739263,0.34249961442402055,0.0008097490550100213,0.0,2.3417779451200798e-14,2026-06-30,V2
-0.01554332242155787,2.3266882730186262,0.1345966638251975,0.0003132066358777944,0.0,0.04482672258112356,2026-07-01,V2
-0.08364786676243707,2.1320657623594395,0.2821573249009624,0.0006017477595583725,0.0,0.2757278230657953,2026-07-02,V2
-0.0007556840245473984,2.13045459432354,0.4366269961496994,0.0009306203239093983,0.0,0.04847398371943541,2026-07-03,V2
0.0007246231623125876,2.131998371068842,0.33107720633280685,0.0007060898348495091,0.0,0.04732810874862858,2026-07-06,V2
-0.028960822644383377,2.070253944366203,0.24293150671689642,0.0005030521172002682,0.0,1.597378556097414e-14,2026-07-07,V2
-0.02681230589912864,2.014745662320979,0.27248969673304024,0.0005491470714390101,0.0,0.09076380121278313,2026-07-08,V2
0.07872521724554371,2.173356952281715,0.20772891798028786,0.00045156289075311306,0.0,0.23866705449599893,2026-07-09,V2
-0.036655345290942165,2.093691802755359,0.3721446171207079,0.0007794462010131999,0.0,0.09520464613412384,2026-07-10,V2
-0.07235457353424579,1.9422036252548487,0.3757584466544401,0.0007300737486901352,0.0,0.25639367726707724,2026-07-13,V2
0.02262068030281572,1.9861375925447082,0.6156569012520461,0.0012235325919704274,0.0,8.309457276033533e-15,2026-07-14,V2
-0.06046389552276066,1.8660479766552576,0.38120827484595765,0.0007116242069968284,0.0,0.2285833778177914,2026-07-15,V2
-0.049233307264184845,1.7741762632508788,0.4953744266152202,0.0008793171403464502,0.0,0.08397807265862708,2026-07-16,V2
-0.07652725581679887,1.6384034224889865,0.7305082101869506,0.0011977421121732333,0.0,0.026491885523494355,2026-07-17,V2
-0.025252630652693786,1.5970294260007627,0.6613392537296279,0.0010568772031564198,0.0,0.03760290510400855,2026-07-20,V2
0.02150333610234001,1.6313708865133842,0.3553891532658673,0.0005799776357814724,0.0,2.1415402060473313e-14,2026-07-21,V2
0.0031078408499913834,1.636440927595977,0.6499050010108689,0.0010642227864145714,0.0,9.695562072907347e-16,2026-07-22,V2
0.008076587188967865,1.6496577854273013,0.40943689649943277,0.0006757074235019017,0.0,1.8488364522133373e-14,2026-07-23,V2
-0.011012999599999795,1.631490104896254,0.10646084293649646,0.00017370830494237749,0.0,6.716262837509424e-15,2026-07-24,V2
6.69351694491116e-05,1.63159930896288,0.10579655419609481,0.00017263584899495653,0.0,1.2591678581024417e-14,2026-07-27,V2
0.0118943373162681,1.6510061015086743,0.20680953352122117,0.0003415144301336856,0.0,1.7868583941859877e-15,2026-07-28,V2
0.013852729504099104,1.6738770424424911,0.20789672984579666,0.00034806592505533745,0.0,1.7795759086633395e-15,2026-07-29,V2
0.016627939850000217,1.701710169220521,0.10583887816256629,0.0001801261596187926,0.0,7.454140062599718e-15,2026-07-30,V2
-0.0020760670067008213,1.698177304883235,0.10787935642585951,0.00018321804019206554,0.0,2.2942352097148234e-14,2026-07-31,V2
0.0006982834566910956,1.6993631140017633,0.00801088522042941,1.3613511910380987e-05,0.0,1.818892058270801e-14,2026-08-03,V2
-0.020229450414875116,1.664985932150197,0.007246965549313936,1.2066183133598307e-05,0.0,1.6635815752420847e-14,2026-08-04,V2
-0.0069786932920122835,1.6533665059942055,0.10582066090720324,0.0001749788527639845,0.0,2.7048044575638174e-14,2026-08-05,V2
-0.003509130586941245,1.6475646270165971,0.2061115175618713,0.00033965205175547964,0.0,8.813707904898514e-15,2026-08-06,V2
-0.006944628624274918,1.6361229025474748,0.10378869985463236,0.00016982869515725816,0.0,1.9808065267217952e-14,2026-08-07,V2
0.010067628349999636,1.6525947798652456,0.20798404201220494,0.0003437848438860578,0.0,8.750403857233724e-15,2026-08-10,V2
-0.013768365953618411,1.6298412501630215,0.7085257474647336,0.0011556032646874962,0.0,1.9381569102824614e-14,2026-08-11,V2
0.003560898920216049,1.6356449501108505,0.20811652211895373,0.0003404755970356212,0.0,2.6421597671580243e-14,2026-08-12,V2
-0.0145485195960805,1.6118487375019328,0.3067901593701817,0.0004946510851440881,0.0,1.469507594015823e-14,2026-08-13,V2
-0.0010118704629535902,1.6102177553737056,0.40606655959213955,0.0006541212008643693,0.0,1.3663543910105006e-14,2026-08-14,V2
0.012838333033438065,1.6308902671735483,0.9556225427702776,0.0015600062812649237,0.0,0.05000000000001846,2026-08-17,V2
-0.011012183021884225,1.6129306050628236,1.0572691850851628,0.0017071066977208424,0.0,2.5844781342572397e-14,2026-08-18,V2
-0.07197704535860583,1.4968366257419332,0.6334140599190103,0.0009487182956540399,0.0,0.09045453029401175,2026-08-19,V2
0.002503724274707908,1.500584291937075,0.7320869281870027,0.0010993629740325037,0.0,8.33022216387332e-15,2026-08-20,V2
0.019061844562174635,1.5291881964624205,0.6170059732064522,0.0009441007671867785,0.0,1.8938234218820036e-14,2026-08-21,V2
-0.033227623499999415,1.4783769068097241,0.9541981557736325,0.0014120118571261664,0.0,0.9541544099962199,2026-08-24,V2
-0.00015727636816242896,1.4781443930590459,0.0457391495341767,6.761215994992684e-05,0.0,1.0,2026-08-25,V2
0.0,1.4781443930590459,0.0,0.0,0.0,1.0,2026-08-26,V2
0.0,1.4781443930590459,0.0,0.0,0.0,1.0,2026-08-27,V2
0.0,1.4781443930590459,0.0,0.0,0.0,1.0,2026-08-28,V2
0.0,1.0,0.0,0.0,0.0,1.0,2025-02-05,V3
-0.0009990009990009652,0.999000999000999,0.999000999000998,0.0009990009990009981,0.0,9.672072170952007e-16,2025-02-06,V3
0.006802992530144492,1.0057971953348097,0.3310946295861126,0.0003331243455099124,0.0,0.04726758360832704,2025-02-07,V3
0.0030764901510791365,1.0088915205002402,0.16005616789285076,0.00016150516048794256,0.0,2.114816494556646e-14,2025-02-10,V3
-0.012665759024097167,0.9961131436201291,0.12006551006548113,0.00011961319409083975,0.0,2.33832090224917e-14,2025-02-11,V3
0.028512778183637177,1.0245150967299754,0.2368119570019288,0.00024267489335105558,0.0,0.047326236427666805,2025-02-12,V3
-0.0269335016231248,0.9969213177092827,0.20778712612201525,0.00020719046708830052,0.0,0.04732531656104715,2025-02-13,V3
0.015766766781117214,1.012639543624729,0.4973201720928179,0.0005038566501794202,0.0,0.04743732574153365,2025-02-14,V3
0.0007261086728891364,1.0133748299798655,0.3422988352714014,0.00034699580025373335,0.0,7.046579752404679e-15,2025-02-17,V3
-0.02435991957412742,0.9886891006231109,0.42023407516954575,0.0004156555224446266,0.0,2.355690133925283e-14,2025-02-18,V3
0.03715251663998309,1.0254213888857808,0.3578070959975577,0.0003670343768355104,0.0,0.08939430814320201,2025-02-19,V3
-0.0005292843643717182,1.0248786493777513,0.1910308934756409,0.00019582089193468738,0.0,1.4209014597668922e-14,2025-02-20,V3
0.04276946666166248,1.0687121626045628,0.25151039339052833,0.0002688598374814077,0.0,0.16754806207710965,2025-02-21,V3
0.0015677108473959311,1.070387594254622,0.4297710636678295,0.0004602194039023936,0.0,0.0942071500298122,2025-02-24,V3
-0.0025295250108711143,1.0676800220636287,0.1681281129455218,0.00017953721259194756,0.0,0.04734984373361448,2025-02-25,V3
0.022947196303515938,1.092180285119265,0.22100619093086193,0.0002414319625824108,0.0,0.08904055395647532,2025-02-26,V3
0.002686309551510613,1.0951142194511525,0.20161711736770363,0.0002208382968949485,0.0,1.981977218084929e-15,2025-02-27,V3
-0.0502379218421839,1.0400979568861013,0.11567016184046557,0.00012032221669323081,0.0,6.825869254781199e-15,2025-02-28,V3
-0.016196711454736556,1.0232517903937561,0.14326162761410433,0.00014661372107116705,0.0,0.04771295743145472,2025-03-03,V3
0.027252634020892064,1.0511380969485797,0.24829543833536932,0.00026105761394753943,0.0,0.12623824174787707,2025-03-04,V3
0.012018261012030518,1.0637709489573968,0.5144219496046436,0.0005475087760274355,0.0,0.0469374317408228,2025-03-05,V3
0.01594985199995036,1.080737938155114,0.4059545286147441,0.00043890863718874475,0.0,0.047459388416763185,2025-03-06,V3
0.014003031674102662,1.0958715457345045,0.4002243655908898,0.0004387701006458711,0.0,0.08935764306221619,2025-03-07,V3
0.002582655977823922,1.0987018049330228,0.40616234442399457,0.000446432625036083,0.0,0.047521547063295325,2025-03-10,V3
-0.004438906771390361,1.0938247700513668,0.1405902358513067,0.00015380270556017222,0.0,2.1443582209454504e-14,2025-03-11,V3
-0.013029413226032016,1.079572875125498,0.21319617716748826,0.00023020988981892594,0.0,1.737614218591302e-14,2025-03-12,V3
-0.029293015298469394,1.0479489303786342,0.2169239680794237,0.00022737456331483564,0.0,3.1310191217635797e-15,2025-03-13,V3
0.022613749121753512,1.0716469845826266,0.14206755564424178,0.00015226789994152398,0.0,0.04731521798691342,2025-03-14,V3
0.0012711189080880647,1.0730091753275253,0.14833820820344162,0.0001591918726910932,0.0,1.6137145332893402e-14,2025-03-17,V3
-0.002259003449310071,1.070585243899319,0.1126953555255399,0.0001206635829070053,0.0,1.4274010505183115e-14,2025-03-18,V3
-0.010072153403978601,1.0598021450907293,0.3147757570163718,0.0003337050647728931,0.0,1.6583410533595328e-14,2025-03-19,V3
-0.005202452319072126,1.0542885749632445,0.4130313173261979,0.0004356341294974074,0.0,2.413720573784798e-14,2025-03-20,V3
-0.028809724077591525,1.0239148120203962,0.31309914080542106,0.0003206872548054771,0.0,5.3316689189473956e-15,2025-03-21,V3
0.0008151912543727935,1.024749498420378,1.0109108511368345,0.001036978680650856,0.0,2.701074538250831e-14,2025-03-24,V3
-0.007005741003598631,1.0175703688408773,0.4168889689261275,0.0004243907857129302,0.0,1.5443991237434513e-14,2025-03-25,V3
-0.002388934539276355,1.0151394598406092,0.8062115784166315,0.0008190775360242678,0.0,1.9153031015300468e-14,2025-03-26,V3
-0.0035071094109410117,1.0115792546875846,0.3071927040675364,0.00031084525602084577,0.0,2.9923886254525576e-15,2025-03-27,V3
-0.00914605579999983,1.0023272943780897,0.30707082814117487,0.00030788001332384264,0.0,1.3112182825495027e-15,2025-03-28,V3
-0.009933824167583372,0.9923703512773682,0.603508492695622,0.0005992655967722618,0.0,6.37331956265432e-15,2025-03-31,V3
-0.0024051088782243157,0.9899835925350244,0.5096754267035518,0.0005048276081814154,0.0,9.49623519875579e-15,2025-04-01,V3
-0.006168780498775339,0.9838766010552868,0.555751683593357,0.0005470951265222358,0.0,0.050000000000012354,2025-04-02,V3
-0.011977724122412159,0.9720919985573501,0.26548436466380304,0.00025814375976381746,0.0,2.538945563928658e-14,2025-04-03,V3
-0.08433455007501667,0.8901110572274922,0.38443592679741284,0.00034232227021709023,0.0,0.17929295572657689,2025-04-07,V3
0.019148982679649595,0.907155778445306,0.8103207185235654,0.0007356832615917435,0.0,4.825126086128309e-15,2025-04-08,V3
0.027834185679975976,0.9324057208232158,0.28417160986489765,0.0002650385511653345,0.0,1.2736622921637305e-14,2025-04-09,V3
0.0024521098619862958,0.9346920820866189,0.05879051103749976,5.495425595736841e-05,0.0,0.04706889903326841,2025-04-10,V3
-0.0034660716117391743,0.9314523723951811,0.16788728583818704,0.00015640526914509475,0.0,2.352658596373165e-15,2025-04-11,V3
-0.0010161579026292111,0.930505869706049,0.3052249633619038,0.0002841003345032551,0.0,7.70938035728514e-15,2025-04-14,V3
-0.00876066451645141,0.9223540199509654,0.1097641796695186,0.00010125254626748101,0.0,1.3712038538073844e-14,2025-04-15,V3
0.016026826182618192,0.9371364275075587,0.1065545490769257,9.986679071748164e-05,0.0,1.4586556966949908e-14,2025-04-16,V3
-0.0013216924999999158,0.9358978213198452,0.1053206225373151,9.857972365058743e-05,0.0,3.387922464615127e-16,2025-04-17,V3
-0.006666292829282883,0.9296588523846393,0.005328321230646183,4.953547394510989e-06,0.0,6.309865684719068e-15,2025-04-18,V3
-0.003840972547254684,0.9260880582543176,0.0037368866229203104,3.460699008776637e-06,0.0,1.7294837186621968e-14,2025-04-21,V3
-0.0006635384846059855,0.9254735631875318,0.7031106414247463,0.0006511681538927899,0.0,1.401103354895576e-14,2025-04-22,V3
-0.005995481901809652,0.9199249031888377,0.30436460384481223,0.00028007782450214814,0.0,1.843759693585868e-14,2025-04-23,V3
-0.0015362834933012603,0.9185116377449919,0.9023060516063721,0.0008295270965273542,0.0,7.658017759800081e-15,2025-04-24,V3
-0.0031055066999998715,0.915659193699947,0.4090100454987343,0.00037466705106415233,0.0,2.9053461035847363e-15,2025-04-25,V3
-0.0019558061275489758,0.913868341838162,0.4076875336166663,0.00037272468554211955,0.0,7.222372483288036e-15,2025-04-28,V3
0.0022848616207571393,0.915956404538853,0.353056715529336,0.00032349877316887986,0.0,0.0500000000000098,2025-04-29,V3
-0.00538150764694123,0.9110271781435624,0.4603240292831942,0.0004195608353638071,0.0,7.507965316255433e-15,2025-04-30,V3
0.017896330168881702,0.9273312213164441,0.50997822511791,0.0004731600316565249,0.0,6.599637834310698e-15,2025-05-06,V3
0.001913445366390043,0.9291056189449809,0.5114138923656422,0.0004754006474990124,0.0,1.7268070272067416e-14,2025-05-07,V3
-0.006129120313905667,0.9234110188221413,0.7075088678931243,0.0006537840425346699,0.0,2.538886110202805e-14,2025-05-08,V3
-0.013418128148740216,0.911020571437627,0.7094507302931374,0.0006467830704401609,0.0,1.8802925818846366e-14,2025-05-09,V3
0.020324221261494912,0.929536355105299,0.5126414208513199,0.0004767632464021829,0.0,1.7600712734614535e-14,2025-05-12,V3
-0.0012046606518044678,0.9284165792338819,0.3084871951505497,0.00028649300588294335,0.0,5.2192938902455674e-15,2025-05-13,V3
-0.002475646626686423,0.9261181478613417,0.3135748106082884,0.0002904984158022362,0.0,2.4894016286823992e-14,2025-05-14,V3
-0.020778858849999415,0.906874469588508,0.7049703292219085,0.0006397706126882075,0.0,1.908555600800202e-15,2025-05-15,V3
-0.002501903424143803,0.9046055572477759,0.5572877388975358,0.0005044066852538684,0.0,0.05000000000000217,2025-05-16,V3
0.0025010650032499804,0.9068680345487539,0.11139395220122383,0.00010103086872110287,0.0,0.05000000000000836,2025-05-19,V3
0.00287662502499475,0.9094767538313047,0.4568015646270415,0.000415640269267386,0.0,1.1530448050097225e-14,2025-05-20,V3
-0.005871316786642655,0.9041369276994736,0.31843558486413104,0.0002880010811619618,0.0,2.3254413292230016e-14,2025-05-21,V3
-0.007591868389483003,0.8972728391383077,0.5107368322554683,0.000458504462647197,0.0,1.2837061970039236e-14,2025-05-22,V3
-0.013064955145514423,0.8855500097416773,0.4126280051207628,0.00036555357159539256,0.0,1.6056549776817425e-14,2025-05-23,V3
-0.0014024452109577812,0.8843080743714514,0.3202919269687474,0.0002833274846804861,0.0,1.3720494286545337e-14,2025-05-26,V3
-0.009266142535746313,0.8761139497088142,0.6068506233146568,0.0005319931368421516,0.0,2.737811305362182e-14,2025-05-27,V3
-0.007082200059987942,0.8699091354416302,0.41124458296130223,0.00035789260101236846,0.0,1.6218554427851413e-14,2025-05-28,V3
0.005960193622550847,0.8750939623228882,0.40929828782913635,0.0003583211206895641,0.0,1.9664820056840522e-14,2025-05-29,V3
-0.00269709261295481,0.8727337528614657,0.5092573518351148,0.00044467253259573505,0.0,1.641769183729118e-15,2025-05-30,V3
0.00647394218468933,0.8783837807201177,0.4113742080595533,0.00036149314112074227,0.0,2.493371605430783e-14,2025-06-03,V3
-0.004996519892043083,0.8739949186869016,0.30816512484567915,0.00026941777839495297,0.0,1.8038797633592e-14,2025-06-04,V3
-0.0036686376862313796,0.8707885479906321,0.4053108844101602,0.00035308318497829626,0.0,7.383827656604881e-15,2025-06-05,V3
-0.00035106592363043365,0.8704828438047449,0.9055134089642327,0.0007889482905946272,0.0,1.6566885883277627e-14,2025-06-06,V3
0.007381498250874419,0.8769083113937058,0.40960913266272003,0.0003593368405062798,0.0,1.150270851644555e-14,2025-06-09,V3
-0.003286372355588707,0.8740264641607556,0.7088006359492599,0.0006199499345414863,0.0,0.047239605816889574,2025-06-10,V3
0.010381191667411693,0.8830999004075984,0.8204441730718472,0.0007251290954708468,0.0,1.508368358414668e-14,2025-06-11,V3
-0.006866374025194633,0.8770362061897877,0.6083836016316494,0.0005338992614386835,0.0,1.2497232092532207e-14,2025-06-12,V3
-0.00436292350764933,0.8732097643087428,0.408740402935161,0.00035706205659935975,0.0,1.1056453901648448e-14,2025-06-13,V3
-5.2117297216214276e-05,0.8731642549759242,0.561780817088575,0.0004908026521278532,0.0,0.05000000000000486,2025-06-16,V3
0.0014876933613279242,0.8744632556414007,0.36183716754487016,0.00031652783908009196,0.0,1.5237679117763237e-14,2025-06-17,V3
0.007460011346595907,0.8809867614506668,0.41308505096282094,0.00036407285430499405,0.0,1.671431677516354e-14,2025-06-18,V3
-0.01220491197640694,0.8702343955747815,0.4093929565822813,0.00035641374540095063,0.0,1.6727723637333179e-15,2025-06-19,V3
-0.0036206490552833648,0.8670835822325687,0.4140272339485529,0.00035914491292883966,0.0,2.4114858436213976e-14,2025-06-20,V3
0.0023231002749315444,0.8690979043408418,0.16633557443871616,0.00014458594894889247,0.0,0.05000000000000921,2025-06-23,V3
0.0011392719543905638,0.8700880432088769,0.2651555550853359,0.0002307698679826054,0.0,1.2683258779128479e-14,2025-06-24,V3
0.008168892680242124,0.8771956990562121,0.3345614397826248,0.00029357407461245755,0.0,0.04776267645594805,2025-06-25,V3
-0.00589552047076547,0.8720241738555587,0.23969526442681127,0.00020907017807049618,0.0,1.3350361167196201e-14,2025-06-26,V3
0.00998028296511011,0.8807272218630536,0.41040093766257035,0.00036159967852467285,0.0,1.928483318292381e-14,2025-06-27,V3
0.007432289734106368,0.8872730417526544,0.41500226982426425,0.0003683732019962017,0.0,2.2430274303338772e-14,2025-06-30,V3
-0.0023217771722828795,0.8852129914587311,0.31305621178190823,0.00027720820747750884,0.0,2.6650993399383972e-14,2025-07-01,V3
-0.013493721205758424,0.8732681741442716,0.2126966359665313,0.00018578071787084016,0.0,3.2447170887211572e-15,2025-07-02,V3
0.016430085112823622,0.8876160445717821,0.23789865273322683,0.0002112129084143744,0.0,0.047293987515438875,2025-07-03,V3
-0.007512054198068774,0.8809482247378835,0.7206627845895331,0.0006353244554099625,0.0,1.230758707611087e-14,2025-07-04,V3
0.0005238804358691507,0.8814097362778373,0.2095658266403353,0.00018475207771379452,0.0,1.0764560846309297e-14,2025-07-07,V3
0.02469963346259685,0.9031802336942639,0.23676116929026375,0.0002138886487358802,0.0,0.04731608423563775,2025-07-08,V3
-0.008293241311763455,0.8956899420682225,0.5302073820062664,0.0004751533490866074,0.0,6.497962764646913e-15,2025-07-09,V3
-0.002731970755848967,0.8932429433401841,0.40977271934176307,0.00036617663912252033,0.0,2.337592336444923e-14,2025-07-10,V3
0.011093386772645486,0.9031520327925929,0.21799684376370793,0.00019692722210043115,0.0,2.3329531689576433e-14,2025-07-11,V3
-0.009117906390638697,0.894917177101075,0.5081839378985022,0.00045501376583955805,0.0,1.216278484630427e-14,2025-07-14,V3
0.002601736029191448,0.8972455153638811,0.2145097290784003,0.0001925091875111739,0.0,1.1948094537707982e-14,2025-07-15,V3
-0.004696223482954953,0.8930318499046532,0.5080021899316869,0.0004538927139229762,0.0,1.4496103762790014e-14,2025-07-16,V3
0.015276123925214824,0.9066739151129606,0.11239626811961594,0.00010191821968764451,0.0,2.1942661504811495e-15,2025-07-17,V3
0.0036924297780889237,0.9100217448761402,0.31207014692019946,0.00028407927228431214,0.0,2.6520321569095045e-14,2025-07-18,V3
-6.507717684722802e-05,0.9099625232301141,0.20814739095529997,0.00018944575771764628,0.0,8.878968741251586e-15,2025-07-21,V3
-0.001885329217695464,0.9082469442980604,0.6545853723108369,0.0005949145865696687,0.0,0.15000000000001715,2025-07-22,V3
-0.009509226709316199,0.8996102181966865,0.5623609079279476,0.0005061902807121933,0.0,0.10000000000000647,2025-07-23,V3
0.020241825851803563,0.9178199715679269,0.2332962640384468,0.0002141739364058887,0.0,0.14191428464216901,2025-07-24,V3
-0.012002994679675472,0.9068033833322973,0.4004094945624453,0.00036323812838299217,0.0,0.04783667679349832,2025-07-25,V3
0.006588161923576141,0.912777550854537,0.2712478056629724,0.00024765608389703154,0.0,0.044773332499735335,2025-07-28,V3
0.0230682158124611,0.9338337003864192,0.41469961293685575,0.0003874211374934018,0.0,0.08912808604902162,2025-07-29,V3
-0.003943206499228635,0.9301514012698567,0.4203426381353785,0.00039114670951486606,0.0,0.046906755507843866,2025-07-30,V3
0.003922398504334623,0.9337998257350023,0.2017759225160709,0.00018845634723634394,0.0,0.0463028372551279,2025-07-31,V3
-0.01909933950222331,0.9159648658361725,0.29589528098042905,0.00027110990148527186,0.0,0.04665921297548382,2025-08-01,V3
0.020179893717515274,0.9344489394777246,0.3900487534339395,0.00036462286468479706,0.0,0.08710940199701048,2025-08-04,V3
0.001515395030415423,0.9358649987567861,0.18726429387846588,0.0001752869231396488,0.0,0.08753942470421282,2025-08-05,V3
0.005289628832652493,0.9408153772376803,0.31492395793995775,0.0002963786390245152,0.0,4.276236442110772e-15,2025-08-06,V3
0.013502793896948528,0.9535190133716005,0.4484469053698263,0.0004277944938746966,0.0,0.08963989042435679,2025-08-07,V3
-0.005970649300935937,0.9478258857409843,0.24486050001867868,0.00023214196271024895,0.0,0.04754259813933007,2025-08-08,V3
0.011739664573772624,0.9589530437139223,0.3109969694047689,0.0002983242683398623,0.0,0.08944339128812218,2025-08-11,V3
0.02172936424634675,0.979790483695925,0.32604381438381436,0.00031955881677672374,0.0,0.047373764685116566,2025-08-12,V3
0.008459142449144919,0.9880786709678255,0.3137793112549913,0.00031013595908967005,0.0469763847547238,0.0901350766424831,2025-08-13,V3
-0.005467010370510561,0.9826768346267641,0.24779423296386363,0.00024356200574809,0.04723461689513661,0.04513802591317865,2025-08-14,V3
0.01506149157734682,0.997477413494749,0.31807541273204065,0.00031737398885072475,0.04653374922314976,1.0971830962226386e-14,2025-08-15,V3
0.018426881705493336,1.0158578117971182,0.30146164982961154,0.00030633452004647134,0.045691791977468935,2.4041866218425556e-14,2025-08-18,V3
-0.0008051402430562238,1.0150399037916173,0.3785920612090513,0.0003844315921347658,0.0,0.12611890399845752,2025-08-19,V3
0.012846323740822507,1.0280794350055777,0.3536220137779004,0.0003636801254286436,0.0,0.04691195133952772,2025-08-20,V3
-0.014915374683381666,1.0127452450281902,0.41790216180607626,0.00042340536927524554,0.0,0.04791349756318272,2025-08-21,V3
0.04396447773861856,1.0572700608081238,0.40574352617265447,0.000429154609293513,0.0,0.08944375575798039,2025-08-22,V3
0.017345129302636764,1.0756085467206473,0.580229866816136,0.0006244625356238955,0.0,0.04698462143446984,2025-08-25,V3
-0.013084781513429844,1.0615344438928298,0.22019202203200247,0.00023379289498766352,0.0,0.04738127735668183,2025-08-26,V3
-0.0037355092049375926,1.0575690722063098,0.4264410551709875,0.00045118327413936054,0.0,2.5861633242376244e-14,2025-08-27,V3
0.04507588624312042,1.1052399353993239,0.44471122948320835,0.0004917312889714691,0.0,0.08889283529283142,2025-08-28,V3
-0.0009343208418488569,1.1042072866924366,0.21201281256987786,0.00023415573652809762,0.10024330470244992,0.12762353418687875,2025-08-29,V3
0.008401327829094196,1.1134840940992143,0.39713252069456845,0.00044237642710852256,0.14159489761097915,0.12079690782628227,2025-09-01,V3
-0.021546677579054374,1.0894922113342531,0.28523346252963894,0.0003108483001749225,0.14471298156629167,9.368339998858207e-15,2025-09-02,V3
-0.0006200459871767983,1.0888166760605549,0.4262022033065057,0.0004642539323827496,0.08825933390072714,0.08519150902950842,2025-09-03,V3
-0.03894156625465839,1.0464164493305659,0.3065245945155212,0.0003208507264642526,0.09183555421991524,0.15798215392822015,2025-09-04,V3
0.037164551118354705,1.0853060469527989,0.25561493180676287,0.0002774913621169116,0.08854482552541033,0.12988854102381786,2025-09-05,V3
0.007338790448148114,1.0932708806034934,0.21002360710081758,0.00022966092809916246,0.08789974769661976,0.09070327132269684,2025-09-08,V3
-0.019374726432918377,1.072089056374725,0.2894647862043822,0.00031042188570034506,0.04582077904457356,1.610917781807819e-14,2025-09-09,V3
0.008209666171760777,1.0808905496339596,0.1492025865281546,0.00016129573149956114,0.04544766885498936,0.047474591357462306,2025-09-10,V3
0.04560197876064942,1.130181297520954,0.19061022122359972,0.00021546517700829954,0.04346555360277572,0.1572399930064437,2025-09-11,V3
0.02511289005917061,1.1585634161925285,0.24475776889068915,0.0002836368191806961,0.0,0.09350442394326273,2025-09-12,V3
0.007056656637840497,1.1667390004137626,0.4935358554454065,0.0005761118625116217,0.0,2.3777216873868298e-14,2025-09-15,V3
0.016721600467380027,1.1862487438283917,0.24699678192353014,0.00029307201012981676,0.0,0.04936214932036244,2025-09-16,V3
0.011850226883473036,1.200306060582993,0.1624135165246651,0.0001949775952020319,0.0,9.903196983530876e-15,2025-09-17,V3
-0.013708890566632936,1.1838511961519944,0.12356950550463437,0.0001463059858578967,0.0,1.431155037840817e-14,2025-09-18,V3
0.025728398054377655,1.214309790963744,0.3931697997576692,0.0004776177222211987,0.0,0.13097703953571588,2025-09-19,V3
0.03438010267493108,1.2560578862562515,0.12299448592864408,0.0001545071975500419,0.0,0.16517821039462804,2025-09-22,V3
0.014206165409988092,1.2739016523529278,0.2511502757076666,0.0003200211246065671,0.0,0.09841048358319797,2025-09-23,V3
0.03762453285827516,1.3218316069300917,0.1816928874306482,0.00024021104599876228,0.0,0.04988607752822563,2025-09-24,V3
-0.0022533395545563106,1.3188530714857334,0.1517940754810022,0.0002002244755706149,0.0,1.08973429821846e-14,2025-09-25,V3
-0.022781720524017057,1.288807329398904,0.12540418245145427,0.00016164210007612144,0.0,4.099574087986379e-15,2025-09-26,V3
0.04659881153623502,1.348864219248082,0.2270791795841745,0.0003063685501963315,0.0,2.5311756539732195e-14,2025-09-29,V3
0.05097164276052335,1.4176180443640476,0.2854581466082617,0.0004047861690521798,0.0,0.20375294040936576,2025-09-30,V3
0.02096482477753958,1.4473381582656182,0.2322502156461094,0.0003362226871616311,0.0,0.10064142109591613,2025-10-09,V3
-0.04909397801982873,1.3762825705364665,0.3778453581784848,0.0005202185429808607,0.0,0.09526706055342522,2025-10-10,V3
0.006803659660030714,1.3856463287424288,0.24243064029758057,0.0003360045845095844,0.0,0.049871853751904796,2025-10-13,V3
-0.04308002419109824,1.3259526513798985,0.2292548694202369,0.00030405080707758927,0.0,0.05016246749893991,2025-10-14,V3
0.007818830956954903,1.336320051017964,0.35572584843671623,0.0004755327432199026,0.0,2.7811563107120138e-14,2025-10-15,V3
0.03058346953455615,1.3771893545866885,0.2794303401337052,0.000384936052592782,0.0,0.09307631160995508,2025-10-16,V3
-0.0515478481045456,1.3061982069252567,0.17905463784496625,0.00023392273184478035,0.0,0.1439477941007771,2025-10-17,V3
-0.001054051254231747,1.304821407066972,0.242738232264959,0.0003168069429302094,0.0,2.3334559507202476e-14,2025-10-20,V3
0.03625017779531614,1.3521214150642842,0.3303141070130866,0.00044677235300104973,0.0,1.9054826022879286e-14,2025-10-21,V3
-0.0075136329000684565,1.34196207111517,0.32576469045905615,0.0004373063176618362,0.0,1.3632571420180878e-14,2025-10-22,V3
0.006453785710527127,1.3506228067538026,0.22748353855958708,0.0003073143642986773,0.0,6.720077597800862e-15,2025-10-23,V3
0.05509476547767522,1.4250350535407028,0.36583254239115365,0.0005215149837857224,0.0,0.2031113657744237,2025-10-24,V3
0.03586270676303016,1.4761406677928721,0.287317009934346,0.00042424221491741483,0.0,0.13124876327435084,2025-10-27,V3
-0.021523212702923455,1.4443693782205307,0.5203455139888798,0.0007519624067650093,0.0,1.919012474062567e-15,2025-10-28,V3
0.02358381410419863,1.4784331171342806,0.34677912370405384,0.0005128675925892129,0.0,0.049507503108607985,2025-10-29,V3
0.006143028010600959,1.4875151731846366,0.32694459784721475,0.00048649410670855385,0.0,0.04979137255994845,2025-10-30,V3
-0.030801646907058444,1.4416972560513115,0.23085469333570643,0.00033289942932432327,0.0,0.05020697768380642,2025-10-31,V3
0.021607554697130604,1.4728488083681432,0.5136981307509225,0.000756988543337151,0.0,0.049680272475038895,2025-11-03,V3
-0.03071304890218729,1.4276131308912041,0.37812766458198804,0.0005400242172065409,0.0,1.2066232905768712e-14,2025-11-04,V3
0.0070072652187258555,1.4376167947290943,0.387966518196197,0.0005579636535673782,0.0,2.2036589135397365e-14,2025-11-05,V3
0.025687113155677066,1.4745450200098025,0.5138379330247086,0.0007580666886541073,0.0,0.04668981782602603,2025-11-06,V3
0.012277410576832848,1.492648614634487,0.535363649185993,0.0007995378527856656,0.0,5.782271681136154e-15,2025-11-07,V3
0.017089015778417815,1.5181565103616093,0.6585003023961554,0.0010003652619853356,0.0,0.09403932522321508,2025-11-10,V3
-0.016794176770981495,1.49266032156058,0.5310445939663783,0.0007930903607414606,0.0,0.04726658423347588,2025-11-11,V3
0.004866661288921437,1.499924593765028,0.2031854579210803,0.00030482480139809543,0.0,0.04699514223140128,2025-11-12,V3
0.021860561421431557,1.5327137874745442,0.13359647751223266,0.0002047925226006722,0.0,0.08973524670633783,2025-11-13,V3
-0.038699326309060034,1.4733987964746715,0.2785447460522467,0.0004105218423000357,0.0,0.20649526327884818,2025-11-14,V3
0.006439042253405747,1.482886073581289,0.32342655189858566,0.00047975989672596606,0.0,0.04774565736204707,2025-11-17,V3
-0.029247737257791062,1.439515011317946,0.14792875928707447,0.0002129771750486441,0.0,1.7508176148410058e-14,2025-11-18,V3
-0.0020227324837579497,1.436603257543696,0.517361708094755,0.0007436282399537059,0.0,2.5087382161806023e-14,2025-11-19,V3
-0.021405005290409118,1.4058527572157542,0.4294674720503265,0.0006040274398540746,0.0,0.04769137129027549,2025-11-20,V3
-0.05103212081199382,1.3341091094656452,0.2223610110814308,0.00029671982939500025,0.0,0.1946029284425425,2025-11-21,V3
-0.003035195989433248,1.3300598268471286,0.9581820451243385,0.0012756617612213591,0.0,0.04785311037826878,2025-11-24,V3
-0.0026954770508869075,1.3264746811075556,0.43816615738632886,0.0005814710948464137,0.0,2.2594419887188474e-14,2025-11-25,V3
-0.0011950633785201559,1.3248894597936298,0.4291922256035829,0.0005688764132614577,0.0,0.04724670964354825,2025-11-26,V3
-0.00745508292866659,1.315012298999552,0.1446600873827172,0.00019025731672268537,0.0,3.4114741265618474e-15,2025-11-27,V3
0.008761752666199829,1.3265341115163969,0.5202657042447492,0.0006905094521191553,0.0,0.047274180456667474,2025-11-28,V3
-0.0021130617999427503,1.3237310629590306,0.43631526089890094,0.0005778161741097072,0.0,1.3901902606179543e-14,2025-12-01,V3
-0.003120357810547314,1.3196005483976623,0.661585575697804,0.0008736066540639677,0.0,0.05000000000000125,2025-12-02,V3
-0.003052512250000028,1.3155724515585716,0.3665471438481624,0.00048239614557348275,0.0,2.114827760793394e-14,2025-12-03,V3
0.0012460484903018543,1.3172117186257188,0.4082758132271619,0.0005380053401820463,0.0,1.5811909246748728e-14,2025-12-04,V3
-0.008342649920015988,1.3062226823866818,0.41065859866101706,0.0005366319488122455,0.0,6.641141758787619e-15,2025-12-05,V3
0.0009743733693208245,1.3074954309828022,0.5573724017363573,0.0007291682869055405,0.0,0.05000000000000664,2025-12-08,V3
-0.012091846546036122,1.2916853968717148,0.7549113932482769,0.0009758446988720992,0.0,2.4434317038918527e-14,2025-12-09,V3
0.0083134991003595,1.3024238222565554,0.511781967225921,0.0006668983324568876,0.0,2.1848721586191078e-14,2025-12-10,V3
-0.02137540054029685,1.2745839913825971,0.4295517324171965,0.0005477350421458791,0.0,0.04770073223049833,2025-12-11,V3
0.0074299198105798325,1.2840540482304186,0.32950801719181816,0.0004232455662068385,0.0,2.4497800364991673e-14,2025-12-12,V3
-0.01785502945589068,1.2611272253763088,0.40840770181674924,0.0005152645098087506,0.0,9.519899416348389e-15,2025-12-15,V3
-0.016211498700129723,1.2406824630014226,0.40901479456654655,0.0005076651252737663,0.0,3.591891013584883e-15,2025-12-16,V3
0.019029057565460583,1.264291481010334,0.6137786760395854,0.0007764717331349954,0.0,7.923827870579614e-16,2025-12-17,V3
-0.007920966716641442,1.254277070269118,0.41327071029253526,0.0005185702856440432,0.0,1.8601456395578195e-14,2025-12-18,V3
-0.0008022285499998949,1.2532708533937378,0.31363183756060203,0.000393188957286204,0.0,9.683821071655132e-15,2025-12-19,V3
0.0023044847652347045,1.2561589969820963,0.1969724196199501,0.0002474774232897998,0.0,2.429578553108538e-14,2025-12-22,V3
-0.0030810273057294557,1.2522887368120568,0.43280554602291815,0.0005422321916140554,0.0,1.7314924163087454e-14,2025-12-23,V3
0.023965975959885588,1.28230105857333,0.3474677040341062,0.0004457130756020163,0.0,0.049605841617919644,2025-12-24,V3
0.0014179863274343951,1.2841193439420417,0.4497330376928823,0.0005777707358993918,0.0,5.173966846878249e-15,2025-12-25,V3
-0.0012626701573434929,1.2824979247679786,0.2266418600584518,0.00029073360759612624,0.0,2.2508496213031695e-14,2025-12-26,V3
-0.0016874775561755984,1.280333738304091,0.4354967114774219,0.0005578240631701194,0.0,2.614490188998931e-14,2025-12-29,V3
0.002225430946493523,1.2831830326271525,0.4343606112023215,0.000557606368579445,0.0,2.079901061635416e-14,2025-12-30,V3
-0.0028058893858864398,1.2795825629757545,0.6476037950509578,0.0008291995166179461,0.0,2.2666794043985063e-14,2025-12-31,V3
0.024209542678971907,1.3105606716453844,0.4464448655296595,0.0005853544112926206,0.0,0.049577513700255205,2026-01-05,V3
0.025006146501025395,1.343332743799031,0.8115134219881878,0.0010910179274809138,0.0,0.04983122610742453,2026-01-06,V3
0.00035252814978514735,1.3438063064057482,0.4440497324412138,0.000596981920474347,0.0,2.409260516127025e-14,2026-01-07,V3
-0.010602887134964378,1.3295580798076747,0.6421294458028032,0.0008542969621844199,0.0,1.9122223880278905e-14,2026-01-08,V3
-0.006471095142872141,1.3209543829752648,0.4381078213261825,0.0005789740998780669,0.0,1.2433872753416997e-14,2026-01-09,V3
0.024409947171796675,1.3531988096800442,0.5361446247609748,0.000725899455133892,0.0,0.10526315789473685,2026-01-12,V3
-0.01809643664194438,1.3287107331567147,0.4462641665049091,0.0005932207210089226,0.0,2.185155230070013e-14,2026-01-13,V3
0.007586014617111392,1.3387903522003544,0.4467112596131986,0.0005983200008706587,0.0,0.04960710987160415,2026-01-14,V3
0.01202937944082505,1.3548951693386881,0.45437459385860335,0.000615909796052685,0.0,2.7907602655738555e-14,2026-01-15,V3
0.024031020003270065,1.3874546822554001,0.34755674370708933,0.0004823868882219185,0.0,0.1736649519068891,2026-01-16,V3
-0.005256002545249272,1.3801622169140477,0.5520989775739994,0.0007624070730100142,0.0,5.223826241754817e-15,2026-01-19,V3
0.014410226327701503,1.4000506668287214,0.23195549712159155,0.00032482479331608283,0.0,6.501066885332e-15,2026-01-20,V3
0.033718619421684526,1.4472584424345947,0.30637406078843316,0.0004435383346597346,0.0,0.13121206571382707,2026-01-21,V3
0.008662064546436143,1.4597946884783377,0.3293420063063049,0.00048093010198342346,0.0,1.7978934467324026e-14,2026-01-22,V3
-0.009949539331754575,1.445270403809036,0.23588379789919378,0.0003409963073458232,0.0,2.790563087563829e-14,2026-01-23,V3
-0.007156622349660413,1.4349271493358335,0.3429069901744614,0.0004922153339770624,0.0,2.3808323977165626e-14,2026-01-26,V3
0.027910666105861015,1.4749769218871809,0.37283744346856407,0.0005501317344409884,0.0,0.09315088164285391,2026-01-27,V3
0.02325716778936271,1.5092807076449488,0.4819070773105766,0.0007276837306022371,0.0,0.09281770428380988,2026-01-28,V3
-0.027569977068352847,1.4676698731454703,0.31490723648751606,0.00046232545345913003,0.0,2.7620574824149194e-14,2026-01-29,V3
0.020527301236579865,1.4977971747473802,0.2798737510394472,0.00041931146786620125,0.0,0.093224050060733,2026-01-30,V3
-0.06265230440297043,1.4039567302211982,0.37821046801810226,0.0005311920344020626,0.0,0.2728173461428671,2026-02-02,V3
0.03428666877584874,1.452093729605916,0.5195840804354654,0.0007548770072790642,0.0,0.04811409083755676,2026-02-03,V3
-0.015504493802719121,1.4295797513742738,0.21923385222649544,0.0003134810016063597,0.0,0.048341325263615766,2026-02-04,V3
-0.018277531817011083,1.4034505619835758,0.34018642907129815,0.0004775973071817635,0.0,2.801287749088946e-14,2026-02-05,V3
-0.020064916808318456,1.3752904432127875,0.2135571129306699,0.0002937657922681389,0.0,1.2595137946777015e-14,2026-02-06,V3
0.03459643651508304,1.422870591721199,0.4252636910778852,0.0006053526342571795,0.0,0.04722435251212457,2026-02-09,V3
0.0078667759434623,1.4340639958628114,0.34895055883642934,0.0005005921146616912,0.0,8.206152064721352e-15,2026-02-10,V3
0.004858378333416402,1.441031221309044,0.33005861287368204,0.0004757818018944948,0.0,0.04711963142032487,2026-02-11,V3
0.03962570664309406,1.4981331017481756,0.20958354168042367,0.00031404986105520544,0.0,0.08491383281456229,2026-02-12,V3
-0.004944119092650134,1.4907261532764913,0.31963597209981875,0.000476642055083775,0.0,0.12847898256399534,2026-02-13,V3
0.02437023525328952,1.5270555003300708,0.3053197554299096,0.00046638260771239895,0.0,0.09053133329675038,2026-02-24,V3
0.000856103671996733,1.528362818151246,0.329871274141242,0.000504329353940222,0.0,0.04747279555212777,2026-02-25,V3
0.011401485294909586,1.545788424347684,0.23910923726896496,0.00036970068997496766,0.0,1.5973830563319883e-15,2026-02-26,V3
-0.0025041093500000056,1.5419176011011533,0.4167295855570389,0.0006428305693867511,0.0,9.571161987449182e-15,2026-02-27,V3
0.010029518628039247,1.557382292404299,0.2675259086069021,0.00041675160467546447,0.0,0.08910996679094112,2026-03-02,V3
-0.027483928697343507,1.5145793085253538,0.2439196478388413,0.00036952578615912743,0.0,0.2608382401851556,2026-03-03,V3
-0.006712156196502228,1.5044132156345413,0.4055216245078198,0.0006103195889263224,0.0,0.128570668952847,2026-03-04,V3
0.004030125416077057,1.5104761895711523,0.3122658108304058,0.0004718174045208442,0.0,3.529759972462606e-15,2026-03-05,V3
0.00519631362271733,1.518325097571811,0.14486252889673545,0.00021998028022133544,0.0,0.04726705374587125,2026-03-06,V3
-0.022585936084988822,1.4840323039618197,0.36040732693042843,0.0005350489513116037,0.0,0.04511018145496857,2026-03-09,V3
0.02256619576199581,1.5175212674501477,0.41055780313715357,0.0006232860927472058,0.0,1.2652587061054519e-14,2026-03-10,V3
-0.0017829354059326619,1.514815625053155,0.4258635796215339,0.000645379648238982,0.0,0.047248278858954655,2026-03-11,V3
-0.01704142235812478,1.4890010121919375,0.6678425303571447,0.0009950827622764867,0.0,0.046916573528115624,2026-03-12,V3
0.0003949168611980802,1.489589043797993,0.22004622337118132,0.00032785058574606106,0.0,0.04742204218213446,2026-03-13,V3
0.01937965047908974,1.5184567588242797,0.5066069776737774,0.0007696506997311437,0.0,0.12758708906594518,2026-03-16,V3
-0.02397886605785171,1.4820458875897926,0.3122330207050994,0.0004628881932845691,0.0,2.758594586275429e-15,2026-03-17,V3
0.03497532646720347,1.533880926347622,0.3315149069784684,0.0005086730253048454,0.0,0.047327602958985526,2026-03-18,V3
-0.02347094883887213,1.4978792856003953,0.24650152034167885,0.0003693205592681583,0.0,2.351952871644091e-14,2026-03-19,V3
-0.01907667109866995,1.4693047351234858,0.32537427407900216,0.0004782295651892613,0.0,1.935700117874845e-14,2026-03-20,V3
-0.02927669323466109,1.4262883511250406,0.46489389413906157,0.0006633811475646911,0.0,0.05000000000002109,2026-03-23,V3
0.023965621116225133,1.4604702373505887,0.2825750127123526,0.00041280904540660874,0.0,0.04731457048627294,2026-03-24,V3
0.014816724014148352,1.48210962178829,0.3383089601986766,0.0005015806542772546,0.0,1.074282952486644e-14,2026-03-25,V3
-0.011099833766753164,1.4656584513623347,0.12025426683200564,0.00017627288006066445,0.0,1.4432847313242384e-14,2026-03-26,V3
0.002644759222233173,1.4695347650682193,0.2123838378540414,0.00031217173349595503,0.0,8.161610039984059e-15,2026-03-27,V3
-0.009320936093609178,1.4558373254356816,0.21630590496350108,0.0003149743409678715,0.0,2.1478873608244387e-14,2026-03-30,V3
-0.017341652656460704,1.4305907002136653,0.42962155239243804,0.0006148767617729028,0.0,0.04770848891065123,2026-03-31,V3
-0.0038057421504560374,1.4251462408858118,0.2965157130346765,0.0004227035920519448,0.0,0.047864515595116605,2026-04-01,V3
-0.010350203027709948,1.410395687948466,0.22339366874383948,0.0003151438682562111,0.0,1.829873499656162e-14,2026-04-02,V3
-0.01729540414999975,1.3860023245139803,0.4074377496649189,0.0005649398459498527,0.0,2.138706447481408e-14,2026-04-03,V3
-0.003324199370251968,1.3813949764596631,0.10669269132869605,0.00014740047437973689,0.0,3.565620661387625e-15,2026-04-07,V3
0.022392764917541053,1.4123282294257966,0.3129276200109764,0.0004420948551993874,0.0,1.8807380416925732e-14,2026-04-08,V3
-0.005037361119440087,1.4052138221149995,0.21509860453955948,0.00030232456180800005,0.0,2.771971840716705e-15,2026-04-09,V3
0.014731033767565238,1.425914074379225,0.7111762830969096,0.0010147979716821824,0.0,0.047289909928358485,2026-04-10,V3
0.0019436344893621893,1.4286855301530554,0.3429031456315228,0.0004900688085437481,0.0,1.903463037695518e-14,2026-04-13,V3
0.027399225921848958,1.4678304077649955,0.3310411779471898,0.0004860732174637058,0.0,0.047259950242372194,2026-04-14,V3
-0.011076000383956841,1.4515727176050068,0.4356717117758833,0.0006326848135218658,0.0,8.253192278978222e-15,2026-04-15,V3
0.02044010017003406,1.4812430093569418,0.21549763799023366,0.00031927317242049673,0.0,1.988551451407152e-14,2026-04-16,V3
-0.0050511702489253185,1.4737609987366493,0.4177064855685173,0.0006158567747192154,0.0,2.3796947377562742e-14,2026-04-17,V3
0.010062296472354237,1.4885904188353303,0.23656658429096475,0.00035223407760474044,0.0,0.047277187744170196,2026-04-20,V3
-9.149842502309546e-05,1.4884542151565023,0.4365261761280295,0.0006500329832964709,0.0,1.7078184506471443e-14,2026-04-21,V3
0.017485243899999725,1.5144802001424964,0.21298582492713622,0.00032263153070587886,0.0,3.3767128858458883e-15,2026-04-22,V3
-0.01658882740177925,1.4893567494989204,0.23400541445260065,0.00034859911751524493,0.0,2.781852087036928e-15,2026-04-23,V3
0.005885018542583165,1.4981216415862428,0.4251475646137501,0.0006371936687520017,0.0,2.7663799329134684e-14,2026-04-24,V3
0.022078820071970595,1.5311983997567506,0.4228608234597145,0.0006477577275674182,0.0,1.7113942420842298e-14,2026-04-27,V3
-0.004164798100474543,1.5248212675699941,0.36689203337728804,0.0005596501065612649,0.0,0.05000000000000643,2026-04-28,V3
0.00914705363927193,1.5387688894947595,0.17417257592835603,0.0002680580295992317,0.0,2.4420019823326565e-14,2026-04-29,V3
0.02622507665232332,1.5791232215719702,0.23724383549187333,0.00037472615126940377,0.0,0.04707665738418919,2026-04-30,V3
0.07045173668478899,1.6903751949709944,0.3694292124601284,0.0006247047612282311,0.0,0.19281475930707087,2026-05-06,V3
0.008323161910896548,1.7044444614089014,0.3732693536210586,0.0006364544513347528,0.0,2.364649155341827e-14,2026-05-07,V3
-0.022330669066186415,1.666383076199485,0.11706991482857779,0.00019510616586467747,0.0,7.615517566015625e-15,2026-05-08,V3
0.07427383767637319,1.7901517423077808,0.2344869928916918,0.00041986575193116285,0.0,0.15620496529846267,2026-05-11,V3
0.0022459018999367864,1.794172247507005,0.356949122431539,0.0006406568911537244,0.0,1.6676075339868066e-14,2026-05-12,V3
0.03796477811248922,1.8622875987791947,0.17889688201277362,0.0003332170563250632,0.0,0.08937498147090978,2026-05-13,V3
-0.014765304089875975,1.8347903560804149,0.3199874685020526,0.0005872978492261822,0.0,0.05000000000001255,2026-05-14,V3
-0.020412101663747628,1.7973384288004377,0.18484118577726738,0.00033228358611459534,0.0,0.04714647097546202,2026-05-15,V3
0.015621491993974557,1.8254155366764067,0.2642554065853026,0.0004825034289713538,0.0,1.9660099374487143e-14,2026-05-18,V3
0.03126507552382263,1.8824872912929538,0.1825233521817198,0.0003436606169340912,0.0,0.08932156475636126,2026-05-19,V3
0.015411184327268623,1.9114986499328102,0.2343031241649999,0.0004479750674742941,0.0,0.04758091559449265,2026-05-20,V3
-0.05103780497691357,1.813939954623906,0.11459085712080853,0.00020788475585839007,0.0,0.04788940399352089,2026-05-21,V3
0.023182772074152425,1.85599211114815,0.23953937544193776,0.0004446897118254275,0.0,1.4776494155668082e-14,2026-05-22,V3
0.058770691757141336,1.9650700514161241,0.25618270366788476,0.0005035459584336246,0.0,0.1828515012235468,2026-05-25,V3
-0.0130432246778035,1.9394392012278807,0.33953212043737313,0.0006587255629394387,0.0,0.04710519968571903,2026-05-26,V3
-0.003554001242420113,1.9325464318971186,0.2628509611597952,0.0005081052430615994,0.0,1.847385621804224e-14,2026-05-27,V3
0.008366658286685036,1.9487153875159544,0.3288314225106696,0.0006410096370560983,0.0,2.5211131763165915e-14,2026-05-28,V3
-0.04823740227136197,1.8547144194559544,0.36230389241509753,0.0006722137991632723,0.0,0.09051819222406544,2026-05-29,V3
-0.04612824575990693,1.769159696900847,0.24290516905492468,0.0004298424462129239,0.0,0.04792858655008827,2026-06-01,V3
0.0086469843915713,1.7844575931861457,0.12881639009565485,0.00022989699993464528,0.0,2.0374158870082477e-14,2026-06-02,V3
0.029222016708359444,1.8366030427895903,0.24020462935568,0.0004412665474342612,0.0,0.04732823195058631,2026-06-03,V3
0.03718859128429841,1.9049037226993912,0.23293678591443473,0.00044382553393541955,0.0,0.19884952597886105,2026-06-04,V3
-0.044378544789015706,1.8203668675228135,0.37854198729838257,0.0006893462381391392,0.0,1.8335643301537376e-14,2026-06-05,V3
-0.046007508449154244,1.7366163234846972,0.022440395423048074,3.897123152696216e-05,0.0,1.7517381962160143e-14,2026-06-08,V3
0.06265926208103956,1.845431420832136,0.4462166341545746,0.0008238298037289461,0.0,0.08919388329848643,2026-06-09,V3
-0.026875611935996746,1.7958343221113564,0.34403083454583955,0.0006180350036401128,0.0,0.04793771238413228,2026-06-10,V3
0.002662875409434662,1.8006164051671254,0.3226505640491424,0.0005811574095292981,0.0,2.3214275498881004e-14,2026-06-11,V3
-0.022327050549999505,1.7604139516678006,0.12456658209710895,0.00021931606848837366,0.0,1.8843899066789373e-14,2026-06-12,V3
0.045116646443042585,1.8398379255185962,0.40156757507396473,0.0007391160593232572,0.0,0.04459190749739246,2026-06-15,V3
-7.39048203497461e-05,1.839701952627238,0.4997854093744573,0.0009199159540924988,0.0,2.8345223744176828e-14,2026-06-16,V3
0.062224699399848316,1.9541768536147819,0.5088616445961228,0.000994911920077974,0.0,0.16953719862824396,2026-06-17,V3
0.011825687728395096,1.977286338851688,0.4137634463626151,0.0008184674619267743,0.0,1.2094862433491644e-14,2026-06-18,V3
0.045689432828989185,2.0676274302143303,0.5114267262999898,0.001057981007605783,0.0,0.19660643423645544,2026-06-22,V3
-0.01887521765627609,2.028600512436948,0.2730609237723826,0.0005540828282600929,0.0,0.04756813376011546,2026-06-23,V3
0.04758437962095319,2.125130209320008,0.4649387493412954,0.000988514980627448,0.0,0.1700324371363508,2026-06-24,V3
0.04840306669033079,2.227993028567361,0.24183339437703452,0.0005389334488520934,0.0,0.24229938942974893,2026-06-25,V3
0.007544762424792184,2.244802706651995,0.3240670831571288,0.0007277024898312256,0.0,1.3206163505686519e-14,2026-06-26,V3
0.03304826498048574,2.3189895413303416,0.23907494741692437,0.000554544880442081,0.0,0.15926199053169587,2026-06-29,V3
0.019161012997968907,2.3634237300739263,0.34249961442402055,0.0008097490550100213,0.0,2.3417779451200798e-14,2026-06-30,V3
-0.01554332242155787,2.3266882730186262,0.1345966638251975,0.0003132066358777944,0.0,0.04482672258112356,2026-07-01,V3
-0.08364786676243707,2.1320657623594395,0.2821573249009624,0.0006017477595583725,0.0,0.2757278230657953,2026-07-02,V3
-0.0007556840245473984,2.13045459432354,0.4366269961496994,0.0009306203239093983,0.0,0.04847398371943541,2026-07-03,V3
0.0007246231623125876,2.131998371068842,0.33107720633280685,0.0007060898348495091,0.0,0.04732810874862858,2026-07-06,V3
-0.028960822644383377,2.070253944366203,0.24293150671689642,0.0005030521172002682,0.0,1.597378556097414e-14,2026-07-07,V3
-0.02681230589912864,2.014745662320979,0.27248969673304024,0.0005491470714390101,0.0,0.09076380121278313,2026-07-08,V3
0.07872521724554371,2.173356952281715,0.20772891798028786,0.00045156289075311306,0.0,0.23866705449599893,2026-07-09,V3
-0.036655345290942165,2.093691802755359,0.3721446171207079,0.0007794462010131999,0.0,0.09520464613412384,2026-07-10,V3
-0.07235457353424579,1.9422036252548487,0.3757584466544401,0.0007300737486901352,0.0,0.25639367726707724,2026-07-13,V3
0.02262068030281572,1.9861375925447082,0.6156569012520461,0.0012235325919704274,0.0,8.309457276033533e-15,2026-07-14,V3
-0.06046389552276066,1.8660479766552576,0.38120827484595765,0.0007116242069968284,0.0,0.2285833778177914,2026-07-15,V3
-0.049233307264184845,1.7741762632508788,0.4953744266152202,0.0008793171403464502,0.0,0.08397807265862708,2026-07-16,V3
-0.07652725581679887,1.6384034224889865,0.7305082101869506,0.0011977421121732333,0.0,0.026491885523494355,2026-07-17,V3
-0.025252630652693786,1.5970294260007627,0.6613392537296279,0.0010568772031564198,0.0,0.03760290510400855,2026-07-20,V3
0.02150333610234001,1.6313708865133842,0.3553891532658673,0.0005799776357814724,0.0,2.1415402060473313e-14,2026-07-21,V3
0.0031078408499913834,1.636440927595977,0.6499050010108689,0.0010642227864145714,0.0,9.695562072907347e-16,2026-07-22,V3
0.008076587188967865,1.6496577854273013,0.40943689649943277,0.0006757074235019017,0.0,1.8488364522133373e-14,2026-07-23,V3
-0.011012999599999795,1.631490104896254,0.10646084293649646,0.00017370830494237749,0.0,6.716262837509424e-15,2026-07-24,V3
6.69351694491116e-05,1.63159930896288,0.10579655419609481,0.00017263584899495653,0.0,1.2591678581024417e-14,2026-07-27,V3
0.0118943373162681,1.6510061015086743,0.20680953352122117,0.0003415144301336856,0.0,1.7868583941859877e-15,2026-07-28,V3
0.013852729504099104,1.6738770424424911,0.20789672984579666,0.00034806592505533745,0.0,1.7795759086633395e-15,2026-07-29,V3
0.016627939850000217,1.701710169220521,0.10583887816256629,0.0001801261596187926,0.0,7.454140062599718e-15,2026-07-30,V3
-0.0020760670067008213,1.698177304883235,0.10787935642585951,0.00018321804019206554,0.0,2.2942352097148234e-14,2026-07-31,V3
0.0006982834566910956,1.6993631140017633,0.00801088522042941,1.3613511910380987e-05,0.0,1.818892058270801e-14,2026-08-03,V3
-0.020229450414875116,1.664985932150197,0.007246965549313936,1.2066183133598307e-05,0.0,1.6635815752420847e-14,2026-08-04,V3
-0.0069786932920122835,1.6533665059942055,0.10582066090720324,0.0001749788527639845,0.0,2.7048044575638174e-14,2026-08-05,V3
-0.003509130586941245,1.6475646270165971,0.2061115175618713,0.00033965205175547964,0.0,8.813707904898514e-15,2026-08-06,V3
-0.006944628624274918,1.6361229025474748,0.10378869985463236,0.00016982869515725816,0.0,1.9808065267217952e-14,2026-08-07,V3
0.010067628349999636,1.6525947798652456,0.20798404201220494,0.0003437848438860578,0.0,8.750403857233724e-15,2026-08-10,V3
-0.013768365953618411,1.6298412501630215,0.7085257474647336,0.0011556032646874962,0.0,1.9381569102824614e-14,2026-08-11,V3
0.003560898920216049,1.6356449501108505,0.20811652211895373,0.0003404755970356212,0.0,2.6421597671580243e-14,2026-08-12,V3
-0.0145485195960805,1.6118487375019328,0.3067901593701817,0.0004946510851440881,0.0,1.469507594015823e-14,2026-08-13,V3
-0.0010118704629535902,1.6102177553737056,0.40606655959213955,0.0006541212008643693,0.0,1.3663543910105006e-14,2026-08-14,V3
0.012838333033438065,1.6308902671735483,0.9556225427702776,0.0015600062812649237,0.0,0.05000000000001846,2026-08-17,V3
-0.011012183021884225,1.6129306050628236,1.0572691850851628,0.0017071066977208424,0.0,2.5844781342572397e-14,2026-08-18,V3
-0.07197704535860583,1.4968366257419332,0.6334140599190103,0.0009487182956540399,0.0,0.09045453029401175,2026-08-19,V3
0.002503724274707908,1.500584291937075,0.7320869281870027,0.0010993629740325037,0.0,8.33022216387332e-15,2026-08-20,V3
0.019061844562174635,1.5291881964624205,0.6170059732064522,0.0009441007671867785,0.0,1.8938234218820036e-14,2026-08-21,V3
-0.033227623499999415,1.4783769068097241,0.9541981557736325,0.0014120118571261664,0.0,0.9541544099962199,2026-08-24,V3
-0.00015727636816242896,1.4781443930590459,0.0457391495341767,6.761215994992684e-05,0.0,1.0,2026-08-25,V3
0.0,1.4781443930590459,0.0,0.0,0.0,1.0,2026-08-26,V3
0.0,1.4781443930590459,0.0,0.0,0.0,1.0,2026-08-27,V3
0.0,1.4781443930590459,0.0,0.0,0.0,1.0,2026-08-28,V3
0.0,1.0,0.0,0.0,0.0,1.0,2025-02-05,V4
-0.0009990009990009652,0.999000999000999,0.999000999000998,0.0009990009990009981,0.0,9.672072170952007e-16,2025-02-06,V4
0.006802992530144492,1.0057971953348097,0.3310946295861126,0.0003331243455099124,0.0,0.04726758360832704,2025-02-07,V4
0.0030764901510791365,1.0088915205002402,0.16005616789285076,0.00016150516048794256,0.0,2.114816494556646e-14,2025-02-10,V4
-0.012665759024097167,0.9961131436201291,0.12006551006548113,0.00011961319409083975,0.0,2.33832090224917e-14,2025-02-11,V4
0.028512778183637177,1.0245150967299754,0.2368119570019288,0.00024267489335105558,0.0,0.047326236427666805,2025-02-12,V4
-0.0269335016231248,0.9969213177092827,0.20778712612201525,0.00020719046708830052,0.0,0.04732531656104715,2025-02-13,V4
0.015766766781117214,1.012639543624729,0.4973201720928179,0.0005038566501794202,0.0,0.04743732574153365,2025-02-14,V4
0.0007261086728891364,1.0133748299798655,0.3422988352714014,0.00034699580025373335,0.0,7.046579752404679e-15,2025-02-17,V4
-0.02435991957412742,0.9886891006231109,0.42023407516954575,0.0004156555224446266,0.0,2.355690133925283e-14,2025-02-18,V4
0.03715251663998309,1.0254213888857808,0.3578070959975577,0.0003670343768355104,0.0,0.08939430814320201,2025-02-19,V4
-0.0005292843643717182,1.0248786493777513,0.1910308934756409,0.00019582089193468738,0.0,1.4209014597668922e-14,2025-02-20,V4
0.04276946666166248,1.0687121626045628,0.25151039339052833,0.0002688598374814077,0.0,0.16754806207710965,2025-02-21,V4
0.0015677108473959311,1.070387594254622,0.4297710636678295,0.0004602194039023936,0.0,0.0942071500298122,2025-02-24,V4
-0.0025295250108711143,1.0676800220636287,0.1681281129455218,0.00017953721259194756,0.0,0.04734984373361448,2025-02-25,V4
0.022947196303515938,1.092180285119265,0.22100619093086193,0.0002414319625824108,0.0,0.08904055395647532,2025-02-26,V4
0.002686309551510613,1.0951142194511525,0.20161711736770363,0.0002208382968949485,0.0,1.981977218084929e-15,2025-02-27,V4
-0.0502379218421839,1.0400979568861013,0.11567016184046557,0.00012032221669323081,0.0,6.825869254781199e-15,2025-02-28,V4
-0.016196711454736556,1.0232517903937561,0.14326162761410433,0.00014661372107116705,0.0,0.04771295743145472,2025-03-03,V4
0.027252634020892064,1.0511380969485797,0.24829543833536932,0.00026105761394753943,0.0,0.12623824174787707,2025-03-04,V4
0.012018261012030518,1.0637709489573968,0.5144219496046436,0.0005475087760274355,0.0,0.0469374317408228,2025-03-05,V4
0.01594985199995036,1.080737938155114,0.4059545286147441,0.00043890863718874475,0.0,0.047459388416763185,2025-03-06,V4
0.014003031674102662,1.0958715457345045,0.4002243655908898,0.0004387701006458711,0.0,0.08935764306221619,2025-03-07,V4
0.002582655977823922,1.0987018049330228,0.40616234442399457,0.000446432625036083,0.0,0.047521547063295325,2025-03-10,V4
-0.004438906771390361,1.0938247700513668,0.1405902358513067,0.00015380270556017222,0.0,2.1443582209454504e-14,2025-03-11,V4
-0.013029413226032016,1.079572875125498,0.21319617716748826,0.00023020988981892594,0.0,1.737614218591302e-14,2025-03-12,V4
-0.029293015298469394,1.0479489303786342,0.2169239680794237,0.00022737456331483564,0.0,3.1310191217635797e-15,2025-03-13,V4
0.022613749121753512,1.0716469845826266,0.14206755564424178,0.00015226789994152398,0.0,0.04731521798691342,2025-03-14,V4
0.0012711189080880647,1.0730091753275253,0.14833820820344162,0.0001591918726910932,0.0,1.6137145332893402e-14,2025-03-17,V4
-0.002259003449310071,1.070585243899319,0.1126953555255399,0.0001206635829070053,0.0,1.4274010505183115e-14,2025-03-18,V4
-0.010072153403978601,1.0598021450907293,0.3147757570163718,0.0003337050647728931,0.0,1.6583410533595328e-14,2025-03-19,V4
-0.005202452319072126,1.0542885749632445,0.4130313173261979,0.0004356341294974074,0.0,2.413720573784798e-14,2025-03-20,V4
-0.028809724077591525,1.0239148120203962,0.31309914080542106,0.0003206872548054771,0.0,5.3316689189473956e-15,2025-03-21,V4
0.0008151912543727935,1.024749498420378,1.0109108511368345,0.001036978680650856,0.0,2.701074538250831e-14,2025-03-24,V4
-0.007005741003598631,1.0175703688408773,0.4168889689261275,0.0004243907857129302,0.0,1.5443991237434513e-14,2025-03-25,V4
-0.002388934539276355,1.0151394598406092,0.8062115784166315,0.0008190775360242678,0.0,1.9153031015300468e-14,2025-03-26,V4
-0.0035071094109410117,1.0115792546875846,0.3071927040675364,0.00031084525602084577,0.0,2.9923886254525576e-15,2025-03-27,V4
-0.00914605579999983,1.0023272943780897,0.30707082814117487,0.00030788001332384264,0.0,1.3112182825495027e-15,2025-03-28,V4
-0.009933824167583372,0.9923703512773682,0.603508492695622,0.0005992655967722618,0.0,6.37331956265432e-15,2025-03-31,V4
-0.0024051088782243157,0.9899835925350244,0.5096754267035518,0.0005048276081814154,0.0,9.49623519875579e-15,2025-04-01,V4
-0.006168780498775339,0.9838766010552868,0.555751683593357,0.0005470951265222358,0.0,0.050000000000012354,2025-04-02,V4
-0.011977724122412159,0.9720919985573501,0.26548436466380304,0.00025814375976381746,0.0,2.538945563928658e-14,2025-04-03,V4
-0.08433455007501667,0.8901110572274922,0.38443592679741284,0.00034232227021709023,0.0,0.17929295572657689,2025-04-07,V4
0.019148982679649595,0.907155778445306,0.8103207185235654,0.0007356832615917435,0.0,4.825126086128309e-15,2025-04-08,V4
0.027834185679975976,0.9324057208232158,0.28417160986489765,0.0002650385511653345,0.0,1.2736622921637305e-14,2025-04-09,V4
0.0024521098619862958,0.9346920820866189,0.05879051103749976,5.495425595736841e-05,0.0,0.04706889903326841,2025-04-10,V4
-0.0034660716117391743,0.9314523723951811,0.16788728583818704,0.00015640526914509475,0.0,2.352658596373165e-15,2025-04-11,V4
-0.0010161579026292111,0.930505869706049,0.3052249633619038,0.0002841003345032551,0.0,7.70938035728514e-15,2025-04-14,V4
-0.00876066451645141,0.9223540199509654,0.1097641796695186,0.00010125254626748101,0.0,1.3712038538073844e-14,2025-04-15,V4
0.016026826182618192,0.9371364275075587,0.1065545490769257,9.986679071748164e-05,0.0,1.4586556966949908e-14,2025-04-16,V4
-0.0013216924999999158,0.9358978213198452,0.1053206225373151,9.857972365058743e-05,0.0,3.387922464615127e-16,2025-04-17,V4
-0.006666292829282883,0.9296588523846393,0.005328321230646183,4.953547394510989e-06,0.0,6.309865684719068e-15,2025-04-18,V4
-0.003840972547254684,0.9260880582543176,0.0037368866229203104,3.460699008776637e-06,0.0,1.7294837186621968e-14,2025-04-21,V4
-0.0006635384846059855,0.9254735631875318,0.7031106414247463,0.0006511681538927899,0.0,1.401103354895576e-14,2025-04-22,V4
-0.005995481901809652,0.9199249031888377,0.30436460384481223,0.00028007782450214814,0.0,1.843759693585868e-14,2025-04-23,V4
-0.0015362834933012603,0.9185116377449919,0.9023060516063721,0.0008295270965273542,0.0,7.658017759800081e-15,2025-04-24,V4
-0.0031055066999998715,0.915659193699947,0.4090100454987343,0.00037466705106415233,0.0,2.9053461035847363e-15,2025-04-25,V4
-0.0019558061275489758,0.913868341838162,0.4076875336166663,0.00037272468554211955,0.0,7.222372483288036e-15,2025-04-28,V4
0.0022848616207571393,0.915956404538853,0.353056715529336,0.00032349877316887986,0.0,0.0500000000000098,2025-04-29,V4
-0.00538150764694123,0.9110271781435624,0.4603240292831942,0.0004195608353638071,0.0,7.507965316255433e-15,2025-04-30,V4
0.017896330168881702,0.9273312213164441,0.50997822511791,0.0004731600316565249,0.0,6.599637834310698e-15,2025-05-06,V4
0.001913445366390043,0.9291056189449809,0.5114138923656422,0.0004754006474990124,0.0,1.7268070272067416e-14,2025-05-07,V4
-0.006129120313905667,0.9234110188221413,0.7075088678931243,0.0006537840425346699,0.0,2.538886110202805e-14,2025-05-08,V4
-0.013418128148740216,0.911020571437627,0.7094507302931374,0.0006467830704401609,0.0,1.8802925818846366e-14,2025-05-09,V4
0.020324221261494912,0.929536355105299,0.5126414208513199,0.0004767632464021829,0.0,1.7600712734614535e-14,2025-05-12,V4
-0.0012046606518044678,0.9284165792338819,0.3084871951505497,0.00028649300588294335,0.0,5.2192938902455674e-15,2025-05-13,V4
-0.002475646626686423,0.9261181478613417,0.3135748106082884,0.0002904984158022362,0.0,2.4894016286823992e-14,2025-05-14,V4
-0.020778858849999415,0.906874469588508,0.7049703292219085,0.0006397706126882075,0.0,1.908555600800202e-15,2025-05-15,V4
-0.002501903424143803,0.9046055572477759,0.5572877388975358,0.0005044066852538684,0.0,0.05000000000000217,2025-05-16,V4
0.0025010650032499804,0.9068680345487539,0.11139395220122383,0.00010103086872110287,0.0,0.05000000000000836,2025-05-19,V4
0.00287662502499475,0.9094767538313047,0.4568015646270415,0.000415640269267386,0.0,1.1530448050097225e-14,2025-05-20,V4
-0.005871316786642655,0.9041369276994736,0.31843558486413104,0.0002880010811619618,0.0,2.3254413292230016e-14,2025-05-21,V4
-0.007591868389483003,0.8972728391383077,0.5107368322554683,0.000458504462647197,0.0,1.2837061970039236e-14,2025-05-22,V4
-0.013064955145514423,0.8855500097416773,0.4126280051207628,0.00036555357159539256,0.0,1.6056549776817425e-14,2025-05-23,V4
-0.0014024452109577812,0.8843080743714514,0.3202919269687474,0.0002833274846804861,0.0,1.3720494286545337e-14,2025-05-26,V4
-0.009266142535746313,0.8761139497088142,0.6068506233146568,0.0005319931368421516,0.0,2.737811305362182e-14,2025-05-27,V4
-0.007082200059987942,0.8699091354416302,0.41124458296130223,0.00035789260101236846,0.0,1.6218554427851413e-14,2025-05-28,V4
0.005960193622550847,0.8750939623228882,0.40929828782913635,0.0003583211206895641,0.0,1.9664820056840522e-14,2025-05-29,V4
-0.00269709261295481,0.8727337528614657,0.5092573518351148,0.00044467253259573505,0.0,1.641769183729118e-15,2025-05-30,V4
0.00647394218468933,0.8783837807201177,0.4113742080595533,0.00036149314112074227,0.0,2.493371605430783e-14,2025-06-03,V4
-0.004996519892043083,0.8739949186869016,0.30816512484567915,0.00026941777839495297,0.0,1.8038797633592e-14,2025-06-04,V4
-0.0036686376862313796,0.8707885479906321,0.4053108844101602,0.00035308318497829626,0.0,7.383827656604881e-15,2025-06-05,V4
-0.00035106592363043365,0.8704828438047449,0.9055134089642327,0.0007889482905946272,0.0,1.6566885883277627e-14,2025-06-06,V4
0.007381498250874419,0.8769083113937058,0.40960913266272003,0.0003593368405062798,0.0,1.150270851644555e-14,2025-06-09,V4
-0.003286372355588707,0.8740264641607556,0.7088006359492599,0.0006199499345414863,0.0,0.047239605816889574,2025-06-10,V4
0.010381191667411693,0.8830999004075984,0.8204441730718472,0.0007251290954708468,0.0,1.508368358414668e-14,2025-06-11,V4
-0.006866374025194633,0.8770362061897877,0.6083836016316494,0.0005338992614386835,0.0,1.2497232092532207e-14,2025-06-12,V4
-0.00436292350764933,0.8732097643087428,0.408740402935161,0.00035706205659935975,0.0,1.1056453901648448e-14,2025-06-13,V4
-5.2117297216214276e-05,0.8731642549759242,0.561780817088575,0.0004908026521278532,0.0,0.05000000000000486,2025-06-16,V4
0.0014876933613279242,0.8744632556414007,0.36183716754487016,0.00031652783908009196,0.0,1.5237679117763237e-14,2025-06-17,V4
0.007460011346595907,0.8809867614506668,0.41308505096282094,0.00036407285430499405,0.0,1.671431677516354e-14,2025-06-18,V4
-0.01220491197640694,0.8702343955747815,0.4093929565822813,0.00035641374540095063,0.0,1.6727723637333179e-15,2025-06-19,V4
-0.0036206490552833648,0.8670835822325687,0.4140272339485529,0.00035914491292883966,0.0,2.4114858436213976e-14,2025-06-20,V4
0.0023231002749315444,0.8690979043408418,0.16633557443871616,0.00014458594894889247,0.0,0.05000000000000921,2025-06-23,V4
0.0011392719543905638,0.8700880432088769,0.2651555550853359,0.0002307698679826054,0.0,1.2683258779128479e-14,2025-06-24,V4
0.008168892680242124,0.8771956990562121,0.3345614397826248,0.00029357407461245755,0.0,0.04776267645594805,2025-06-25,V4
-0.00589552047076547,0.8720241738555587,0.23969526442681127,0.00020907017807049618,0.0,1.3350361167196201e-14,2025-06-26,V4
0.00998028296511011,0.8807272218630536,0.41040093766257035,0.00036159967852467285,0.0,1.928483318292381e-14,2025-06-27,V4
0.007432289734106368,0.8872730417526544,0.41500226982426425,0.0003683732019962017,0.0,2.2430274303338772e-14,2025-06-30,V4
-0.0023217771722828795,0.8852129914587311,0.31305621178190823,0.00027720820747750884,0.0,2.6650993399383972e-14,2025-07-01,V4
-0.013493721205758424,0.8732681741442716,0.2126966359665313,0.00018578071787084016,0.0,3.2447170887211572e-15,2025-07-02,V4
0.016430085112823622,0.8876160445717821,0.23789865273322683,0.0002112129084143744,0.0,0.047293987515438875,2025-07-03,V4
-0.007512054198068774,0.8809482247378835,0.7206627845895331,0.0006353244554099625,0.0,1.230758707611087e-14,2025-07-04,V4
0.0005238804358691507,0.8814097362778373,0.2095658266403353,0.00018475207771379452,0.0,1.0764560846309297e-14,2025-07-07,V4
0.02469963346259685,0.9031802336942639,0.23676116929026375,0.0002138886487358802,0.0,0.04731608423563775,2025-07-08,V4
-0.008293241311763455,0.8956899420682225,0.5302073820062664,0.0004751533490866074,0.0,6.497962764646913e-15,2025-07-09,V4
-0.002731970755848967,0.8932429433401841,0.40977271934176307,0.00036617663912252033,0.0,2.337592336444923e-14,2025-07-10,V4
0.011093386772645486,0.9031520327925929,0.21799684376370793,0.00019692722210043115,0.0,2.3329531689576433e-14,2025-07-11,V4
-0.009117906390638697,0.894917177101075,0.5081839378985022,0.00045501376583955805,0.0,1.216278484630427e-14,2025-07-14,V4
0.002601736029191448,0.8972455153638811,0.2145097290784003,0.0001925091875111739,0.0,1.1948094537707982e-14,2025-07-15,V4
-0.004696223482954953,0.8930318499046532,0.5080021899316869,0.0004538927139229762,0.0,1.4496103762790014e-14,2025-07-16,V4
0.015276123925214824,0.9066739151129606,0.11239626811961594,0.00010191821968764451,0.0,2.1942661504811495e-15,2025-07-17,V4
0.0036924297780889237,0.9100217448761402,0.31207014692019946,0.00028407927228431214,0.0,2.6520321569095045e-14,2025-07-18,V4
-6.507717684722802e-05,0.9099625232301141,0.20814739095529997,0.00018944575771764628,0.0,8.878968741251586e-15,2025-07-21,V4
-0.001885329217695464,0.9082469442980604,0.6545853723108369,0.0005949145865696687,0.0,0.15000000000001715,2025-07-22,V4
-0.009509226709316199,0.8996102181966865,0.5623609079279476,0.0005061902807121933,0.0,0.10000000000000647,2025-07-23,V4
0.020241825851803563,0.9178199715679269,0.2332962640384468,0.0002141739364058887,0.0,0.14191428464216901,2025-07-24,V4
-0.012002994679675472,0.9068033833322973,0.4004094945624453,0.00036323812838299217,0.0,0.04783667679349832,2025-07-25,V4
0.006588161923576141,0.912777550854537,0.2712478056629724,0.00024765608389703154,0.0,0.044773332499735335,2025-07-28,V4
0.0230682158124611,0.9338337003864192,0.41469961293685575,0.0003874211374934018,0.0,0.08912808604902162,2025-07-29,V4
-0.003943206499228635,0.9301514012698567,0.4203426381353785,0.00039114670951486606,0.0,0.046906755507843866,2025-07-30,V4
0.003922398504334623,0.9337998257350023,0.2017759225160709,0.00018845634723634394,0.0,0.0463028372551279,2025-07-31,V4
-0.01909933950222331,0.9159648658361725,0.29589528098042905,0.00027110990148527186,0.0,0.04665921297548382,2025-08-01,V4
0.020179893717515274,0.9344489394777246,0.3900487534339395,0.00036462286468479706,0.0,0.08710940199701048,2025-08-04,V4
0.001515395030415423,0.9358649987567861,0.18726429387846588,0.0001752869231396488,0.0,0.08753942470421282,2025-08-05,V4
0.005289628832652493,0.9408153772376803,0.31492395793995775,0.0002963786390245152,0.0,4.276236442110772e-15,2025-08-06,V4
0.013502793896948528,0.9535190133716005,0.4484469053698263,0.0004277944938746966,0.0,0.08963989042435679,2025-08-07,V4
-0.005970649300935937,0.9478258857409843,0.24486050001867868,0.00023214196271024895,0.0,0.04754259813933007,2025-08-08,V4
0.011739664573772624,0.9589530437139223,0.3109969694047689,0.0002983242683398623,0.0,0.08944339128812218,2025-08-11,V4
0.02172936424634675,0.979790483695925,0.32604381438381436,0.00031955881677672374,0.0,0.047373764685116566,2025-08-12,V4
0.008459142449144919,0.9880786709678255,0.3137793112549913,0.00031013595908967005,0.0469763847547238,0.0901350766424831,2025-08-13,V4
-0.005467010370510561,0.9826768346267641,0.24779423296386363,0.00024356200574809,0.04723461689513661,0.04513802591317865,2025-08-14,V4
0.01506149157734682,0.997477413494749,0.31807541273204065,0.00031737398885072475,0.04653374922314976,1.0971830962226386e-14,2025-08-15,V4
0.018426881705493336,1.0158578117971182,0.30146164982961154,0.00030633452004647134,0.045691791977468935,2.4041866218425556e-14,2025-08-18,V4
-0.0008051402430562238,1.0150399037916173,0.3785920612090513,0.0003844315921347658,0.0,0.12611890399845752,2025-08-19,V4
0.012846323740822507,1.0280794350055777,0.3536220137779004,0.0003636801254286436,0.0,0.04691195133952772,2025-08-20,V4
-0.014915374683381666,1.0127452450281902,0.41790216180607626,0.00042340536927524554,0.0,0.04791349756318272,2025-08-21,V4
0.04396447773861856,1.0572700608081238,0.40574352617265447,0.000429154609293513,0.0,0.08944375575798039,2025-08-22,V4
0.017345129302636764,1.0756085467206473,0.580229866816136,0.0006244625356238955,0.0,0.04698462143446984,2025-08-25,V4
-0.013084781513429844,1.0615344438928298,0.22019202203200247,0.00023379289498766352,0.0,0.04738127735668183,2025-08-26,V4
-0.0037355092049375926,1.0575690722063098,0.4264410551709875,0.00045118327413936054,0.0,2.5861633242376244e-14,2025-08-27,V4
0.04507588624312042,1.1052399353993239,0.44471122948320835,0.0004917312889714691,0.0,0.08889283529283142,2025-08-28,V4
-0.0009343208418488569,1.1042072866924366,0.21201281256987786,0.00023415573652809762,0.10024330470244992,0.12762353418687875,2025-08-29,V4
0.008401327829094196,1.1134840940992143,0.39713252069456845,0.00044237642710852256,0.14159489761097915,0.12079690782628227,2025-09-01,V4
-0.021546677579054374,1.0894922113342531,0.28523346252963894,0.0003108483001749225,0.14471298156629167,9.368339998858207e-15,2025-09-02,V4
-0.0006200459871767983,1.0888166760605549,0.4262022033065057,0.0004642539323827496,0.08825933390072714,0.08519150902950842,2025-09-03,V4
-0.03894156625465839,1.0464164493305659,0.3065245945155212,0.0003208507264642526,0.09183555421991524,0.15798215392822015,2025-09-04,V4
0.037164551118354705,1.0853060469527989,0.25561493180676287,0.0002774913621169116,0.08854482552541033,0.12988854102381786,2025-09-05,V4
0.007338790448148114,1.0932708806034934,0.21002360710081758,0.00022966092809916246,0.08789974769661976,0.09070327132269684,2025-09-08,V4
-0.019374726432918377,1.072089056374725,0.2894647862043822,0.00031042188570034506,0.04582077904457356,1.610917781807819e-14,2025-09-09,V4
0.008209666171760777,1.0808905496339596,0.1492025865281546,0.00016129573149956114,0.04544766885498936,0.047474591357462306,2025-09-10,V4
0.04560197876064942,1.130181297520954,0.19061022122359972,0.00021546517700829954,0.04346555360277572,0.1572399930064437,2025-09-11,V4
0.02511289005917061,1.1585634161925285,0.24475776889068915,0.0002836368191806961,0.0,0.09350442394326273,2025-09-12,V4
0.007056656637840497,1.1667390004137626,0.4935358554454065,0.0005761118625116217,0.0,2.3777216873868298e-14,2025-09-15,V4
0.016721600467380027,1.1862487438283917,0.24699678192353014,0.00029307201012981676,0.0,0.04936214932036244,2025-09-16,V4
0.011850226883473036,1.200306060582993,0.1624135165246651,0.0001949775952020319,0.0,9.903196983530876e-15,2025-09-17,V4
-0.013708890566632936,1.1838511961519944,0.12356950550463437,0.0001463059858578967,0.0,1.431155037840817e-14,2025-09-18,V4
0.025728398054377655,1.214309790963744,0.3931697997576692,0.0004776177222211987,0.0,0.13097703953571588,2025-09-19,V4
0.03438010267493108,1.2560578862562515,0.12299448592864408,0.0001545071975500419,0.0,0.16517821039462804,2025-09-22,V4
0.014206165409988092,1.2739016523529278,0.2511502757076666,0.0003200211246065671,0.0,0.09841048358319797,2025-09-23,V4
0.03762453285827516,1.3218316069300917,0.1816928874306482,0.00024021104599876228,0.0,0.04988607752822563,2025-09-24,V4
-0.0022533395545563106,1.3188530714857334,0.1517940754810022,0.0002002244755706149,0.0,1.08973429821846e-14,2025-09-25,V4
-0.022781720524017057,1.288807329398904,0.12540418245145427,0.00016164210007612144,0.0,4.099574087986379e-15,2025-09-26,V4
0.04659881153623502,1.348864219248082,0.2270791795841745,0.0003063685501963315,0.0,2.5311756539732195e-14,2025-09-29,V4
0.05097164276052335,1.4176180443640476,0.2854581466082617,0.0004047861690521798,0.0,0.20375294040936576,2025-09-30,V4
0.02096482477753958,1.4473381582656182,0.2322502156461094,0.0003362226871616311,0.0,0.10064142109591613,2025-10-09,V4
-0.04909397801982873,1.3762825705364665,0.3778453581784848,0.0005202185429808607,0.0,0.09526706055342522,2025-10-10,V4
0.006803659660030714,1.3856463287424288,0.24243064029758057,0.0003360045845095844,0.0,0.049871853751904796,2025-10-13,V4
-0.04308002419109824,1.3259526513798985,0.2292548694202369,0.00030405080707758927,0.0,0.05016246749893991,2025-10-14,V4
0.007818830956954903,1.336320051017964,0.35572584843671623,0.0004755327432199026,0.0,2.7811563107120138e-14,2025-10-15,V4
0.03058346953455615,1.3771893545866885,0.2794303401337052,0.000384936052592782,0.0,0.09307631160995508,2025-10-16,V4
-0.0515478481045456,1.3061982069252567,0.17905463784496625,0.00023392273184478035,0.0,0.1439477941007771,2025-10-17,V4
-0.001054051254231747,1.304821407066972,0.242738232264959,0.0003168069429302094,0.0,2.3334559507202476e-14,2025-10-20,V4
0.03625017779531614,1.3521214150642842,0.3303141070130866,0.00044677235300104973,0.0,1.9054826022879286e-14,2025-10-21,V4
-0.0075136329000684565,1.34196207111517,0.32576469045905615,0.0004373063176618362,0.0,1.3632571420180878e-14,2025-10-22,V4
0.006453785710527127,1.3506228067538026,0.22748353855958708,0.0003073143642986773,0.0,6.720077597800862e-15,2025-10-23,V4
0.05509476547767522,1.4250350535407028,0.36583254239115365,0.0005215149837857224,0.0,0.2031113657744237,2025-10-24,V4
0.03586270676303016,1.4761406677928721,0.287317009934346,0.00042424221491741483,0.0,0.13124876327435084,2025-10-27,V4
-0.021523212702923455,1.4443693782205307,0.5203455139888798,0.0007519624067650093,0.0,1.919012474062567e-15,2025-10-28,V4
0.02358381410419863,1.4784331171342806,0.34677912370405384,0.0005128675925892129,0.0,0.049507503108607985,2025-10-29,V4
0.006143028010600959,1.4875151731846366,0.32694459784721475,0.00048649410670855385,0.0,0.04979137255994845,2025-10-30,V4
-0.030801646907058444,1.4416972560513115,0.23085469333570643,0.00033289942932432327,0.0,0.05020697768380642,2025-10-31,V4
0.021607554697130604,1.4728488083681432,0.5136981307509225,0.000756988543337151,0.0,0.049680272475038895,2025-11-03,V4
-0.03071304890218729,1.4276131308912041,0.37812766458198804,0.0005400242172065409,0.0,1.2066232905768712e-14,2025-11-04,V4
0.0070072652187258555,1.4376167947290943,0.387966518196197,0.0005579636535673782,0.0,2.2036589135397365e-14,2025-11-05,V4
0.025687113155677066,1.4745450200098025,0.5138379330247086,0.0007580666886541073,0.0,0.04668981782602603,2025-11-06,V4
0.012277410576832848,1.492648614634487,0.535363649185993,0.0007995378527856656,0.0,5.782271681136154e-15,2025-11-07,V4
0.017089015778417815,1.5181565103616093,0.6585003023961554,0.0010003652619853356,0.0,0.09403932522321508,2025-11-10,V4
-0.016794176770981495,1.49266032156058,0.5310445939663783,0.0007930903607414606,0.0,0.04726658423347588,2025-11-11,V4
0.004866661288921437,1.499924593765028,0.2031854579210803,0.00030482480139809543,0.0,0.04699514223140128,2025-11-12,V4
0.021860561421431557,1.5327137874745442,0.13359647751223266,0.0002047925226006722,0.0,0.08973524670633783,2025-11-13,V4
-0.038699326309060034,1.4733987964746715,0.2785447460522467,0.0004105218423000357,0.0,0.20649526327884818,2025-11-14,V4
0.006439042253405747,1.482886073581289,0.32342655189858566,0.00047975989672596606,0.0,0.04774565736204707,2025-11-17,V4
-0.029247737257791062,1.439515011317946,0.14792875928707447,0.0002129771750486441,0.0,1.7508176148410058e-14,2025-11-18,V4
-0.0020227324837579497,1.436603257543696,0.517361708094755,0.0007436282399537059,0.0,2.5087382161806023e-14,2025-11-19,V4
-0.021405005290409118,1.4058527572157542,0.4294674720503265,0.0006040274398540746,0.0,0.04769137129027549,2025-11-20,V4
-0.05103212081199382,1.3341091094656452,0.2223610110814308,0.00029671982939500025,0.0,0.1946029284425425,2025-11-21,V4
-0.003035195989433248,1.3300598268471286,0.9581820451243385,0.0012756617612213591,0.0,0.04785311037826878,2025-11-24,V4
-0.0026954770508869075,1.3264746811075556,0.43816615738632886,0.0005814710948464137,0.0,2.2594419887188474e-14,2025-11-25,V4
-0.0011950633785201559,1.3248894597936298,0.4291922256035829,0.0005688764132614577,0.0,0.04724670964354825,2025-11-26,V4
-0.00745508292866659,1.315012298999552,0.1446600873827172,0.00019025731672268537,0.0,3.4114741265618474e-15,2025-11-27,V4
0.008761752666199829,1.3265341115163969,0.5202657042447492,0.0006905094521191553,0.0,0.047274180456667474,2025-11-28,V4
-0.0021130617999427503,1.3237310629590306,0.43631526089890094,0.0005778161741097072,0.0,1.3901902606179543e-14,2025-12-01,V4
-0.003120357810547314,1.3196005483976623,0.661585575697804,0.0008736066540639677,0.0,0.05000000000000125,2025-12-02,V4
-0.003052512250000028,1.3155724515585716,0.3665471438481624,0.00048239614557348275,0.0,2.114827760793394e-14,2025-12-03,V4
0.0012460484903018543,1.3172117186257188,0.4082758132271619,0.0005380053401820463,0.0,1.5811909246748728e-14,2025-12-04,V4
-0.008342649920015988,1.3062226823866818,0.41065859866101706,0.0005366319488122455,0.0,6.641141758787619e-15,2025-12-05,V4
0.0009743733693208245,1.3074954309828022,0.5573724017363573,0.0007291682869055405,0.0,0.05000000000000664,2025-12-08,V4
-0.012091846546036122,1.2916853968717148,0.7549113932482769,0.0009758446988720992,0.0,2.4434317038918527e-14,2025-12-09,V4
0.0083134991003595,1.3024238222565554,0.511781967225921,0.0006668983324568876,0.0,2.1848721586191078e-14,2025-12-10,V4
-0.02137540054029685,1.2745839913825971,0.4295517324171965,0.0005477350421458791,0.0,0.04770073223049833,2025-12-11,V4
0.0074299198105798325,1.2840540482304186,0.32950801719181816,0.0004232455662068385,0.0,2.4497800364991673e-14,2025-12-12,V4
-0.01785502945589068,1.2611272253763088,0.40840770181674924,0.0005152645098087506,0.0,9.519899416348389e-15,2025-12-15,V4
-0.016211498700129723,1.2406824630014226,0.40901479456654655,0.0005076651252737663,0.0,3.591891013584883e-15,2025-12-16,V4
0.019029057565460583,1.264291481010334,0.6137786760395854,0.0007764717331349954,0.0,7.923827870579614e-16,2025-12-17,V4
-0.007920966716641442,1.254277070269118,0.41327071029253526,0.0005185702856440432,0.0,1.8601456395578195e-14,2025-12-18,V4
-0.0008013189818981692,1.2532719942441517,0.3127218246900017,0.00039204810687225577,0.0,2.264266647781625e-14,2025-12-19,V4
0.0025316994005994964,1.2564449022007678,0.29785754340974213,0.0003743530958927248,0.0,6.2795446307936535e-15,2025-12-22,V4
-0.0030810273057293447,1.2525737611489427,0.4328055460229193,0.0005423556051418718,0.0,1.73310655802646e-14,2025-12-23,V4
0.023965975959885144,1.2825929137966212,0.3474677040341066,0.0004458145211154039,0.0,0.04960584161791972,2025-12-24,V4
0.0014179863274343951,1.284411613012049,0.4497330376928826,0.0005779022380969529,0.0,4.8383477300388725e-15,2025-12-25,V4
-0.001262670157343937,1.2827898247985527,0.22664186005845194,0.0002907997793592983,0.0,2.2509586536019893e-14,2025-12-26,V4
-0.0016874775561754873,1.280625145759915,0.4354967114774219,0.0005579510254504862,0.0,2.6216926245475984e-14,2025-12-29,V4
0.002225430946493079,1.2834750885901463,0.4343606112023216,0.0005577332813119284,0.0,2.032350442910791e-14,2025-12-30,V4
-0.0028058893858862177,1.2798737994620217,0.6476037950509582,0.0008293882446927279,0.0,2.2789720203653013e-14,2025-12-31,V4
0.024209542678971685,1.3108589588337953,0.44644486552965973,0.0005854876395554141,0.0,0.04957751370025552,2026-01-05,V4
0.025006146501025395,1.343638490000575,0.8115134219881882,0.0010912662461411147,0.0,0.04983122610742416,2026-01-06,V4
0.0003525281497844812,1.344112160391434,0.44404973244121393,0.0005971177951899885,0.0,2.347061499974881e-14,2026-01-07,V4
-0.010602887134964267,1.3298606908580708,0.6421294458028034,0.000854491402506361,0.0,1.9712289601522643e-14,2026-01-08,V4
-0.006471095142871586,1.3212550358007633,0.43810782132618237,0.0005791058759645555,0.0,1.1925809178720617e-14,2026-01-09,V4
0.024409947171796453,1.35350680142513,0.536144624760975,0.0007260646718325357,0.0,0.10526315789473693,2026-01-12,V4
-0.018096436641943936,1.3290131513486998,0.4462641665049092,0.0005933557396652928,0.0,2.2094336875493508e-14,2026-01-13,V4
0.00758601461711117,1.3390950645411641,0.4467112596131985,0.0005984561801370532,0.0,0.04960710987160388,2026-01-14,V4
0.012029379440824384,1.3552035471798651,0.4543745938586035,0.000616049978804506,0.0,2.7431875225568922e-14,2026-01-15,V4
0.024031020003269843,1.3877704707306469,0.34755674370708994,0.0004824966807952257,0.0,0.1736649519068895,2026-01-16,V4
-0.005256002545249383,1.3804763456042646,0.552098977574,0.0007625805989422001,0.0,4.97626301744303e-15,2026-01-19,V4
0.014410226327701725,1.4003693221844606,0.2319554971215916,0.00032489872432623805,0.0,6.5334986550475695e-15,2026-01-20,V4
0.03371861942168408,1.447587842409,0.30637406078843327,0.0004436392851961428,0.0,0.13121206571382665,2026-01-21,V4
0.008662064546435921,1.4601269417365828,0.3293420063063046,0.00048103956298820217,0.0,1.807627426233934e-14,2026-01-22,V4
-0.009949539331754687,1.44559935130042,0.23588379789919375,0.0003410739190367406,0.0,2.8007543688613562e-14,2026-01-23,V4
-0.007156622349660302,1.4352537426742489,0.3429069901744614,0.0004923273635314666,0.0,2.3885019221265317e-14,2026-01-26,V4
0.02791066610586146,1.4753126306632178,0.3728374434685636,0.0005502569459263253,0.0,0.09315088164285384,2026-01-27,V4
0.023257167789362487,1.509624224056318,0.4819070773105767,0.0007278493534068501,0.0,0.09281770428380959,2026-01-28,V4
-0.027569977068352847,1.4680039188172553,0.31490723648751623,0.00046243067999509035,0.0,2.7139287852329994e-14,2026-01-29,V4
0.020527301236579643,1.4981380774752966,0.2798737510394474,0.00041940690430155626,0.0,0.09322405006073282,2026-01-30,V4
-0.06265230440297043,1.4042762746076334,0.3782104680181025,0.0005313129351599414,0.0,0.27281734614286723,2026-02-02,V4
0.03428666877584896,1.4524242301048884,0.5195840804354658,0.0007550488193477225,0.0,0.0481140908375563,2026-02-03,V4
-0.01550449380271901,1.4299051276303083,0.2192338522264955,0.0003135523507385383,0.0,0.04834132526361608,2026-02-04,V4
-0.018277531817011083,1.403769991164738,0.34018642907129854,0.00047770600963334365,0.0,2.778020449665757e-14,2026-02-05,V4
-0.020064916808318456,1.3756034630740037,0.21355711293066992,0.0002938326541648239,0.0,1.243152570861968e-14,2026-02-06,V4
0.03459643651508282,1.4231944409541717,0.42526369107788525,0.0006054904141701408,0.0,0.04722435251212439,2026-02-09,V4
0.0078667759434623,1.4343903927451391,0.34895055883642906,0.0005007060507942587,0.0,8.331949954469927e-15,2026-02-10,V4
0.004858378333416402,1.4413592039509127,0.3300586128736821,0.00047589009113211235,0.0,0.04711963142032506,2026-02-11,V4
0.03962570664309406,1.4984740809339951,0.2095835416804237,0.00031412133966134825,0.0,0.08491383281456227,2026-02-12,V4
-0.004944119092650245,1.491065446620608,0.31963597209981864,0.00047675054011736773,0.0,0.12847898256399548,2026-02-13,V4
0.02437023525328952,1.5274030623328032,0.30531975542990936,0.000466488757667748,0.0,0.09053133329675069,2026-02-24,V4
0.0008561036719965109,1.528710677703085,0.3298712741412422,0.0005044441406786573,0.0,0.047472795552127606,2026-02-25,V4
0.011401485294909364,1.5461402500150878,0.239109237268965,0.00036978483486177195,0.0,1.4739534504930373e-15,2026-02-26,V4
-0.0025041093499998945,1.5422685457586138,0.4167295855570389,0.0006429768793801109,0.0,9.63007404973151e-15,2026-02-27,V4
0.010029518628039469,1.5577367568677392,0.26752590860690234,0.00041684645847896547,0.0,0.08910996679094176,2026-03-02,V4
-0.027483928697343507,1.5149240309127552,0.2439196478388409,0.00036960989123734496,0.0,0.2608382401851557,2026-03-03,V4
-0.006712156196502561,1.5047556241914335,0.4055216245078195,0.0006104584993317317,0.0,0.12857066895284713,2026-03-04,V4
0.004030125416077723,1.5108199780774731,0.31226581083040655,0.0004719247914507926,0.0,2.985176435675866e-15,2026-03-05,V4
0.005196313622717108,1.5186706725110302,0.14486252889673615,0.00022003034833394854,0.0,0.04726705374587144,2026-03-06,V4
-0.02258593608498871,1.4843700737675491,0.3604073269304283,0.000535170729914305,0.0,0.0451101814549687,2026-03-09,V4
0.02256619576199581,1.517866659435436,0.4105578031371534,0.0006234279543643004,0.0,1.2666422419082556e-14,2026-03-10,V4
-0.0017829354059327729,1.5151604012268436,0.42586357962153376,0.0006455265384096508,0.0,0.047248278858954613,2026-03-11,V4
-0.01704142235812467,1.4893399128892313,0.6678425303571445,0.0009953092458310571,0.0,0.04691657352811589,2026-03-12,V4
0.0003949168611980802,1.4899280783328865,0.22004622337118138,0.0003279252054348376,0.0,0.04742204218213435,2026-03-13,V4
0.01937965047908996,1.5188023637299601,0.5066069776737775,0.0007698258743325551,0.0,0.12758708906594493,2026-03-16,V4
-0.023978866057851822,1.4823832052817307,0.3122330207050993,0.00046299354790165046,0.0,2.72362804417461e-15,2026-03-17,V4
0.03497532646720347,1.5342300418359587,0.3315149069784685,0.0005087888006747472,0.0,0.0473276029589857,2026-03-18,V4
-0.02347094883887202,1.4982202070169663,0.2465015203416791,0.00036940461763617597,0.0,2.3531689399791542e-14,2026-03-19,V4
-0.01907667109866995,1.4696391528943225,0.32537427407900227,0.0004783384115444904,0.0,1.8770856650276118e-14,2026-03-20,V4
-0.02927669323466131,1.426612978249388,0.4648938941390618,0.0006635321349257748,0.0,0.05000000000002103,2026-03-23,V4
0.023965621116225133,1.4608026443656021,0.28257501271235264,0.0004129030018728516,0.0,0.047314570486272904,2026-03-24,V4
0.01481672401414813,1.482446953986305,0.33830896019867657,0.0005016948154041386,0.0,1.0816007591742134e-14,2026-03-25,V4
-0.011099833766753275,1.4659920392290273,0.12025426683200564,0.00017631300024962152,0.0,1.442394238135525e-14,2026-03-26,V4
0.002644759222233173,1.4698692351944989,0.21238383785404136,0.0003122427846351353,0.0,8.320406083086316e-15,2026-03-27,V4
-0.0093209360936094,1.4561686779872884,0.21630590496350113,0.0003150460299881672,0.0,2.16126972428989e-14,2026-03-30,V4
-0.017341652656460593,1.4309163065644155,0.42962155239243793,0.000615016709403299,0.0,0.04770848891065112,2026-03-31,V4
-0.0038057421504560374,1.4254706080627484,0.29651571303467655,0.000422799800544029,0.0,0.04786451559511653,2026-04-01,V4
-0.010350203027709948,1.4107166978592658,0.22339366874383992,0.0003152155958613813,0.0,1.7678081076978122e-14,2026-04-02,V4
-0.017295404149999638,1.3863177824286368,0.40743774966491914,0.000565068427801815,0.0,2.1608999095548694e-14,2026-04-03,V4
-0.003324199370251857,1.3817093857293186,0.1066926913286962,0.0001474340231303018,0.0,3.477572304786301e-15,2026-04-07,V4
0.022392764917541275,1.4126496791883154,0.31292762001097624,0.0004421954771959272,0.0,1.909831789684933e-14,2026-04-08,V4
-0.005037361119439976,1.4055336526189828,0.2150986045395597,0.00030239337170400897,0.0,2.6093896024057438e-15,2026-04-09,V4
0.014731033767565238,1.4262386163171623,0.71117628309691,0.0010150289424722622,0.0,0.0472899099283589,2026-04-10,V4
0.0019436344893624113,1.4290107028818968,0.3429031456315229,0.0004901803495431011,0.0,1.9166638896774554e-14,2026-04-13,V4
0.027399225921848736,1.4681644899748978,0.3310411779471726,0.00048618384905559016,0.0,0.04725995024234701,2026-04-14,V4
-0.011076000383957174,1.4519030995202236,0.43567171177586833,0.0006328288143134577,0.0,8.655900994025443e-15,2026-04-15,V4
0.020440100170033837,1.4815801443115997,0.21549763799023336,0.0003193458398665721,0.0,1.942135367254531e-14,2026-04-16,V4
-0.0050511702489252075,1.4740964307652547,0.41770648556851714,0.0006159969454032348,0.0,2.419554409264182e-14,2026-04-17,V4
0.010062296472354015,1.4889292260804534,0.2365665842909644,0.000352314247042862,0.0,0.04727718774416992,2026-04-20,V4
-9.149842502331751e-05,1.4887929914012958,0.43652617612802946,0.000650180932578908,0.0,1.6887358526947842e-14,2026-04-21,V4
0.017485243899999725,1.5148248999725578,0.21298582492713627,0.000322704962523473,0.0,3.470599502679205e-15,2026-04-22,V4
-0.01658882740177936,1.4896957311629953,0.2340054144526005,0.00034867845962652206,0.0,2.962696275030449e-15,2026-04-23,V4
0.005885018542582943,1.4984626181636962,0.42514756461375036,0.0006373386957713809,0.0,2.7000310277868557e-14,2026-04-24,V4
0.022078820071970595,1.5315469046947063,0.42286082345971454,0.0006479051589954371,0.0,1.706821046080846e-14,2026-04-27,V4
-0.004164798100474765,1.5251683210552458,0.366892033377288,0.0005597774844540937,0.0,0.05000000000000606,2026-04-28,V4
0.009147053639272151,1.5391191174968568,0.17417257592835603,0.00026811904033891687,0.0,2.4340638727320764e-14,2026-04-29,V4
0.02622507665232332,1.5794826343302681,0.2372438354918733,0.0003748114399649243,0.0,0.047076657384188675,2026-04-30,V4
0.07045173668478877,1.6907599289823005,0.36942921246012866,0.0006248469457381465,0.0,0.19281475930707082,2026-05-06,V4
0.008323161910896326,1.7048323976236757,0.3732693536210585,0.0006365993101062279,0.0,2.3740574637230135e-14,2026-05-07,V4
-0.022330669066186304,1.6667623495390285,0.11706991482857781,0.00019515057256092277,0.0,7.65866804103192e-15,2026-05-08,V4
0.07427383767637319,1.7905591857337806,0.23448699289169195,0.00041996131452308406,0.0,0.15620496529846267,2026-05-11,V4
0.0022459018999365643,1.7945806060109688,0.35694912243153903,0.0006408027064119803,0.0,1.645617497264353e-14,2026-05-12,V4
0.03796477811248944,1.862711460523152,0.1788968820127742,0.00033329289743720117,0.0,0.08937498147091003,2026-05-13,V4
-0.014765304089876308,1.83520795937683,0.3199874685020531,0.0005874315198207562,0.0,0.05000000000001217,2026-05-14,V4
-0.02041210166374774,1.797747507935911,0.1848411857772678,0.00033235921476636345,0.0,0.047146470975462124,2026-05-15,V4
0.015621491993974335,1.8258310062383192,0.2642554065853028,0.00048261324806965174,0.0,1.9391378919004705e-14,2026-05-18,V4
0.03126507552382285,1.8829157505420977,0.18252335218172003,0.00034373883502914756,0.0,0.0893215647563612,2026-05-19,V4
0.015411184327268401,1.911933712246419,0.23430312416500007,0.0004480770278232078,0.0,0.04758091559449253,2026-05-20,V4
-0.05103780497691324,1.8143528123120005,0.11459085712080858,0.00020793207099662004,0.0,0.04788940399352066,2026-05-21,V4
0.023182772074152203,1.8564145400219267,0.23953937544193743,0.00044479092441842134,0.0,1.500131235333239e-14,2026-05-22,V4
0.058770691757141114,1.9655173067270304,0.25618270366789814,0.0005036605668691276,0.0,0.18285150122356217,2026-05-25,V4
-0.013043224677802834,1.9398806228872798,0.33953212043738434,0.0006588754906767657,0.0,0.0471051996857191,2026-05-26,V4
-0.003554001242420113,1.9329862847433916,0.26285096115979534,0.0005082208892027107,0.0,1.835298633295294e-14,2026-05-27,V4
0.008366658286685258,1.949158920460689,0.32883142251066966,0.0006411555326002851,0.0,2.515588949444584e-14,2026-05-28,V4
-0.04823740227136153,1.8551365575236138,0.36230389241509714,0.0006723667968599822,0.0,0.0905181922240652,2026-05-29,V4
-0.04612824575990693,1.7695623624799768,0.24290516905492449,0.0004299402795277125,0.0,0.047928586550087984,2026-06-01,V4
0.008646984391571078,1.7848637406082526,0.12881639009565457,0.00022994932511974874,0.0,2.060165687952396e-14,2026-06-02,V4
0.029222016708359888,1.8370210586584528,0.24020462935568002,0.00044136698090569077,0.0,0.04732823195058666,2026-06-03,V4
0.03718859128429797,1.9053372839895504,0.23293678591443445,0.00044392654983916555,0.0,0.19884952597886088,2026-06-04,V4
-0.044378544789015595,1.8207811879938387,0.3785419872983824,0.0006895031352257542,0.0,1.8354098484624053e-14,2026-06-05,V4
-0.04600750844915402,1.7370115821031515,0.02244039542304811,3.898010148570008e-05,0.0,1.7274749703021326e-14,2026-06-08,V4
0.06265926208103934,1.8458514460639537,0.44621663415457463,0.0008240173096424055,0.0,0.08919388329848624,2026-06-09,V4
-0.026875611935996524,1.796243058908041,0.3440308345458395,0.0006181756700949834,0.0,0.04793771238413242,2026-06-10,V4
0.002662875409434662,1.8010262303789748,0.3226505640491422,0.000581289682543025,0.0,2.3661208954385135e-14,2026-06-11,V4
-0.022327050549999394,1.7608146266914286,0.12456658209710889,0.0002193659854245807,0.0,1.8801589238869102e-14,2026-06-12,V4
0.04511664644304281,1.8402566776556044,0.40156757507396434,0.0007392842841571105,0.0,0.04459190749739225,2026-06-15,V4
-7.39048203497461e-05,1.8401206738164448,0.4997854093744573,0.0009201253294762223,0.0,2.7962568496102194e-14,2026-06-16,V4
0.062224699399848094,1.954621629604119,0.5088616445961232,0.000995138364748393,0.0,0.16953719862824385,2026-06-17,V4
0.011825687728394874,1.9777363746229835,0.41376344636261514,0.0008186537473565938,0.0,1.2168474995687157e-14,2026-06-18,V4
0.04568943282898985,2.06809802786477,0.5114267262999896,0.0010582218069727833,0.0,0.19660643423645555,2026-06-22,V4
-0.01887521765627609,2.029062227454307,0.27306092377238245,0.0005542089390251741,0.0,0.047568133760115976,2026-06-23,V4
0.04758437962095319,2.1256138947600296,0.46493874934129487,0.0009887399693369742,0.0,0.17003243713635097,2026-06-24,V4
0.04840306669033101,2.2285001258659936,0.24183339437703433,0.0005390561115770438,0.0,0.24229938942974885,2026-06-25,V4
0.007544762424791962,2.2453136298792713,0.3240670831571289,0.0007278681169054894,0.0,1.3011602562533668e-14,2026-06-26,V4
0.033048264980485964,2.319517349683818,0.23907494741692445,0.0005546710963715015,0.0,0.1592619905316955,2026-06-29,V4
0.01916101299796824,2.3639616517701225,0.34249961442402055,0.0008099333561066137,0.0,2.3042605191131162e-14,2026-06-30,V4
-0.015543322421558203,2.32721783362446,0.134596663825198,0.0003132779225635842,0.0,0.04482672258112336,2026-07-01,V4
-0.08364786676243696,2.1325510263502743,0.2821573249009625,0.0006018847189920049,0.0,0.27572782306579524,2026-07-02,V4
-0.0007556840245466212,2.130939491608131,0.43662699614969913,0.0009308321356369276,0.0,0.0484739837194363,2026-07-03,V4
0.0007246231623123656,2.1324836197212362,0.3310772063328065,0.0007062505428244672,0.0,0.047328108748628916,2026-07-06,V4
-0.028960822644383377,2.0707251398184368,0.2429315067168967,0.0005031666132361325,0.0,1.570699651380444e-14,2026-07-07,V4
-0.02681230589912942,2.0152042239366073,0.2724896967330411,0.0005492720588123593,0.0,0.09076380121278312,2026-07-08,V4
0.07872521724554393,2.1738516142601543,0.2077289179802878,0.0004516656677004041,0.0,0.23866705449599884,2026-07-09,V4
-0.0366553452909425,2.0941683327281755,0.3721446171207077,0.0007796236050974549,0.0,0.09520464613412442,2026-07-10,V4
-0.07235457353424535,1.9426456761047066,0.3757584466544397,0.0007302399154693902,0.0,0.2563936772670771,2026-07-13,V4
0.0226206803028155,1.986589642885518,0.6156569012520455,0.0012238110713301991,0.0,8.207146517765564e-15,2026-07-14,V4
-0.06046389552276088,1.8664726942714893,0.38120827484595804,0.0007117861746100039,0.0,0.2285833778177917,2026-07-15,V4
-0.049233307264184845,1.77458007061421,0.49537442661522013,0.0008795172753292755,0.0,0.08397807265862742,2026-07-16,V4
-0.07652725581679842,1.6387763275829241,0.7305082101869506,0.0011980147215493624,0.0,0.026491885523494296,2026-07-17,V4
-0.025252630652694008,1.5973929142600942,0.6613392537296274,0.001057117751294511,0.0,0.037602905104008766,2026-07-20,V4
0.02150333610234001,1.6317421909829253,0.3553891532658674,0.000580109640275472,0.0,2.1412190076926024e-14,2026-07-21,V4
0.0031078408499913834,1.6368133860207164,0.6499050010108686,0.0010644650064274752,0.0,1.124598848083096e-15,2026-07-22,V4
0.008076587188967865,1.6500332520449823,0.4094368964994323,0.0006758612163570528,0.0,1.913676832411315e-14,2026-07-23,V4
-0.011012999599999573,1.6318614365002249,0.10646084293649638,0.00017374784142703252,0.0,6.774613232961704e-15,2026-07-24,V4
6.69351694491116e-05,1.6319706654219945,0.10579655419609484,0.00017267514138570895,0.0,1.2677105648131114e-14,2026-07-27,V4
0.0118943373162681,1.6513818750067784,0.20680953352122114,0.00034159215975076393,0.0,2.121321229467236e-15,2026-07-28,V4
0.013852729504099326,1.6742580214292195,0.2078967298457967,0.0003481451458105543,0.0,1.424463546413529e-15,2026-07-29,V4
0.016627939849999995,1.7020974831029247,0.10583887816256632,0.0001801671568247013,0.0,7.288899233266871e-15,2026-07-30,V4
-0.0020760670067007103,1.6985638146760664,0.10787935642585947,0.00018325974111843752,0.0,2.27449857104208e-14,2026-07-31,V4
0.0006982834566913176,1.6997498936879891,0.0080108852204295,1.3616610382874595e-05,0.0,1.8241264164377417e-14,2026-08-03,V4
-0.020229450414875005,1.6653648874959388,0.007246965549313899,1.2068929429835881e-05,0.0,1.680373529817265e-14,2026-08-04,V4
-0.0069786932920123945,1.653742816726818,0.10582066090720334,0.00017501867842879438,0.0,2.6881102624640924e-14,2026-08-05,V4
-0.0035091305869410228,1.647939617225708,0.2061115175618713,0.00033972935749015254,0.0,8.829696279091215e-15,2026-08-06,V4
-0.00694462862427514,1.6364952885888453,0.10378869985463238,0.00016986734863212992,0.0,1.9799615960926162e-14,2026-08-07,V4
0.010067628349999858,1.6529709149508836,0.20798404201220494,0.0003438630902555076,0.0,8.7085004967611e-15,2026-08-10,V4
-0.013768365953618411,1.6302122064831523,0.7085257474647336,0.001155866283146844,0.0,1.9443798634493474e-14,2026-08-11,V4
0.003560898920216049,1.636017227368941,0.20811652211895368,0.00034055309021144915,0.0,2.6716554380242042e-14,2026-08-12,V4
-0.01454851959608039,1.612215598677039,0.3067901593701816,0.0004947636690821099,0.0,1.4922733080879527e-14,2026-08-13,V4
-0.0010118704629537012,1.6105842453328245,0.4060665595921395,0.0006542700806362906,0.0,1.3474638950841506e-14,2026-08-14,V4
0.012838333033438287,1.631261462252816,0.9556225427702775,0.0015603613429553927,0.0,0.05000000000001893,2026-08-17,V4
-0.011012183021884447,1.6132977124739412,1.0572691850851625,0.0017074952398678724,0.0,2.617169503058382e-14,2026-08-18,V4
-0.07197704535860583,1.4971773098462693,0.6334140599190098,0.000948934226529369,0.0,0.09045453029401154,2026-08-19,V4
0.002503724274707908,1.5009258290204732,0.7320869281870025,0.0010996131920480887,0.0,8.513249646686152e-15,2026-08-20,V4
0.019061844562174857,1.529536243872615,0.6170059732064522,0.0009443156471000175,0.0,1.876082516755922e-14,2026-08-21,V4
-0.033227623499999304,1.4787133894316127,0.9541981557736324,0.0014123332348814836,0.0,0.9541544099962198,2026-08-24,V4
-0.00015727636816253998,1.4784808227601696,0.0457391495341767,6.762754866220089e-05,0.0,1.0,2026-08-25,V4
0.0,1.4784808227601696,0.0,0.0,0.0,1.0,2026-08-26,V4
0.0,1.4784808227601696,0.0,0.0,0.0,1.0,2026-08-27,V4
0.0,1.4784808227601696,0.0,0.0,0.0,1.0,2026-08-28,V4
0.0,1.0,0.0,0.0,0.0,1.0,2025-02-05,V5
-0.0009990009990009652,0.999000999000999,0.999000999000998,0.0009990009990009981,0.0,9.672072170952007e-16,2025-02-06,V5
0.006802992530144492,1.0057971953348097,0.3310946295861126,0.0003331243455099124,0.0,0.04726758360832704,2025-02-07,V5
0.0030764901510791365,1.0088915205002402,0.16005616789285076,0.00016150516048794256,0.0,2.114816494556646e-14,2025-02-10,V5
-0.012665759024097167,0.9961131436201291,0.12006551006548113,0.00011961319409083975,0.0,2.33832090224917e-14,2025-02-11,V5
0.028512778183637177,1.0245150967299754,0.2368119570019288,0.00024267489335105558,0.0,0.047326236427666805,2025-02-12,V5
-0.0269335016231248,0.9969213177092827,0.20778712612201525,0.00020719046708830052,0.0,0.04732531656104715,2025-02-13,V5
0.015766766781117214,1.012639543624729,0.4973201720928179,0.0005038566501794202,0.0,0.04743732574153365,2025-02-14,V5
0.0007261086728891364,1.0133748299798655,0.3422988352714014,0.00034699580025373335,0.0,7.046579752404679e-15,2025-02-17,V5
-0.02435991957412742,0.9886891006231109,0.42023407516954575,0.0004156555224446266,0.0,2.355690133925283e-14,2025-02-18,V5
0.03715251663998309,1.0254213888857808,0.3578070959975577,0.0003670343768355104,0.0,0.08939430814320201,2025-02-19,V5
-0.0005292843643717182,1.0248786493777513,0.1910308934756409,0.00019582089193468738,0.0,1.4209014597668922e-14,2025-02-20,V5
0.04276946666166248,1.0687121626045628,0.25151039339052833,0.0002688598374814077,0.0,0.16754806207710965,2025-02-21,V5
0.0015677108473959311,1.070387594254622,0.4297710636678295,0.0004602194039023936,0.0,0.0942071500298122,2025-02-24,V5
-0.0025295250108711143,1.0676800220636287,0.1681281129455218,0.00017953721259194756,0.0,0.04734984373361448,2025-02-25,V5
0.022947196303515938,1.092180285119265,0.22100619093086193,0.0002414319625824108,0.0,0.08904055395647532,2025-02-26,V5
0.002686309551510613,1.0951142194511525,0.20161711736770363,0.0002208382968949485,0.0,1.981977218084929e-15,2025-02-27,V5
-0.0502379218421839,1.0400979568861013,0.11567016184046557,0.00012032221669323081,0.0,6.825869254781199e-15,2025-02-28,V5
-0.016196711454736556,1.0232517903937561,0.14326162761410433,0.00014661372107116705,0.0,0.04771295743145472,2025-03-03,V5
0.027252634020892064,1.0511380969485797,0.24829543833536932,0.00026105761394753943,0.0,0.12623824174787707,2025-03-04,V5
0.012018261012030518,1.0637709489573968,0.5144219496046436,0.0005475087760274355,0.0,0.0469374317408228,2025-03-05,V5
0.01594985199995036,1.080737938155114,0.4059545286147441,0.00043890863718874475,0.0,0.047459388416763185,2025-03-06,V5
0.014003031674102662,1.0958715457345045,0.4002243655908898,0.0004387701006458711,0.0,0.08935764306221619,2025-03-07,V5
0.002582655977823922,1.0987018049330228,0.40616234442399457,0.000446432625036083,0.0,0.047521547063295325,2025-03-10,V5
-0.004438906771390361,1.0938247700513668,0.1405902358513067,0.00015380270556017222,0.0,2.1443582209454504e-14,2025-03-11,V5
-0.013029413226032016,1.079572875125498,0.21319617716748826,0.00023020988981892594,0.0,1.737614218591302e-14,2025-03-12,V5
-0.029293015298469394,1.0479489303786342,0.2169239680794237,0.00022737456331483564,0.0,3.1310191217635797e-15,2025-03-13,V5
0.022613749121753512,1.0716469845826266,0.14206755564424178,0.00015226789994152398,0.0,0.04731521798691342,2025-03-14,V5
0.0012711189080880647,1.0730091753275253,0.14833820820344162,0.0001591918726910932,0.0,1.6137145332893402e-14,2025-03-17,V5
-0.002259003449310071,1.070585243899319,0.1126953555255399,0.0001206635829070053,0.0,1.4274010505183115e-14,2025-03-18,V5
-0.010072153403978601,1.0598021450907293,0.3147757570163718,0.0003337050647728931,0.0,1.6583410533595328e-14,2025-03-19,V5
-0.005202452319072126,1.0542885749632445,0.4130313173261979,0.0004356341294974074,0.0,2.413720573784798e-14,2025-03-20,V5
-0.028809724077591525,1.0239148120203962,0.31309914080542106,0.0003206872548054771,0.0,5.3316689189473956e-15,2025-03-21,V5
0.0008151912543727935,1.024749498420378,1.0109108511368345,0.001036978680650856,0.0,2.701074538250831e-14,2025-03-24,V5
-0.007005741003598631,1.0175703688408773,0.4168889689261275,0.0004243907857129302,0.0,1.5443991237434513e-14,2025-03-25,V5
-0.002388934539276355,1.0151394598406092,0.8062115784166315,0.0008190775360242678,0.0,1.9153031015300468e-14,2025-03-26,V5
-0.0035071094109410117,1.0115792546875846,0.3071927040675364,0.00031084525602084577,0.0,2.9923886254525576e-15,2025-03-27,V5
-0.00914605579999983,1.0023272943780897,0.30707082814117487,0.00030788001332384264,0.0,1.3112182825495027e-15,2025-03-28,V5
-0.009933824167583372,0.9923703512773682,0.603508492695622,0.0005992655967722618,0.0,6.37331956265432e-15,2025-03-31,V5
-0.0024051088782243157,0.9899835925350244,0.5096754267035518,0.0005048276081814154,0.0,9.49623519875579e-15,2025-04-01,V5
-0.006168780498775339,0.9838766010552868,0.555751683593357,0.0005470951265222358,0.0,0.050000000000012354,2025-04-02,V5
-0.011977724122412159,0.9720919985573501,0.26548436466380304,0.00025814375976381746,0.0,2.538945563928658e-14,2025-04-03,V5
-0.08433455007501667,0.8901110572274922,0.38443592679741284,0.00034232227021709023,0.0,0.17929295572657689,2025-04-07,V5
0.019148982679649595,0.907155778445306,0.8103207185235654,0.0007356832615917435,0.0,4.825126086128309e-15,2025-04-08,V5
0.027834185679975976,0.9324057208232158,0.28417160986489765,0.0002650385511653345,0.0,1.2736622921637305e-14,2025-04-09,V5
0.0024521098619862958,0.9346920820866189,0.05879051103749976,5.495425595736841e-05,0.0,0.04706889903326841,2025-04-10,V5
-0.0034660716117391743,0.9314523723951811,0.16788728583818704,0.00015640526914509475,0.0,2.352658596373165e-15,2025-04-11,V5
-0.0010161579026292111,0.930505869706049,0.3052249633619038,0.0002841003345032551,0.0,7.70938035728514e-15,2025-04-14,V5
-0.00876066451645141,0.9223540199509654,0.1097641796695186,0.00010125254626748101,0.0,1.3712038538073844e-14,2025-04-15,V5
0.016026826182618192,0.9371364275075587,0.1065545490769257,9.986679071748164e-05,0.0,1.4586556966949908e-14,2025-04-16,V5
-0.0013216924999999158,0.9358978213198452,0.1053206225373151,9.857972365058743e-05,0.0,3.387922464615127e-16,2025-04-17,V5
-0.006666292829282883,0.9296588523846393,0.005328321230646183,4.953547394510989e-06,0.0,6.309865684719068e-15,2025-04-18,V5
-0.003840972547254684,0.9260880582543176,0.0037368866229203104,3.460699008776637e-06,0.0,1.7294837186621968e-14,2025-04-21,V5
-0.0006635384846059855,0.9254735631875318,0.7031106414247463,0.0006511681538927899,0.0,1.401103354895576e-14,2025-04-22,V5
-0.005995481901809652,0.9199249031888377,0.30436460384481223,0.00028007782450214814,0.0,1.843759693585868e-14,2025-04-23,V5
-0.0015362834933012603,0.9185116377449919,0.9023060516063721,0.0008295270965273542,0.0,7.658017759800081e-15,2025-04-24,V5
-0.0031055066999998715,0.915659193699947,0.4090100454987343,0.00037466705106415233,0.0,2.9053461035847363e-15,2025-04-25,V5
-0.0019558061275489758,0.913868341838162,0.4076875336166663,0.00037272468554211955,0.0,7.222372483288036e-15,2025-04-28,V5
0.0022848616207571393,0.915956404538853,0.353056715529336,0.00032349877316887986,0.0,0.0500000000000098,2025-04-29,V5
-0.00538150764694123,0.9110271781435624,0.4603240292831942,0.0004195608353638071,0.0,7.507965316255433e-15,2025-04-30,V5
0.017896330168881702,0.9273312213164441,0.50997822511791,0.0004731600316565249,0.0,6.599637834310698e-15,2025-05-06,V5
0.001913445366390043,0.9291056189449809,0.5114138923656422,0.0004754006474990124,0.0,1.7268070272067416e-14,2025-05-07,V5
-0.006129120313905667,0.9234110188221413,0.7075088678931243,0.0006537840425346699,0.0,2.538886110202805e-14,2025-05-08,V5
-0.013418128148740216,0.911020571437627,0.7094507302931374,0.0006467830704401609,0.0,1.8802925818846366e-14,2025-05-09,V5
0.020324221261494912,0.929536355105299,0.5126414208513199,0.0004767632464021829,0.0,1.7600712734614535e-14,2025-05-12,V5
-0.0012046606518044678,0.9284165792338819,0.3084871951505497,0.00028649300588294335,0.0,5.2192938902455674e-15,2025-05-13,V5
-0.002475646626686423,0.9261181478613417,0.3135748106082884,0.0002904984158022362,0.0,2.4894016286823992e-14,2025-05-14,V5
-0.020778858849999415,0.906874469588508,0.7049703292219085,0.0006397706126882075,0.0,1.908555600800202e-15,2025-05-15,V5
-0.002501903424143803,0.9046055572477759,0.5572877388975358,0.0005044066852538684,0.0,0.05000000000000217,2025-05-16,V5
0.0025010650032499804,0.9068680345487539,0.11139395220122383,0.00010103086872110287,0.0,0.05000000000000836,2025-05-19,V5
0.00287662502499475,0.9094767538313047,0.4568015646270415,0.000415640269267386,0.0,1.1530448050097225e-14,2025-05-20,V5
-0.005871316786642655,0.9041369276994736,0.31843558486413104,0.0002880010811619618,0.0,2.3254413292230016e-14,2025-05-21,V5
-0.007591868389483003,0.8972728391383077,0.5107368322554683,0.000458504462647197,0.0,1.2837061970039236e-14,2025-05-22,V5
-0.013064955145514423,0.8855500097416773,0.4126280051207628,0.00036555357159539256,0.0,1.6056549776817425e-14,2025-05-23,V5
-0.0014024452109577812,0.8843080743714514,0.3202919269687474,0.0002833274846804861,0.0,1.3720494286545337e-14,2025-05-26,V5
-0.009266142535746313,0.8761139497088142,0.6068506233146568,0.0005319931368421516,0.0,2.737811305362182e-14,2025-05-27,V5
-0.007082200059987942,0.8699091354416302,0.41124458296130223,0.00035789260101236846,0.0,1.6218554427851413e-14,2025-05-28,V5
0.005960193622550847,0.8750939623228882,0.40929828782913635,0.0003583211206895641,0.0,1.9664820056840522e-14,2025-05-29,V5
-0.00269709261295481,0.8727337528614657,0.5092573518351148,0.00044467253259573505,0.0,1.641769183729118e-15,2025-05-30,V5
0.00647394218468933,0.8783837807201177,0.4113742080595533,0.00036149314112074227,0.0,2.493371605430783e-14,2025-06-03,V5
-0.004996519892043083,0.8739949186869016,0.30816512484567915,0.00026941777839495297,0.0,1.8038797633592e-14,2025-06-04,V5
-0.0036686376862313796,0.8707885479906321,0.4053108844101602,0.00035308318497829626,0.0,7.383827656604881e-15,2025-06-05,V5
-0.00035106592363043365,0.8704828438047449,0.9055134089642327,0.0007889482905946272,0.0,1.6566885883277627e-14,2025-06-06,V5
0.007381498250874419,0.8769083113937058,0.40960913266272003,0.0003593368405062798,0.0,1.150270851644555e-14,2025-06-09,V5
-0.003286372355588707,0.8740264641607556,0.7088006359492599,0.0006199499345414863,0.0,0.047239605816889574,2025-06-10,V5
0.010381191667411693,0.8830999004075984,0.8204441730718472,0.0007251290954708468,0.0,1.508368358414668e-14,2025-06-11,V5
-0.006866374025194633,0.8770362061897877,0.6083836016316494,0.0005338992614386835,0.0,1.2497232092532207e-14,2025-06-12,V5
-0.00436292350764933,0.8732097643087428,0.408740402935161,0.00035706205659935975,0.0,1.1056453901648448e-14,2025-06-13,V5
-5.2117297216214276e-05,0.8731642549759242,0.561780817088575,0.0004908026521278532,0.0,0.05000000000000486,2025-06-16,V5
0.0014876933613279242,0.8744632556414007,0.36183716754487016,0.00031652783908009196,0.0,1.5237679117763237e-14,2025-06-17,V5
0.007460011346595907,0.8809867614506668,0.41308505096282094,0.00036407285430499405,0.0,1.671431677516354e-14,2025-06-18,V5
-0.01220491197640694,0.8702343955747815,0.4093929565822813,0.00035641374540095063,0.0,1.6727723637333179e-15,2025-06-19,V5
-0.0036206490552833648,0.8670835822325687,0.4140272339485529,0.00035914491292883966,0.0,2.4114858436213976e-14,2025-06-20,V5
0.0023231002749315444,0.8690979043408418,0.16633557443871616,0.00014458594894889247,0.0,0.05000000000000921,2025-06-23,V5
0.0011392719543905638,0.8700880432088769,0.2651555550853359,0.0002307698679826054,0.0,1.2683258779128479e-14,2025-06-24,V5
0.008168892680242124,0.8771956990562121,0.3345614397826248,0.00029357407461245755,0.0,0.04776267645594805,2025-06-25,V5
-0.00589552047076547,0.8720241738555587,0.23969526442681127,0.00020907017807049618,0.0,1.3350361167196201e-14,2025-06-26,V5
0.00998028296511011,0.8807272218630536,0.41040093766257035,0.00036159967852467285,0.0,1.928483318292381e-14,2025-06-27,V5
0.007432289734106368,0.8872730417526544,0.41500226982426425,0.0003683732019962017,0.0,2.2430274303338772e-14,2025-06-30,V5
-0.0023217771722828795,0.8852129914587311,0.31305621178190823,0.00027720820747750884,0.0,2.6650993399383972e-14,2025-07-01,V5
-0.013493721205758424,0.8732681741442716,0.2126966359665313,0.00018578071787084016,0.0,3.2447170887211572e-15,2025-07-02,V5
0.016430085112823622,0.8876160445717821,0.23789865273322683,0.0002112129084143744,0.0,0.047293987515438875,2025-07-03,V5
-0.007512054198068774,0.8809482247378835,0.7206627845895331,0.0006353244554099625,0.0,1.230758707611087e-14,2025-07-04,V5
0.0005238804358691507,0.8814097362778373,0.2095658266403353,0.00018475207771379452,0.0,1.0764560846309297e-14,2025-07-07,V5
0.02469963346259685,0.9031802336942639,0.23676116929026375,0.0002138886487358802,0.0,0.04731608423563775,2025-07-08,V5
-0.008293241311763455,0.8956899420682225,0.5302073820062664,0.0004751533490866074,0.0,6.497962764646913e-15,2025-07-09,V5
-0.002731970755848967,0.8932429433401841,0.40977271934176307,0.00036617663912252033,0.0,2.337592336444923e-14,2025-07-10,V5
0.011093386772645486,0.9031520327925929,0.21799684376370793,0.00019692722210043115,0.0,2.3329531689576433e-14,2025-07-11,V5
-0.009117906390638697,0.894917177101075,0.5081839378985022,0.00045501376583955805,0.0,1.216278484630427e-14,2025-07-14,V5
0.002601736029191448,0.8972455153638811,0.2145097290784003,0.0001925091875111739,0.0,1.1948094537707982e-14,2025-07-15,V5
-0.004696223482954953,0.8930318499046532,0.5080021899316869,0.0004538927139229762,0.0,1.4496103762790014e-14,2025-07-16,V5
0.015276123925214824,0.9066739151129606,0.11239626811961594,0.00010191821968764451,0.0,2.1942661504811495e-15,2025-07-17,V5
0.0036924297780889237,0.9100217448761402,0.31207014692019946,0.00028407927228431214,0.0,2.6520321569095045e-14,2025-07-18,V5
-6.507717684722802e-05,0.9099625232301141,0.20814739095529997,0.00018944575771764628,0.0,8.878968741251586e-15,2025-07-21,V5
-0.001885329217695464,0.9082469442980604,0.6545853723108369,0.0005949145865696687,0.0,0.15000000000001715,2025-07-22,V5
-0.009509226709316199,0.8996102181966865,0.5623609079279476,0.0005061902807121933,0.0,0.10000000000000647,2025-07-23,V5
0.020241825851803563,0.9178199715679269,0.2332962640384468,0.0002141739364058887,0.0,0.14191428464216901,2025-07-24,V5
-0.012002994679675472,0.9068033833322973,0.4004094945624453,0.00036323812838299217,0.0,0.04783667679349832,2025-07-25,V5
0.006588161923576141,0.912777550854537,0.2712478056629724,0.00024765608389703154,0.0,0.044773332499735335,2025-07-28,V5
0.0230682158124611,0.9338337003864192,0.41469961293685575,0.0003874211374934018,0.0,0.08912808604902162,2025-07-29,V5
-0.003943206499228635,0.9301514012698567,0.4203426381353785,0.00039114670951486606,0.0,0.046906755507843866,2025-07-30,V5
0.003922398504334623,0.9337998257350023,0.2017759225160709,0.00018845634723634394,0.0,0.0463028372551279,2025-07-31,V5
-0.01909933950222331,0.9159648658361725,0.29589528098042905,0.00027110990148527186,0.0,0.04665921297548382,2025-08-01,V5
0.020179893717515274,0.9344489394777246,0.3900487534339395,0.00036462286468479706,0.0,0.08710940199701048,2025-08-04,V5
0.001515395030415423,0.9358649987567861,0.18726429387846588,0.0001752869231396488,0.0,0.08753942470421282,2025-08-05,V5
0.005289628832652493,0.9408153772376803,0.31492395793995775,0.0002963786390245152,0.0,4.276236442110772e-15,2025-08-06,V5
0.013502793896948528,0.9535190133716005,0.4484469053698263,0.0004277944938746966,0.0,0.08963989042435679,2025-08-07,V5
-0.005970649300935937,0.9478258857409843,0.24486050001867868,0.00023214196271024895,0.0,0.04754259813933007,2025-08-08,V5
0.011739664573772624,0.9589530437139223,0.3109969694047689,0.0002983242683398623,0.0,0.08944339128812218,2025-08-11,V5
0.02172936424634675,0.979790483695925,0.32604381438381436,0.00031955881677672374,0.0,0.047373764685116566,2025-08-12,V5
0.008459142449144919,0.9880786709678255,0.3137793112549913,0.00031013595908967005,0.0469763847547238,0.0901350766424831,2025-08-13,V5
-0.005467010370510561,0.9826768346267641,0.24779423296386363,0.00024356200574809,0.04723461689513661,0.04513802591317865,2025-08-14,V5
0.01506149157734682,0.997477413494749,0.31807541273204065,0.00031737398885072475,0.04653374922314976,1.0971830962226386e-14,2025-08-15,V5
0.018426881705493336,1.0158578117971182,0.30146164982961154,0.00030633452004647134,0.045691791977468935,2.4041866218425556e-14,2025-08-18,V5
-0.0008051402430562238,1.0150399037916173,0.3785920612090513,0.0003844315921347658,0.0,0.12611890399845752,2025-08-19,V5
0.012846323740822507,1.0280794350055777,0.3536220137779004,0.0003636801254286436,0.0,0.04691195133952772,2025-08-20,V5
-0.014915374683381666,1.0127452450281902,0.41790216180607626,0.00042340536927524554,0.0,0.04791349756318272,2025-08-21,V5
0.04396447773861856,1.0572700608081238,0.40574352617265447,0.000429154609293513,0.0,0.08944375575798039,2025-08-22,V5
0.017345129302636764,1.0756085467206473,0.580229866816136,0.0006244625356238955,0.0,0.04698462143446984,2025-08-25,V5
-0.013084781513429844,1.0615344438928298,0.22019202203200247,0.00023379289498766352,0.0,0.04738127735668183,2025-08-26,V5
-0.0037355092049375926,1.0575690722063098,0.4264410551709875,0.00045118327413936054,0.0,2.5861633242376244e-14,2025-08-27,V5
0.04507588624312042,1.1052399353993239,0.44471122948320835,0.0004917312889714691,0.0,0.08889283529283142,2025-08-28,V5
-0.0009343208418488569,1.1042072866924366,0.21201281256987786,0.00023415573652809762,0.10024330470244992,0.12762353418687875,2025-08-29,V5
0.008401327829094196,1.1134840940992143,0.39713252069456845,0.00044237642710852256,0.14159489761097915,0.12079690782628227,2025-09-01,V5
-0.021546677579054374,1.0894922113342531,0.28523346252963894,0.0003108483001749225,0.14471298156629167,9.368339998858207e-15,2025-09-02,V5
-0.0006200459871767983,1.0888166760605549,0.4262022033065057,0.0004642539323827496,0.08825933390072714,0.08519150902950842,2025-09-03,V5
-0.03894156625465839,1.0464164493305659,0.3065245945155212,0.0003208507264642526,0.09183555421991524,0.15798215392822015,2025-09-04,V5
0.037164551118354705,1.0853060469527989,0.25561493180676287,0.0002774913621169116,0.08854482552541033,0.12988854102381786,2025-09-05,V5
0.007338790448148114,1.0932708806034934,0.21002360710081758,0.00022966092809916246,0.08789974769661976,0.09070327132269684,2025-09-08,V5
-0.019374726432918377,1.072089056374725,0.2894647862043822,0.00031042188570034506,0.04582077904457356,1.610917781807819e-14,2025-09-09,V5
0.008209666171760777,1.0808905496339596,0.1492025865281546,0.00016129573149956114,0.04544766885498936,0.047474591357462306,2025-09-10,V5
0.04560197876064942,1.130181297520954,0.19061022122359972,0.00021546517700829954,0.04346555360277572,0.1572399930064437,2025-09-11,V5
0.02511289005917061,1.1585634161925285,0.24475776889068915,0.0002836368191806961,0.0,0.09350442394326273,2025-09-12,V5
0.007056656637840497,1.1667390004137626,0.4935358554454065,0.0005761118625116217,0.0,2.3777216873868298e-14,2025-09-15,V5
0.016721600467380027,1.1862487438283917,0.24699678192353014,0.00029307201012981676,0.0,0.04936214932036244,2025-09-16,V5
0.011850226883473036,1.200306060582993,0.1624135165246651,0.0001949775952020319,0.0,9.903196983530876e-15,2025-09-17,V5
-0.013708890566632936,1.1838511961519944,0.12356950550463437,0.0001463059858578967,0.0,1.431155037840817e-14,2025-09-18,V5
0.025728398054377655,1.214309790963744,0.3931697997576692,0.0004776177222211987,0.0,0.13097703953571588,2025-09-19,V5
0.03438010267493108,1.2560578862562515,0.12299448592864408,0.0001545071975500419,0.0,0.16517821039462804,2025-09-22,V5
0.014206165409988092,1.2739016523529278,0.2511502757076666,0.0003200211246065671,0.0,0.09841048358319797,2025-09-23,V5
0.03762453285827516,1.3218316069300917,0.1816928874306482,0.00024021104599876228,0.0,0.04988607752822563,2025-09-24,V5
-0.0022533395545563106,1.3188530714857334,0.1517940754810022,0.0002002244755706149,0.0,1.08973429821846e-14,2025-09-25,V5
-0.022781720524017057,1.288807329398904,0.12540418245145427,0.00016164210007612144,0.0,4.099574087986379e-15,2025-09-26,V5
0.04659881153623502,1.348864219248082,0.2270791795841745,0.0003063685501963315,0.0,2.5311756539732195e-14,2025-09-29,V5
0.05097164276052335,1.4176180443640476,0.2854581466082617,0.0004047861690521798,0.0,0.20375294040936576,2025-09-30,V5
0.02096482477753958,1.4473381582656182,0.2322502156461094,0.0003362226871616311,0.0,0.10064142109591613,2025-10-09,V5
-0.04909397801982873,1.3762825705364665,0.3778453581784848,0.0005202185429808607,0.0,0.09526706055342522,2025-10-10,V5
0.006803659660030714,1.3856463287424288,0.24243064029758057,0.0003360045845095844,0.0,0.049871853751904796,2025-10-13,V5
-0.04308002419109824,1.3259526513798985,0.2292548694202369,0.00030405080707758927,0.0,0.05016246749893991,2025-10-14,V5
0.007818830956954903,1.336320051017964,0.35572584843671623,0.0004755327432199026,0.0,2.7811563107120138e-14,2025-10-15,V5
0.03058346953455615,1.3771893545866885,0.2794303401337052,0.000384936052592782,0.0,0.09307631160995508,2025-10-16,V5
-0.0515478481045456,1.3061982069252567,0.17905463784496625,0.00023392273184478035,0.0,0.1439477941007771,2025-10-17,V5
-0.001054051254231747,1.304821407066972,0.242738232264959,0.0003168069429302094,0.0,2.3334559507202476e-14,2025-10-20,V5
0.03625017779531614,1.3521214150642842,0.3303141070130866,0.00044677235300104973,0.0,1.9054826022879286e-14,2025-10-21,V5
-0.0075136329000684565,1.34196207111517,0.32576469045905615,0.0004373063176618362,0.0,1.3632571420180878e-14,2025-10-22,V5
0.006453785710527127,1.3506228067538026,0.22748353855958708,0.0003073143642986773,0.0,6.720077597800862e-15,2025-10-23,V5
0.05509476547767522,1.4250350535407028,0.36583254239115365,0.0005215149837857224,0.0,0.2031113657744237,2025-10-24,V5
0.03586270676303016,1.4761406677928721,0.287317009934346,0.00042424221491741483,0.0,0.13124876327435084,2025-10-27,V5
-0.021523212702923455,1.4443693782205307,0.5203455139888798,0.0007519624067650093,0.0,1.919012474062567e-15,2025-10-28,V5
0.02358381410419863,1.4784331171342806,0.34677912370405384,0.0005128675925892129,0.0,0.049507503108607985,2025-10-29,V5
0.006143028010600959,1.4875151731846366,0.32694459784721475,0.00048649410670855385,0.0,0.04979137255994845,2025-10-30,V5
-0.030801646907058444,1.4416972560513115,0.23085469333570643,0.00033289942932432327,0.0,0.05020697768380642,2025-10-31,V5
0.021607554697130604,1.4728488083681432,0.5136981307509225,0.000756988543337151,0.0,0.049680272475038895,2025-11-03,V5
-0.03071304890218729,1.4276131308912041,0.37812766458198804,0.0005400242172065409,0.0,1.2066232905768712e-14,2025-11-04,V5
0.0070072652187258555,1.4376167947290943,0.387966518196197,0.0005579636535673782,0.0,2.2036589135397365e-14,2025-11-05,V5
0.025687113155677066,1.4745450200098025,0.5138379330247086,0.0007580666886541073,0.0,0.04668981782602603,2025-11-06,V5
0.012277410576832848,1.492648614634487,0.535363649185993,0.0007995378527856656,0.0,5.782271681136154e-15,2025-11-07,V5
0.017089015778417815,1.5181565103616093,0.6585003023961554,0.0010003652619853356,0.0,0.09403932522321508,2025-11-10,V5
-0.016794176770981495,1.49266032156058,0.5310445939663783,0.0007930903607414606,0.0,0.04726658423347588,2025-11-11,V5
0.004866661288921437,1.499924593765028,0.2031854579210803,0.00030482480139809543,0.0,0.04699514223140128,2025-11-12,V5
0.021860561421431557,1.5327137874745442,0.13359647751223266,0.0002047925226006722,0.0,0.08973524670633783,2025-11-13,V5
-0.038699326309060034,1.4733987964746715,0.2785447460522467,0.0004105218423000357,0.0,0.20649526327884818,2025-11-14,V5
0.006439042253405747,1.482886073581289,0.32342655189858566,0.00047975989672596606,0.0,0.04774565736204707,2025-11-17,V5
-0.029247737257791062,1.439515011317946,0.14792875928707447,0.0002129771750486441,0.0,1.7508176148410058e-14,2025-11-18,V5
-0.0020227324837579497,1.436603257543696,0.517361708094755,0.0007436282399537059,0.0,2.5087382161806023e-14,2025-11-19,V5
-0.021405005290409118,1.4058527572157542,0.4294674720503265,0.0006040274398540746,0.0,0.04769137129027549,2025-11-20,V5
-0.05103212081199382,1.3341091094656452,0.2223610110814308,0.00029671982939500025,0.0,0.1946029284425425,2025-11-21,V5
-0.003035195989433248,1.3300598268471286,0.9581820451243385,0.0012756617612213591,0.0,0.04785311037826878,2025-11-24,V5
-0.0026954770508869075,1.3264746811075556,0.43816615738632886,0.0005814710948464137,0.0,2.2594419887188474e-14,2025-11-25,V5
-0.0011950633785201559,1.3248894597936298,0.4291922256035829,0.0005688764132614577,0.0,0.04724670964354825,2025-11-26,V5
-0.00745508292866659,1.315012298999552,0.1446600873827172,0.00019025731672268537,0.0,3.4114741265618474e-15,2025-11-27,V5
0.008761752666199829,1.3265341115163969,0.5202657042447492,0.0006905094521191553,0.0,0.047274180456667474,2025-11-28,V5
-0.0021130617999427503,1.3237310629590306,0.43631526089890094,0.0005778161741097072,0.0,1.3901902606179543e-14,2025-12-01,V5
-0.003120357810547314,1.3196005483976623,0.661585575697804,0.0008736066540639677,0.0,0.05000000000000125,2025-12-02,V5
-0.003052512250000028,1.3155724515585716,0.3665471438481624,0.00048239614557348275,0.0,2.114827760793394e-14,2025-12-03,V5
0.0012460484903018543,1.3172117186257188,0.4082758132271619,0.0005380053401820463,0.0,1.5811909246748728e-14,2025-12-04,V5
-0.008342649920015988,1.3062226823866818,0.41065859866101706,0.0005366319488122455,0.0,6.641141758787619e-15,2025-12-05,V5
0.0009743733693208245,1.3074954309828022,0.5573724017363573,0.0007291682869055405,0.0,0.05000000000000664,2025-12-08,V5
-0.012091846546036122,1.2916853968717148,0.7549113932482769,0.0009758446988720992,0.0,2.4434317038918527e-14,2025-12-09,V5
0.0083134991003595,1.3024238222565554,0.511781967225921,0.0006668983324568876,0.0,2.1848721586191078e-14,2025-12-10,V5
-0.02137540054029685,1.2745839913825971,0.4295517324171965,0.0005477350421458791,0.0,0.04770073223049833,2025-12-11,V5
0.0074299198105798325,1.2840540482304186,0.32950801719181816,0.0004232455662068385,0.0,2.4497800364991673e-14,2025-12-12,V5
-0.01785502945589068,1.2611272253763088,0.40840770181674924,0.0005152645098087506,0.0,9.519899416348389e-15,2025-12-15,V5
-0.016211498700129723,1.2406824630014226,0.40901479456654655,0.0005076651252737663,0.0,3.591891013584883e-15,2025-12-16,V5
0.019029057565460583,1.264291481010334,0.6137786760395854,0.0007764717331349954,0.0,7.923827870579614e-16,2025-12-17,V5
-0.007920966716641442,1.254277070269118,0.41327071029253526,0.0005185702856440432,0.0,1.8601456395578195e-14,2025-12-18,V5
-0.0008013189818981692,1.2532719942441517,0.3127218246900017,0.00039204810687225577,0.0,2.264266647781625e-14,2025-12-19,V5
0.0025316994005994964,1.2564449022007678,0.29785754340974213,0.0003743530958927248,0.0,6.2795446307936535e-15,2025-12-22,V5
-0.0030810273057293447,1.2525737611489427,0.4328055460229193,0.0005423556051418718,0.0,1.73310655802646e-14,2025-12-23,V5
0.023965975959885144,1.2825929137966212,0.3474677040341066,0.0004458145211154039,0.0,0.04960584161791972,2025-12-24,V5
0.0014179863274343951,1.284411613012049,0.4497330376928826,0.0005779022380969529,0.0,4.8383477300388725e-15,2025-12-25,V5
-0.001262670157343937,1.2827898247985527,0.22664186005845194,0.0002907997793592983,0.0,2.2509586536019893e-14,2025-12-26,V5
-0.0016874775561754873,1.280625145759915,0.4354967114774219,0.0005579510254504862,0.0,2.6216926245475984e-14,2025-12-29,V5
0.002225430946493079,1.2834750885901463,0.4343606112023216,0.0005577332813119284,0.0,2.032350442910791e-14,2025-12-30,V5
-0.0028058893858862177,1.2798737994620217,0.6476037950509582,0.0008293882446927279,0.0,2.2789720203653013e-14,2025-12-31,V5
0.024209542678971685,1.3108589588337953,0.44644486552965973,0.0005854876395554141,0.0,0.04957751370025552,2026-01-05,V5
0.025006146501025395,1.343638490000575,0.8115134219881882,0.0010912662461411147,0.0,0.04983122610742416,2026-01-06,V5
0.0003525281497844812,1.344112160391434,0.44404973244121393,0.0005971177951899885,0.0,2.347061499974881e-14,2026-01-07,V5
-0.010602887134964267,1.3298606908580708,0.6421294458028034,0.000854491402506361,0.0,1.9712289601522643e-14,2026-01-08,V5
-0.006471095142871586,1.3212550358007633,0.43810782132618237,0.0005791058759645555,0.0,1.1925809178720617e-14,2026-01-09,V5
0.024409947171796453,1.35350680142513,0.536144624760975,0.0007260646718325357,0.0,0.10526315789473693,2026-01-12,V5
-0.018096436641943936,1.3290131513486998,0.4462641665049092,0.0005933557396652928,0.0,2.2094336875493508e-14,2026-01-13,V5
0.00758601461711117,1.3390950645411641,0.4467112596131985,0.0005984561801370532,0.0,0.04960710987160388,2026-01-14,V5
0.012029379440824384,1.3552035471798651,0.4543745938586035,0.000616049978804506,0.0,2.7431875225568922e-14,2026-01-15,V5
0.024031020003269843,1.3877704707306469,0.34755674370708994,0.0004824966807952257,0.0,0.1736649519068895,2026-01-16,V5
-0.005256002545249383,1.3804763456042646,0.552098977574,0.0007625805989422001,0.0,4.97626301744303e-15,2026-01-19,V5
0.014410226327701725,1.4003693221844606,0.2319554971215916,0.00032489872432623805,0.0,6.5334986550475695e-15,2026-01-20,V5
0.03371861942168408,1.447587842409,0.30637406078843327,0.0004436392851961428,0.0,0.13121206571382665,2026-01-21,V5
0.008662064546435921,1.4601269417365828,0.3293420063063046,0.00048103956298820217,0.0,1.807627426233934e-14,2026-01-22,V5
-0.009949539331754687,1.44559935130042,0.23588379789919375,0.0003410739190367406,0.0,2.8007543688613562e-14,2026-01-23,V5
-0.007156622349660302,1.4352537426742489,0.3429069901744614,0.0004923273635314666,0.0,2.3885019221265317e-14,2026-01-26,V5
0.02791066610586146,1.4753126306632178,0.3728374434685636,0.0005502569459263253,0.0,0.09315088164285384,2026-01-27,V5
0.023257167789362487,1.509624224056318,0.4819070773105767,0.0007278493534068501,0.0,0.09281770428380959,2026-01-28,V5
-0.027569977068352847,1.4680039188172553,0.31490723648751623,0.00046243067999509035,0.0,2.7139287852329994e-14,2026-01-29,V5
0.020527301236579643,1.4981380774752966,0.2798737510394474,0.00041940690430155626,0.0,0.09322405006073282,2026-01-30,V5
-0.06265230440297043,1.4042762746076334,0.3782104680181025,0.0005313129351599414,0.0,0.27281734614286723,2026-02-02,V5
0.03428666877584896,1.4524242301048884,0.5195840804354658,0.0007550488193477225,0.0,0.0481140908375563,2026-02-03,V5
-0.01550449380271901,1.4299051276303083,0.2192338522264955,0.0003135523507385383,0.0,0.04834132526361608,2026-02-04,V5
-0.018277531817011083,1.403769991164738,0.34018642907129854,0.00047770600963334365,0.0,2.778020449665757e-14,2026-02-05,V5
-0.020064916808318456,1.3756034630740037,0.21355711293066992,0.0002938326541648239,0.0,1.243152570861968e-14,2026-02-06,V5
0.03459643651508282,1.4231944409541717,0.42526369107788525,0.0006054904141701408,0.0,0.04722435251212439,2026-02-09,V5
0.0078667759434623,1.4343903927451391,0.34895055883642906,0.0005007060507942587,0.0,8.331949954469927e-15,2026-02-10,V5
0.004858378333416402,1.4413592039509127,0.3300586128736821,0.00047589009113211235,0.0,0.04711963142032506,2026-02-11,V5
0.03962570664309406,1.4984740809339951,0.2095835416804237,0.00031412133966134825,0.0,0.08491383281456227,2026-02-12,V5
-0.004944119092650245,1.491065446620608,0.31963597209981864,0.00047675054011736773,0.0,0.12847898256399548,2026-02-13,V5
0.02437023525328952,1.5274030623328032,0.30531975542990936,0.000466488757667748,0.0,0.09053133329675069,2026-02-24,V5
0.0008561036719965109,1.528710677703085,0.3298712741412422,0.0005044441406786573,0.0,0.047472795552127606,2026-02-25,V5
0.011401485294909364,1.5461402500150878,0.239109237268965,0.00036978483486177195,0.0,1.4739534504930373e-15,2026-02-26,V5
-0.0025041093499998945,1.5422685457586138,0.4167295855570389,0.0006429768793801109,0.0,9.63007404973151e-15,2026-02-27,V5
0.010029518628039469,1.5577367568677392,0.26752590860690234,0.00041684645847896547,0.0,0.08910996679094176,2026-03-02,V5
-0.027483928697343507,1.5149240309127552,0.2439196478388409,0.00036960989123734496,0.0,0.2608382401851557,2026-03-03,V5
-0.006712156196502561,1.5047556241914335,0.4055216245078195,0.0006104584993317317,0.0,0.12857066895284713,2026-03-04,V5
0.004030125416077723,1.5108199780774731,0.31226581083040655,0.0004719247914507926,0.0,2.985176435675866e-15,2026-03-05,V5
0.005196313622717108,1.5186706725110302,0.14486252889673615,0.00022003034833394854,0.0,0.04726705374587144,2026-03-06,V5
-0.02258593608498871,1.4843700737675491,0.3604073269304283,0.000535170729914305,0.0,0.0451101814549687,2026-03-09,V5
0.02256619576199581,1.517866659435436,0.4105578031371534,0.0006234279543643004,0.0,1.2666422419082556e-14,2026-03-10,V5
-0.0017829354059327729,1.5151604012268436,0.42586357962153376,0.0006455265384096508,0.0,0.047248278858954613,2026-03-11,V5
-0.01704142235812467,1.4893399128892313,0.6678425303571445,0.0009953092458310571,0.0,0.04691657352811589,2026-03-12,V5
0.0003949168611980802,1.4899280783328865,0.22004622337118138,0.0003279252054348376,0.0,0.04742204218213435,2026-03-13,V5
0.01937965047908996,1.5188023637299601,0.5066069776737775,0.0007698258743325551,0.0,0.12758708906594493,2026-03-16,V5
-0.023978866057851822,1.4823832052817307,0.3122330207050993,0.00046299354790165046,0.0,2.72362804417461e-15,2026-03-17,V5
0.034355543608345585,1.5333112861350662,0.3315036941480111,0.0005084669142930527,0.0,0.04732600166638521,2026-03-18,V5
-0.023471869790976818,1.4973216032778687,0.24655593954839605,0.0003692645790775221,0.0,6.131739905998876e-15,2026-03-19,V5
-0.01907667109867006,1.4687576915232035,0.3253742740790026,0.00047805151334143984,0.0,1.9137664439285174e-14,2026-03-20,V5
-0.0292766932346612,1.4257573231524294,0.46489389413906157,0.0006631341610800986,0.0,0.05000000000002105,2026-03-23,V5
0.023965621116225133,1.4599264829627838,0.28257501271235225,0.0004126553505732424,0.0,0.047314570486272495,2026-03-24,V5
0.014816724014148352,1.4815578107417895,0.33830896019867646,0.0005013939084781095,0.0,1.0663332488014985e-14,2026-03-25,V5
-0.011099833766753386,1.4651127653267206,0.12025426683200575,0.00017620725109436815,0.0,1.4916641137526482e-14,2026-03-26,V5
0.002644759222233395,1.4689876358244303,0.21238383785404133,0.000312055507402813,0.0,8.43145883327245e-15,2026-03-27,V5
-0.009320936093609289,1.4552952959486085,0.216305904963501,0.0003148570714230581,0.0,2.1536230061607717e-14,2026-03-30,V5
-0.017341652656460482,1.430058070413687,0.42962155239243793,0.0006146478341791571,0.0,0.04770848891065113,2026-03-31,V5
-0.0038057421504562594,1.4246156381375135,0.29651571303467655,0.0004225462133344326,0.0,0.047864515595116425,2026-04-01,V5
-0.010350203027709948,1.4098705770463396,0.22339366874383984,0.0003150265355939143,0.0,1.7864293458946472e-14,2026-04-02,V5
-0.017295404149999638,1.3854862956171299,0.407437749664919,0.0005647295105987959,0.0,2.1337669777680033e-14,2026-04-03,V5
-0.003324199370251635,1.380880662945747,0.10669269132869609,0.00014734559503152517,0.0,3.592132461108265e-15,2026-04-07,V5
0.022392764917541053,1.4118023990102695,0.3129276200109763,0.00044193025683155146,0.0,1.8822525621171697e-14,2026-04-08,V5
-0.005037361119440309,1.4046906404971626,0.2150986045395597,0.0003022120019606169,0.0,2.4144440975702373e-15,2026-04-09,V5
0.014731033767565016,1.425383185755309,0.7111762830969101,0.0010144201475843508,0.0,0.04728990992835867,2026-04-10,V5
0.0019436344893624113,1.4281536096757002,0.34290314563152274,0.0004898863487728077,0.0,1.9262105067456226e-14,2026-04-13,V5
0.027399225921848958,1.4672839130783089,0.3310411779471896,0.0004858922453096478,0.0,0.047259950242372506,2026-04-14,V5
-0.011076000383957063,1.4510322758936796,0.4356717117758831,0.0006324492557305103,0.0,8.619327625376816e-15,2026-04-15,V5
0.020440100170033837,1.4806915209628986,0.21549763799023355,0.0003191543023579836,0.0,1.9628953138971663e-14,2026-04-16,V5
-0.0050511702489252075,1.473212296004375,0.4177064855685173,0.0006156274822523448,0.0,2.3859681750146016e-14,2026-04-17,V5
0.010062296472354237,1.4880361948934886,0.23656658429096453,0.00035210293571609773,0.0,0.04727718774416978,2026-04-20,V5
-9.149842502320649e-05,1.4879000419252784,0.4365261761280296,0.0006497909665282777,0.0,1.679387510261814e-14,2026-04-21,V5
0.017485243899999725,1.5139163370571616,0.21298582492713627,0.00032251141027755443,0.0,3.4133845299893352e-15,2026-04-22,V5
-0.01658882740177925,1.4888022402409864,0.2340054144526007,0.00034846932897530334,0.0,2.6513320256944706e-15,2026-04-23,V5
0.005885018542582943,1.4975638690310438,0.4251475646137501,0.0006369564322480285,0.0,2.765810290432769e-14,2026-04-24,V5
0.022078820071970595,1.5306283122416642,0.4228608234597145,0.0006475165579101448,0.0,1.6921486092579803e-14,2026-04-27,V5
-0.004164798100475098,1.5242535543543068,0.36689203337728804,0.0005594417406573962,0.0,0.050000000000006026,2026-04-28,V5
0.009147053639272151,1.538195983375837,0.174172575928356,0.00026795822768197673,0.0,2.4481133296594202e-14,2026-04-29,V5
0.02622507665232332,1.5785352909461643,0.23724383549187297,0.0003745866352534192,0.0,0.04707665738418855,2026-04-30,V5
0.07045173668478832,1.6897458436115493,0.3694292124601289,0.0006244721745268296,0.0,0.19281475930707073,2026-05-06,V5
0.008323161910896326,1.7038098718561923,0.3732693536210586,0.0006362174900522139,0.0,2.3752213330444558e-14,2026-05-07,V5
-0.022330669066186082,1.6657626574560707,0.11706991482857784,0.0001950335249911671,0.0,7.334849399185894e-15,2026-05-08,V5
0.07427383767637252,1.7894852426833259,0.23448699289169206,0.000419709429782951,0.0,0.15620496529846262,2026-05-11,V5
0.0022459018999367864,1.7935042509897772,0.3569491224315391,0.0006404183652414978,0.0,1.6486906799167915e-14,2026-05-12,V5
0.03796477811248922,1.8615942419224103,0.17889688201277426,0.00033309299475103464,0.0,0.08937498147090998,2026-05-13,V5
-0.014765304089876197,1.8341072368484634,0.31998746850205284,0.0005870791896641457,0.0,0.0500000000000126,2026-05-14,V5
-0.020412101663747517,1.7966692534676976,0.18484118577726727,0.0003321598720851506,0.0,0.04714647097546208,2026-05-15,V5
0.015621491993974557,1.8247359078265633,0.2642554065853027,0.0004823237859016592,0.0,1.9513650811510237e-14,2026-05-18,V5
0.031265075523822405,1.8817864137957914,0.18252335218172003,0.0003435326670700028,0.0,0.08932156475636116,2026-05-19,V5
0.015411184327268623,1.910786971083348,0.2343031241650001,0.0004478082798175943,0.0,0.047580915594492526,2026-05-20,V5
-0.05103780497691346,1.813264598300769,0.11459085712080846,0.00020780735732929597,0.0,0.04788940399352099,2026-05-21,V5
0.023182772074152647,1.8553010981933056,0.2395393754419377,0.0004445241473545917,0.0,1.5040732268411134e-14,2026-05-22,V5
0.058770691757141114,1.9643384271519095,0.25618270366789786,0.0005033584809230793,0.0,0.18285150122356184,2026-05-25,V5
-0.013043224677802945,1.938717119703325,0.3395321204373841,0.0006584803097969793,0.0,0.0471051996857193,2026-05-26,V5
-0.003554001242420002,1.9318269166511985,0.26285096115979556,0.0005079160680628106,0.0,1.8256973855880907e-14,2026-05-27,V5
0.008366658286684814,1.947989852331839,0.3288314225106697,0.0006407709798114231,0.0,2.4900045929188798e-14,2026-05-28,V5
-0.04823740227136164,1.8540238822043777,0.36230389241509753,0.0006719635241535583,0.0,0.09051819222406539,2026-05-29,V5
-0.046128245759906705,1.768501012921318,0.2429051690549246,0.000429682409595801,0.0,0.04792858655008803,2026-06-01,V5
0.008646984391571078,1.7837932135765262,0.12881639009565438,0.00022981140592576887,0.0,2.0815052970640513e-14,2026-06-02,V5
0.02922201670836011,1.8359192486679188,0.2402046293556797,0.0004411022574574958,0.0,0.04732823195058672,2026-06-03,V5
0.03718859128429819,1.9041944992376056,0.23293678591443423,0.00044366029121062594,0.0,0.19884952597886088,2026-06-04,V5
-0.044378544789015595,1.8196891183661925,0.3785419872983824,0.0006890895844723126,0.0,1.837708945420374e-14,2026-06-05,V5
-0.046007508449154355,1.7359697558781257,0.02244039542304809,3.8956721968602765e-05,0.0,1.7347482335620537e-14,2026-06-08,V5
0.06265926208103934,1.8447443397764511,0.44621663415457463,0.0008235230798675983,0.0,0.08919388329848628,2026-06-09,V5
-0.026875611935996746,1.7951657067794926,0.34403083454583927,0.000617804900186818,0.0,0.04793771238413246,2026-06-10,V5
0.002662875409434662,1.7999460093959363,0.3226505640491426,0.0005809410361425929,0.0,2.306727381779537e-14,2026-06-11,V5
-0.022327050549999616,1.7597585238568831,0.12456658209710895,0.00021923441391472512,0.0,1.8782360065977216e-14,2026-06-12,V5
0.04511664644304281,1.839152927002865,0.4015675750739646,0.0007388408756255153,0.0,0.04459190749739235,2026-06-15,V5
-7.390482034963508e-05,1.8390170047361993,0.4997854093744571,0.0009195734559548036,0.0,2.8391920753599136e-14,2026-06-16,V5
0.062224699399848094,1.9534492850471183,0.5088616445961228,0.0009945414998474287,0.0,0.16953719862824396,2026-06-17,V5
0.011825687728394874,1.976550166285342,0.4137634463626152,0.0008181627345435536,0.0,1.182104177078667e-14,2026-06-18,V5
0.04568943282898963,2.0668576223409643,0.5114267262999899,0.0010575871058333337,0.0,0.19660643423645563,2026-06-22,V5
-0.0188752176562762,2.027845234854745,0.27306092377238256,0.0005538765351352007,0.0,0.047568133760115705,2026-06-23,V5
0.04758437962095341,2.1243389923226146,0.46493874934129525,0.0009881469420708355,0.0,0.170032437136351,2026-06-24,V5
0.04840306669033079,2.227163514240876,0.24183339437703427,0.0005387327960622894,0.0,0.24229938942974885,2026-06-25,V5
0.007544762424791962,2.243966933836988,0.324067083157129,0.0007274315555720098,0.0,1.2899007094258815e-14,2026-06-26,V5
0.033048264980485964,2.3181261476738815,0.23907494741692484,0.0005543384152884179,0.0,0.1592619905316958,2026-06-29,V5
0.019161012997968685,2.3625437929203916,0.342499614424021,0.0008094475736169585,0.0,2.299948288871305e-14,2026-06-30,V5
-0.015543322421557981,2.3258220130119795,0.13459666382519786,0.0003130900244753897,0.0,0.04482672258112323,2026-07-01,V5
-0.08364786676243707,2.1312719631544104,0.28215732490096246,0.0006015237200837944,0.0,0.27572782306579524,2026-07-02,V5
-0.0007556840245469543,2.1296613949798897,0.4366269961496992,0.0009302738403785685,0.0,0.048473983719435725,2026-07-03,V5
0.0007246231623123656,2.1312045969545745,0.3310772063328069,0.0007058269472972219,0.0,0.04732810874862906,2026-07-06,V5
-0.028960822644383155,2.069483158603279,0.2429315067168968,0.0005028648235539982,0.0,1.593148386200569e-14,2026-07-07,V5
-0.026812305899129085,2.013995543101712,0.2724896967330407,0.0005489426159684302,0.0,0.0907638012127831,2026-07-08,V5
0.07872521724554415,2.172547779763952,0.20772891798028784,0.000451394767297435,0.0,0.23866705449599881,2026-07-09,V5
-0.03665534529094261,2.0929122907356335,0.3721446171207078,0.0007791560018150086,0.0,0.09520464613412438,2026-07-10,V5
-0.07235457353424535,1.9414805144948761,0.3757584466544397,0.0007298019315766318,0.0,0.2563936772670772,2026-07-13,V5
0.02262068030281572,1.985398124527411,0.6156569012520458,0.0012230770529265665,0.0,8.109516626886462e-15,2026-07-14,V5
-0.0604638955227611,1.8653532197548999,0.38120827484595804,0.0007113592589170061,0.0,0.22858337781779142,2026-07-15,V5
-0.04923330726418507,1.77351571153047,0.4953744266152201,0.0008789897577397317,0.0,0.08397807265862711,2026-07-16,V5
-0.07652725581679853,1.6377934209790663,0.7305082101869507,0.0011972961753014637,0.0,0.026491885523494255,2026-07-17,V5
-0.025252630652694008,1.5964348286336698,0.6613392537296279,0.0010564837123464782,0.0,0.03760290510400844,2026-07-20,V5
0.02150333610234023,1.6307635033192616,0.35538915326586706,0.0005797617016417537,0.0,2.158314013947644e-14,2026-07-21,V5
0.0031078408499913834,1.6358316567515523,0.6499050010108688,0.00106382656073676,0.0,1.0983647570502202e-15,2026-07-22,V5
0.008076587188967643,1.6490435937537795,0.40943689649943243,0.0006754558477648496,0.0,1.8851206631339324e-14,2026-07-23,V5
-0.011012999599999795,1.6308826773153868,0.10646084293649641,0.0001736436308048322,0.0,6.548510406944626e-15,2026-07-24,V5
6.69351694491116e-05,1.6309918407237447,0.10579655419609489,0.00017257157414841533,0.0,1.2451004140157145e-14,2026-07-27,V5
0.0118943373162681,1.650391407837394,0.2068095335212211,0.0003413872793262704,0.0,2.446102645759488e-15,2026-07-28,V5
0.013852729504099326,1.673253833586055,0.20789672984579669,0.00034793633503073116,0.0,1.4521763823832418e-15,2026-07-29,V5
0.016627939849999773,1.7010765976847055,0.10583887816256636,0.00018005909602027023,0.0,7.367558180387427e-15,2026-07-30,V5
-0.0020760670067005993,1.6975450486843817,0.10787935642585947,0.00018314982544127348,0.0,2.27217676211488e-14,2026-07-31,V5
0.0006982834566913176,1.6987304163088663,0.00801088522042945,1.3608443401180782e-05,0.0,1.8345408876563124e-14,2026-08-03,V5
-0.020229450414875116,1.664366033583906,0.007246965549313811,1.2061690717487736e-05,0.0,1.6978415546792173e-14,2026-08-04,V5
-0.0069786932920123945,1.6527509335098807,0.10582066090720325,0.00017491370558293923,0.0,2.7095707423609877e-14,2026-08-05,V5
-0.003509130586941245,1.6469512146565055,0.2061115175618713,0.00033952559433871987,0.0,8.951483049169085e-15,2026-08-06,V5
-0.006944628624274918,1.6355137501084176,0.10378869985463239,0.0001697654654550666,0.0,1.9574954838260918e-14,2026-08-07,V5
0.010067628349999858,1.6519794947058237,0.207984042012205,0.0003436568477704617,0.0,8.418094298356728e-15,2026-08-10,V5
-0.013768365953618411,1.6292344364748403,0.7085257474647337,0.0011551730167237459,0.0,1.9282845444136376e-14,2026-08-11,V5
0.003560898920215827,1.635035975620462,0.20811652211895373,0.00034034883300093237,0.0,2.621261350056636e-14,2026-08-12,V5
-0.0145485195960805,1.6112486226888512,0.3067901593701817,0.0004944669193246813,0.0,1.4790784474465002e-14,2026-08-13,V5
-0.0010118704629535902,1.6096182477990777,0.40606655959213955,0.0006538776619930992,0.0,1.365516139742053e-14,2026-08-14,V5
0.012838333033438287,1.6302830629210217,0.9556225427702777,0.0015594254681550424,0.0,0.05000000000001834,2026-08-17,V5
-0.011012183021884558,1.612330087454657,1.057269185085163,0.001706471116978694,0.0,2.5648235894295796e-14,2026-08-18,V5
-0.07197704535860572,1.4962793316168883,0.6334140599190105,0.0009483650739841543,0.0,0.09045453029401147,2026-08-19,V5
0.002503724274707686,1.5000256025012009,0.7320869281870025,0.0010989536651499013,0.0,8.358188727767291e-15,2026-08-20,V5
0.01906184456217508,1.5286188573753616,0.6170059732064522,0.000943749264690143,0.0,1.921658326960103e-14,2026-08-21,V5
-0.033227623499999415,1.4778264855074938,0.9541981557736321,0.0014114861445006614,0.0,0.9541544099962199,2026-08-24,V5
-0.00015727636816242896,1.477594058325079,0.04573914953417668,6.758698695584471e-05,0.0,1.0,2026-08-25,V5
0.0,1.477594058325079,0.0,0.0,0.0,1.0,2026-08-26,V5
0.0,1.477594058325079,0.0,0.0,0.0,1.0,2026-08-27,V5
0.0,1.477594058325079,0.0,0.0,0.0,1.0,2026-08-28,V5
